CustomerID,predicted_clv_90d,Recency,Frequency,Monetary,R,F,M,RFM_Score,Segment
14156.0,55974.44840936513,10,156,313437.62,5,5,5,15,Champions
14646.0,55974.44840936513,2,151,528602.52,5,5,5,15,Champions
13694.0,55919.060222328095,4,143,195640.69,5,5,5,15,Champions
14911.0,55867.41562880958,1,398,291420.81,5,5,5,15,Champions
18102.0,55741.964268951466,1,145,580987.04,5,5,5,15,Champions
17511.0,55168.797720962044,3,60,172132.87,5,5,5,15,Champions
17450.0,54838.90943203264,8,51,244784.25,5,5,5,15,Champions
16446.0,54740.01902147709,1,2,168472.5,5,2,5,12,Potential Loyalists
15061.0,54423.55238185949,4,127,126389.02,5,5,5,15,Champions
16684.0,54334.3502065176,4,55,147142.77,5,5,5,15,Champions
12415.0,53823.3522495825,24,28,144458.37,4,5,5,14,Champions
15311.0,42023.00128894926,1,208,114966.42,5,5,5,15,Champions
17949.0,41874.87540834579,1,118,117314.08,5,5,5,15,Champions
13089.0,41239.323528924004,3,203,113416.91,5,5,5,15,Champions
16029.0,40904.990170545534,39,107,117763.62,4,5,5,14,Champions
14298.0,19118.397854837356,8,82,91194.49,5,5,5,15,Champions
12931.0,17928.460230039804,22,57,92347.34,4,5,5,14,Champions
15769.0,16815.013055671214,7,46,88612.52,5,5,5,15,Champions
17841.0,12813.22935770078,2,211,68545.25,5,5,5,15,Champions
12748.0,12766.358776353978,1,336,53539.64,5,5,5,15,Champions
13798.0,12741.05150569142,1,110,75428.87,5,5,5,15,Champions
17389.0,12231.795415154891,1,61,57215.33,5,5,5,15,Champions
16705.0,12157.413344821402,1,42,43515.051,5,5,5,15,Champions
13408.0,11866.92577621812,2,106,50174.782,5,5,5,15,Champions
13777.0,11766.77509681795,1,61,49638.26,5,5,5,15,Champions
17675.0,11694.26769441101,1,70,37642.48,5,5,5,15,Champions
13081.0,11683.093115397727,12,28,56838.37,5,5,5,15,Champions
12471.0,11480.043064506306,2,79,39918.19,5,5,5,15,Champions
17404.0,11383.472577158343,4,23,47781.12,5,5,5,15,Champions
14096.0,11358.975646135097,4,17,65164.79,5,5,5,15,Champions
17677.0,11254.024742847667,2,54,35058.46,5,5,5,15,Champions
13881.0,11236.743214711689,4,43,45179.1,5,5,5,15,Champions
15039.0,11047.567644939772,10,93,39141.48,5,5,5,15,Champions
16013.0,11030.904362437734,4,84,56078.44,5,5,5,15,Champions
12921.0,10817.867882031544,9,74,35233.24,5,5,5,15,Champions
15838.0,10814.238477133049,11,34,73205.5,5,5,5,15,Champions
14031.0,10763.556137154164,7,44,39019.51,5,5,5,15,Champions
16422.0,10608.11226024655,17,109,61920.87,5,5,5,15,Champions
14680.0,10063.39431778193,25,58,55688.5,4,5,5,14,Champions
14088.0,9774.923088466729,10,16,64036.8,5,5,5,15,Champions
12678.0,8909.731557881778,42,21,34281.18,4,5,5,14,Champions
17381.0,8583.113319683644,9,38,36398.65,5,5,5,15,Champions
17850.0,8525.327061870275,372,155,51208.87,2,5,5,12,Loyal Customers
13767.0,8439.346150673244,2,73,33903.57,5,5,5,15,Champions
14606.0,7834.791927084478,1,192,29951.37,5,5,5,15,Champions
14527.0,7454.745862354753,3,122,27246.88,5,5,5,15,Champions
13093.0,7431.638076897419,276,55,54144.25,2,5,5,12,Loyal Customers
12346.0,7151.5496001164165,326,12,77556.46,2,5,5,12,Loyal Customers
16779.0,7081.456854807991,2,53,32809.03,5,5,5,15,Champions
16210.0,6831.960234812244,2,35,33750.97,5,5,5,15,Champions
17428.0,6815.017078736076,1,45,31466.760000000002,5,5,5,15,Champions
13098.0,6791.347220729654,1,28,28882.44,5,5,5,15,Champions
15856.0,6781.608157509131,4,52,32275.95,5,5,5,15,Champions
12901.0,6608.676918692391,9,28,17654.54,5,5,5,15,Champions
16754.0,6398.400007874586,372,29,65500.07,2,5,5,12,Loyal Customers
16000.0,5981.304229050232,3,3,12393.7,5,3,5,13,Loyal Customers
13078.0,5870.261742618545,3,57,29018.06,5,5,5,15,Champions
16333.0,5704.416190303739,8,22,26626.8,5,5,5,15,Champions
15098.0,5558.889560731617,182,3,39916.5,3,3,5,11,Loyal Customers
15749.0,5539.291416837548,235,3,44534.3,2,3,5,10,Loyal Customers
14258.0,5455.225449433579,9,25,32051.34,5,5,5,15,Champions
12681.0,5302.480720081111,15,45,29834.76,5,5,5,15,Champions
12753.0,5223.51118486984,23,6,21429.39,4,4,5,13,Champions
15498.0,5021.903796799264,3,44,24972.86,5,5,5,15,Champions
17865.0,5000.533344341912,31,46,26312.190000000002,4,5,5,14,Champions
12971.0,4952.080404436737,4,116,15704.6,5,5,5,15,Champions
12357.0,4937.1811494317135,33,3,18287.66,4,3,5,12,Loyal Customers
12709.0,4900.251669444649,15,34,30291.76,5,5,5,15,Champions
15159.0,4756.540050551411,2,34,22116.73,5,5,5,15,Champions
15189.0,4751.812656121672,1,46,17524.38,5,5,5,15,Champions
12454.0,4745.911789273363,56,5,16679.78,4,4,5,13,Champions
16525.0,4647.46413200425,2,48,24151.3,5,5,5,15,Champions
12744.0,4646.12480981513,52,11,25317.06,4,5,5,14,Champions
17857.0,4616.579468009393,4,24,27347.04,5,5,5,15,Champions
15513.0,4493.313515645467,33,35,26437.05,4,5,5,14,Champions
14895.0,4460.617894012923,8,38,25119.54,5,5,5,15,Champions
12621.0,4327.627695794425,2,35,24311.2,5,5,5,15,Champions
16133.0,4280.4862478374025,4,56,22992.260000000002,5,5,5,15,Champions
12731.0,4160.27742973106,24,17,25775.71,4,5,5,14,Champions
17243.0,4159.268209539351,1,69,20203.58,5,5,5,15,Champions
13001.0,4116.549720332853,4,33,24042.65,5,5,5,15,Champions
13199.0,4011.7831525017086,4,67,15964.210000000001,5,5,5,15,Champions
17920.0,3981.053677715473,4,54,23581.78,5,5,5,15,Champions
14866.0,3960.7854648729276,11,19,20746.54,5,5,5,15,Champions
17940.0,3942.5220481089714,49,16,30306.79,4,5,5,14,Champions
14062.0,3923.9216377751713,10,24,25585.65,5,5,5,15,Champions
12433.0,3906.573325035251,1,10,16794.14,5,5,5,15,Champions
12536.0,3870.6881365704776,43,3,12601.830000000002,4,3,5,12,Loyal Customers
13902.0,3710.4039081434835,632,5,34095.26,1,4,5,10,Loyal Customers
13319.0,3618.1245028605763,5,58,21323.22,5,5,5,15,Champions
12451.0,3583.7936332229424,11,8,12669.88,5,4,5,14,Champions
12682.0,3565.0739136120073,4,52,22950.22,5,5,5,15,Champions
12409.0,3562.0731008742446,79,7,23419.29,3,4,5,12,Loyal Customers
12477.0,3554.2699817963417,23,9,20276.37,4,5,5,14,Champions
17377.0,3533.3329711992105,24,78,17644.27,4,5,5,14,Champions
14277.0,3519.539615824778,15,9,17197.61,5,5,5,15,Champions
15640.0,3488.646987740262,4,29,23494.31,5,5,5,15,Champions
16839.0,3396.998168262853,9,44,21758.25,5,5,5,15,Champions
18251.0,3362.778798614489,87,9,26278.86,3,5,5,13,Loyal Customers
14667.0,3283.398173760731,11,54,20395.34,5,5,5,15,Champions
15615.0,3170.5906061347487,10,47,21373.97,5,5,5,15,Champions
14607.0,3121.9573306188845,16,22,23763.13,5,5,5,15,Champions
17735.0,3117.319758672142,2,26,16790.33,5,5,5,15,Champions
13468.0,3116.449063108854,2,72,12793.28,5,5,5,15,Champions
14051.0,3107.2126530279656,1,37,21770.98,5,5,5,15,Champions
15078.0,3099.639552991431,7,53,17286.73,5,5,5,15,Champions
12557.0,3049.4233333071757,16,8,18096.14,5,4,5,14,Champions
13340.0,3033.8438269540325,45,12,22100.56,4,5,5,14,Champions
12435.0,2995.448230702748,80,6,13925.93,3,4,5,12,Loyal Customers
12540.0,2970.131951918355,20,33,22254.49,4,5,5,14,Champions
15502.0,2959.5073083358493,16,14,13003.869999999999,5,5,5,15,Champions
18139.0,2952.6068282482624,18,6,8438.34,5,4,5,14,Champions
14769.0,2950.3858535749087,3,17,15514.11,5,5,5,15,Champions
17706.0,2949.9269648672034,4,31,20272.15,5,5,5,15,Champions
17581.0,2943.4344615975215,1,43,17951.17,5,5,5,15,Champions
13113.0,2932.2250251917,1,37,18230.07,5,5,5,15,Champions
14194.0,2873.020657426111,5,36,18670.59,5,5,5,15,Champions
16746.0,2869.4052326778515,5,42,18046.75,5,5,5,15,Champions
12476.0,2867.73537479498,16,23,14083.91,5,5,5,15,Champions
14733.0,2850.0741372315997,16,15,14335.15,5,5,5,15,Champions
17139.0,2781.502909184715,16,25,19566.76,5,5,5,15,Champions
17340.0,2720.8472919453275,30,18,19617.95,4,5,5,14,Champions
17107.0,2719.3345528486893,33,10,16052.72,4,5,5,14,Champions
18008.0,2715.000260325571,70,23,19759.079999999998,3,5,5,13,Loyal Customers
16652.0,2706.038767419976,59,16,17550.39,4,5,5,14,Champions
18172.0,2703.814334676701,15,52,17467.24,5,5,5,15,Champions
17133.0,2696.4397592786127,16,12,14622.33,5,5,5,15,Champions
14936.0,2674.975965856083,34,12,12410.81,4,5,5,14,Champions
14049.0,2664.061568743226,17,13,13023.4,5,5,5,15,Champions
13458.0,2638.3580368286316,7,16,11959.27,5,5,5,15,Champions
15251.0,2614.3168881247916,9,21,20324.54,5,5,5,15,Champions
16549.0,2609.554491155531,10,34,12781.8,5,5,5,15,Champions
13090.0,2599.3636742773824,9,24,13091.74,5,5,5,15,Champions
16182.0,2584.6047932408756,72,9,9971.65,3,5,5,13,Loyal Customers
13316.0,2584.4849018714112,37,10,12940.82,4,5,5,14,Champions
17315.0,2518.2639235199176,2,43,9599.58,5,5,5,15,Champions
13802.0,2514.7140721886353,139,19,26259.11,3,5,5,13,Loyal Customers
12668.0,2508.9895218503416,12,10,11383.03,5,5,5,15,Champions
16843.0,2484.0928822716814,43,35,19571.43,4,5,5,14,Champions
14056.0,2483.475728833746,1,23,8152.71,5,5,5,15,Champions
16191.0,2482.470696271037,3,24,15677.82,5,5,5,15,Champions
12705.0,2479.806918333053,15,14,11762.1,5,5,5,15,Champions
12939.0,2474.038795000497,64,20,25264.8,3,5,5,13,Loyal Customers
15005.0,2468.201614308757,16,56,13754.58,5,5,5,15,Champions
12481.0,2461.1445819504784,23,15,12185.51,4,5,5,14,Champions
17811.0,2440.545183861157,4,47,9519.8,5,5,5,15,Champions
12714.0,2425.678466429691,9,12,14093.71,5,5,5,15,Champions
12539.0,2409.57179418405,22,7,11214.75,4,4,5,13,Champions
16180.0,2409.3708214724256,100,13,16249.87,3,5,5,13,Loyal Customers
18092.0,2399.887979966167,2,18,14693.72,5,5,5,15,Champions
13263.0,2394.7021786038727,1,39,8676.2,5,5,5,15,Champions
16161.0,2383.0582328396,2,43,12580.06,5,5,5,15,Champions
16873.0,2369.866200200844,5,12,14617.39,5,5,5,15,Champions
14735.0,2341.5932802258867,4,56,12240.16,5,5,5,15,Champions
16984.0,2341.1659037076606,88,9,10350.53,3,5,5,13,Loyal Customers
13225.0,2340.116172657716,3,16,16260.07,5,5,5,15,Champions
14849.0,2319.3095514615356,22,43,15407.61,4,5,5,14,Champions
12798.0,2308.1809367775927,10,4,8510.93,5,3,5,13,Loyal Customers
15382.0,2306.523843040985,15,12,13733.550000000001,5,5,5,15,Champions
17757.0,2304.5794821251197,1,56,9074.05,5,5,5,15,Champions
16672.0,2302.742809690227,2,20,8134.9400000000005,5,5,5,15,Champions
13102.0,2292.3509380980454,1,37,11380.1,5,5,5,15,Champions
15358.0,2281.922560531009,5,42,16425.86,5,5,5,15,Champions
13969.0,2276.974162821654,7,35,12973.460000000001,5,5,5,15,Champions
17416.0,2271.097663041169,30,22,17298.45,4,5,5,14,Champions
14952.0,2263.494025910222,60,32,17629.35,3,5,5,13,Loyal Customers
16168.0,2263.448477102133,11,66,10360.67,5,5,5,15,Champions
16126.0,2226.136313483437,29,15,14644.6,4,5,5,14,Champions
12472.0,2219.9598502610975,32,19,16249.289999999999,4,5,5,14,Champions
15786.0,2211.3563014173637,46,5,8501.62,4,4,5,13,Champions
18087.0,2204.5902230744277,98,17,14761.519999999999,3,5,5,13,Loyal Customers
16558.0,2198.862738990868,1,38,13304.11,5,5,5,15,Champions
16729.0,2194.9528166597333,38,21,7205.33,4,5,5,14,Champions
16019.0,2185.383883945341,47,27,17329.16,4,5,5,14,Champions
12583.0,2182.2345553965383,3,27,13591.58,5,5,5,15,Champions
17044.0,2163.007460991205,25,12,11962.3,4,5,5,14,Champions
12647.0,2160.337088646843,22,36,16955.55,4,5,5,14,Champions
15482.0,2155.4421235715668,16,19,14417.36,5,5,5,15,Champions
12949.0,2152.027814677598,31,22,15526.7,4,5,5,14,Champions
15601.0,2150.6520416982307,11,30,14191.74,5,5,5,15,Champions
13680.0,2145.920220324441,1,12,11419.67,5,5,5,15,Champions
17589.0,2140.1337877198603,60,18,13837.94,3,5,5,13,Loyal Customers
14505.0,2136.9599803741708,17,19,11879.08,5,5,5,15,Champions
15125.0,2132.2554846334765,25,24,17024.87,4,5,5,14,Champions
16656.0,2130.366783407415,22,30,16833.170000000002,4,5,5,14,Champions
12437.0,2129.0333312195917,2,39,12683.4,5,5,5,15,Champions
16814.0,2128.945304910562,14,36,11924.85,5,5,5,15,Champions
18225.0,2123.5533137038087,3,26,13014.8,5,5,5,15,Champions
12359.0,2114.823729316108,58,10,8873.39,4,5,5,14,Champions
13069.0,2107.2085127350892,1,38,9284.45,5,5,5,15,Champions
12497.0,2102.697987311179,82,3,6248.5,3,3,5,11,Loyal Customers
16258.0,2096.7846260651304,45,15,11942.52,4,5,5,14,Champions
17716.0,2095.3377708531743,23,24,15956.97,4,5,5,14,Champions
15497.0,2088.782015167233,18,9,8657.39,5,5,5,15,Champions
18109.0,2086.787040256949,2,38,9555.71,5,5,5,15,Champions
12567.0,2085.6397266496615,23,15,11767.48,4,5,5,14,Champions
14299.0,2084.668287817582,8,27,14070.25,5,5,5,15,Champions
15044.0,2084.540255032704,19,35,16024.15,5,5,5,15,Champions
16532.0,2056.135943004609,18,5,8756.64,5,4,5,14,Champions
13668.0,2052.2230984292482,3,35,12948.48,5,5,5,15,Champions
12823.0,2042.7075934478842,75,18,6501.5,3,5,5,13,Loyal Customers
12758.0,2039.3890918376976,117,7,9903.24,3,4,5,12,Loyal Customers
14286.0,2035.7574415839247,24,7,8479.76,4,4,5,13,Champions
17017.0,2033.241836057855,3,29,12576.99,5,5,5,15,Champions
16923.0,2030.9766384764764,12,32,13157.130000000001,5,5,5,15,Champions
14415.0,2018.7069595466842,1,23,11980.09,5,5,5,15,Champions
17306.0,2004.8195936042086,11,21,9782.35,5,5,5,15,Champions
12766.0,2004.4040899352624,4,9,8918.99,5,5,5,15,Champions
18223.0,2003.173136289199,5,26,14000.85,5,5,5,15,Champions
17364.0,2002.6424895669516,1,28,11972.92,5,5,5,15,Champions
15299.0,1999.3066509577482,67,10,6156.53,3,5,5,13,Loyal Customers
17338.0,1998.5858900147239,17,17,11889.33,5,5,5,15,Champions
14367.0,1998.278830010043,8,16,9227.82,5,5,5,15,Champions
14961.0,1991.8256886582008,11,22,16410.15,5,5,5,15,Champions
12474.0,1991.6584449919926,17,31,12372.75,5,5,5,15,Champions
15372.0,1984.4674132025086,137,8,6017.06,3,4,5,12,Loyal Customers
14145.0,1983.7570640228316,47,7,7600.05,4,4,5,13,Champions
13097.0,1975.7350824954951,33,28,13324.1,4,5,5,14,Champions
14426.0,1970.4001896007196,24,17,11727.94,4,5,5,14,Champions
14110.0,1969.0265602912614,4,33,12987.95,5,5,5,15,Champions
13488.0,1966.8731237573643,17,23,14205.96,5,5,5,15,Champions
17457.0,1966.0734226506922,127,14,5984.8099999999995,3,5,5,13,Loyal Customers
12989.0,1963.6642563930764,3,33,13551.75,5,5,5,15,Champions
14543.0,1956.227125689461,29,39,14587.87,4,5,5,14,Champions
15194.0,1953.6990442874624,3,28,12021.53,5,5,5,15,Champions
16303.0,1953.059151389151,26,7,7928.27,4,4,5,13,Champions
15738.0,1943.8205431817394,19,41,13043.32,5,5,5,15,Champions
15694.0,1938.2722902588962,1,24,9978.48,5,5,5,15,Champions
13534.0,1938.0994464596183,2,35,7720.9,5,5,5,15,Champions
15093.0,1935.857272105073,18,23,13702.38,5,5,5,15,Champions
16033.0,1929.2582286407464,6,27,10608.81,5,5,5,15,Champions
16713.0,1928.101883541374,19,32,14115.56,5,5,5,15,Champions
12757.0,1925.513998908173,16,13,7834.650000000001,5,5,5,15,Champions
15144.0,1924.3187521551968,8,29,12160.31,5,5,5,15,Champions
12683.0,1924.1846173991419,4,21,11633.7,5,5,5,15,Champions
16523.0,1908.776483449862,2,28,11916.33,5,5,5,15,Champions
17593.0,1900.7172595894629,4,11,8092.32,5,5,5,15,Champions
15291.0,1900.539884995897,26,40,13517.76,4,5,5,14,Champions
13869.0,1896.070725346324,123,10,7996.87,3,5,5,13,Loyal Customers
17858.0,1893.8248396005886,6,30,12518.65,5,5,5,15,Champions
12720.0,1885.6446134048929,3,30,7787.28,5,5,5,15,Champions
15023.0,1881.1338705770004,3,20,11578.65,5,5,5,15,Champions
12841.0,1867.632546920199,5,40,6958.2,5,5,5,15,Champions
16353.0,1865.3225495399877,4,38,9795.460000000001,5,5,5,15,Champions
13629.0,1863.817037120347,23,19,13370.86,4,5,5,14,Champions
17509.0,1862.3104662450519,58,8,6083.64,4,5,5,14,Champions
14739.0,1850.4198850497096,4,25,11573.62,5,5,5,15,Champions
14063.0,1847.0382740669666,438,9,22710.2,1,5,5,11,Loyal Customers
13854.0,1841.2205854020594,9,39,11944.56,5,5,5,15,Champions
14175.0,1839.5579214070333,60,8,7678.88,3,4,5,12,Loyal Customers
13139.0,1837.0155404595228,16,8,8202.98,5,4,5,14,Champions
17068.0,1830.805356257901,12,47,8987.68,5,5,5,15,Champions
18229.0,1830.0534232504212,12,28,10150.51,5,5,5,15,Champions
13178.0,1828.0182035472303,26,21,14059.19,4,5,5,14,Champions
13013.0,1824.4180190576606,1,29,11097.43,5,5,5,15,Champions
17686.0,1823.5560138532041,7,9,8296.81,5,5,5,15,Champions
15465.0,1819.7499563152703,20,32,12100.4,4,5,5,14,Champions
15218.0,1810.380424448127,11,22,11468.83,5,5,5,15,Champions
13418.0,1809.4171210255831,12,31,11559.66,5,5,5,15,Champions
14796.0,1803.6205664396616,1,27,10169.33,5,5,5,15,Champions
13599.0,1801.7709635160898,1,33,9811.04,5,5,5,15,Champions
16253.0,1799.816601610087,67,7,7272.2,3,4,5,12,Loyal Customers
18055.0,1799.4975763985333,7,14,10142.64,5,5,5,15,Champions
17809.0,1798.3103553544315,16,20,10085.89,5,5,5,15,Champions
14016.0,1792.327329665988,162,11,11403.41,3,5,5,13,Loyal Customers
18226.0,1781.5248180276074,44,26,11878.88,4,5,5,14,Champions
13050.0,1776.4903521484648,15,35,11986.52,5,5,5,15,Champions
15290.0,1775.984519328222,5,26,10496.28,5,5,5,15,Champions
13004.0,1771.7871248503557,12,36,11650.85,5,5,5,15,Champions
12428.0,1770.7242331656337,26,9,7956.46,4,5,5,14,Champions
12747.0,1765.1658384782002,2,26,8898.48,5,5,5,15,Champions
12590.0,1759.401737614628,211,2,9864.26,2,2,5,9,At Risk - Low Value
14040.0,1752.8672146860606,41,35,12523.81,4,5,5,14,Champions
14422.0,1737.0143018165074,1,19,10271.52,5,5,5,15,Champions
15523.0,1735.6829491454243,84,16,17259.19,3,5,5,13,Loyal Customers
15296.0,1733.5864745663546,51,12,10323.03,4,5,5,14,Champions
14688.0,1733.130525087805,8,28,7190.42,5,5,5,15,Champions
13373.0,1730.5523161651704,61,6,7587.1900000000005,3,4,5,12,Loyal Customers
13426.0,1726.0341479631838,1,22,8167.38,5,5,5,15,Champions
16938.0,1724.6197496199973,9,9,6995.360000000001,5,5,5,15,Champions
15298.0,1724.2327403556994,2,23,9061.77,5,5,5,15,Champions
13985.0,1721.7894784537934,4,22,10020.86,5,5,5,15,Champions
17730.0,1715.6326053417226,3,20,7773.8,5,5,5,15,Champions
14755.0,1712.7056825135048,10,25,9972.550000000001,5,5,5,15,Champions
15950.0,1711.2488260994623,32,10,7120.91,4,5,5,14,Champions
16985.0,1709.889514097084,17,23,10923.16,5,5,5,15,Champions
14395.0,1709.4174543129768,2,20,7801.93,5,5,5,15,Champions
16701.0,1706.129445001689,9,26,9916.73,5,5,5,15,Champions
14085.0,1705.2342561933501,2,33,9720.67,5,5,5,15,Champions
15555.0,1704.0825286644222,12,36,11243.91,5,5,5,15,Champions
12490.0,1700.8433458316313,5,21,9823.64,5,5,5,15,Champions
12839.0,1699.375858332116,3,26,9669.12,5,5,5,15,Champions
16401.0,1698.1455483456643,1,23,6849.15,5,5,5,15,Champions
15874.0,1696.6303958996266,64,21,11284.76,3,5,5,13,Loyal Customers
15547.0,1693.670274255394,7,26,10057.05,5,5,5,15,Champions
12380.0,1682.1345541064,22,11,9676.300000000001,4,5,5,14,Champions
13815.0,1680.2834555693603,22,8,7475.74,4,4,5,13,Champions
13267.0,1676.8668405197925,3,36,9429.81,5,5,5,15,Champions
13576.0,1672.9554020777712,10,28,11202.59,5,5,5,15,Champions
12830.0,1672.889319183052,38,6,6814.64,4,4,5,13,Champions
15270.0,1672.219098278297,16,21,8524.86,5,5,5,15,Champions
13953.0,1666.8319762761457,7,12,6640.68,5,5,5,15,Champions
14291.0,1666.3869235230343,2,23,7904.1,5,5,5,15,Champions
13018.0,1665.42130361685,16,35,9763.16,5,5,5,15,Champions
14709.0,1657.572862359545,15,25,8886.33,5,5,5,15,Champions
13756.0,1652.1739388369285,2,23,8655.95,5,5,5,15,Champions
14060.0,1650.72586814664,5,30,8898.24,5,5,5,15,Champions
14135.0,1649.0737003600696,2,24,8839.67,5,5,5,15,Champions
17049.0,1648.6449230035525,3,19,9942.53,5,5,5,15,Champions
18061.0,1641.8621888387604,22,28,6083.81,4,5,5,14,Champions
15981.0,1640.50415515521,25,21,9362.77,4,5,5,14,Champions
15805.0,1635.9628031515404,23,30,10148.93,4,5,5,14,Champions
16782.0,1634.371102829687,10,38,9636.12,5,5,5,15,Champions
13269.0,1631.531190015998,1,28,8537.32,5,5,5,15,Champions
12664.0,1630.9242539582372,8,11,6070.04,5,5,5,15,Champions
12431.0,1627.1108570710314,36,27,10432.22,4,5,5,14,Champions
13324.0,1623.7535748216899,36,18,10513.47,4,5,5,14,Champions
13520.0,1620.407108506125,59,11,6606.0,4,5,5,14,Champions
15955.0,1618.3147099552134,24,22,8085.9800000000005,4,5,5,14,Champions
16187.0,1617.482002111818,32,15,6911.4400000000005,4,5,5,14,Champions
13999.0,1617.4704987635066,10,29,9502.26,5,5,5,15,Champions
14113.0,1616.5525330976905,4,16,7092.610000000001,5,5,5,15,Champions
16670.0,1612.5241736407431,17,20,8030.150000000001,5,5,5,15,Champions
14045.0,1612.338721292604,109,16,10986.63,3,5,5,13,Loyal Customers
13027.0,1608.6189715592889,114,19,17239.2,3,5,5,13,Loyal Customers
16722.0,1608.1490989896013,17,22,8189.56,5,5,5,15,Champions
13941.0,1606.4424825004608,22,15,10027.18,4,5,5,14,Champions
12613.0,1605.8730968303316,57,10,6817.37,4,5,5,14,Champions
17396.0,1600.8870283123604,39,14,8409.6,4,5,5,14,Champions
18041.0,1600.0641713269247,12,38,8018.7699999999995,5,5,5,15,Champions
14101.0,1596.0763273345437,74,13,9961.93,3,5,5,13,Loyal Customers
16327.0,1587.2890268813303,14,16,10159.64,5,5,5,15,Champions
15570.0,1584.7353659581208,7,25,8736.49,5,5,5,15,Champions
13183.0,1581.7969065099462,8,15,7036.18,5,5,5,15,Champions
18260.0,1579.2536643605374,173,23,9947.26,3,5,5,13,Loyal Customers
17739.0,1577.1013106085436,12,18,7730.59,5,5,5,15,Champions
12524.0,1577.0171030594404,9,17,11126.11,5,5,5,15,Champions
15719.0,1570.140118253508,33,31,10195.97,4,5,5,14,Champions
15971.0,1561.8247537414316,18,18,5902.83,5,5,5,15,Champions
17576.0,1561.790084157468,8,41,8711.95,5,5,5,15,Champions
15903.0,1561.1796320525816,10,12,8939.84,5,5,5,15,Champions
13327.0,1561.0237884044961,39,20,9134.48,4,5,5,14,Champions
16700.0,1554.180883633022,9,25,8830.77,5,5,5,15,Champions
14329.0,1554.1471158588279,17,15,9887.62,5,5,5,15,Champions
15867.0,1549.6619489575808,5,31,8923.3,5,5,5,15,Champions
14282.0,1548.5655690833305,3,25,7250.76,5,5,5,15,Champions
16592.0,1545.349417826132,4,28,7807.91,5,5,5,15,Champions
16570.0,1545.2926303272707,15,20,7434.31,5,5,5,15,Champions
13137.0,1544.4690593618704,11,16,7586.94,5,5,5,15,Champions
14944.0,1543.8289467761833,30,19,9784.67,4,5,5,14,Champions
15984.0,1541.2304626885912,3,30,8393.02,5,5,5,15,Champions
17819.0,1540.444986385903,72,12,6021.05,3,5,5,13,Loyal Customers
15034.0,1536.36158912329,16,14,8231.2,5,5,5,15,Champions
14146.0,1529.227672371633,9,12,9450.3,5,5,5,15,Champions
15544.0,1528.3980988431958,9,20,7807.89,5,5,5,15,Champions
16745.0,1527.7458668045,87,17,7180.7,3,5,5,13,Loyal Customers
17160.0,1524.5957860781375,31,17,10209.16,4,5,5,14,Champions
15727.0,1521.9932865764604,17,15,9371.71,5,5,5,15,Champions
18094.0,1521.75488337232,82,13,6391.52,3,5,5,13,Loyal Customers
16265.0,1521.7318775079655,9,12,6935.17,5,5,5,15,Champions
16767.0,1520.2699509464178,31,15,8056.76,4,5,5,14,Champions
12662.0,1517.0770097329118,1,20,6726.54,5,5,5,15,Champions
15150.0,1508.6892960410269,17,13,8977.94,5,5,5,15,Champions
16186.0,1506.7650554112913,23,26,8718.43,4,5,5,14,Champions
16131.0,1502.3090464931147,52,12,9957.42,4,5,5,14,Champions
15301.0,1500.7518440959739,51,17,6909.67,4,5,5,14,Champions
17365.0,1495.795142392134,13,15,8184.49,5,5,5,15,Champions
17975.0,1495.5863347043332,15,24,6696.33,5,5,5,15,Champions
17426.0,1493.7591054129293,8,13,8077.77,5,5,5,15,Champions
14292.0,1493.296259681294,8,16,9226.25,5,5,5,15,Champions
14057.0,1492.4375266906407,24,22,8346.66,4,5,5,14,Champions
14159.0,1489.5919369871906,20,20,7860.8,4,5,5,14,Champions
16945.0,1488.9898456573378,22,33,8548.16,4,5,5,14,Champions
12749.0,1488.4222403812262,4,9,6897.36,5,5,5,15,Champions
16709.0,1488.086149445627,85,14,9056.01,3,5,5,13,Loyal Customers
15249.0,1482.9652438843193,32,18,9266.0,4,5,5,14,Champions
15939.0,1479.3216992109453,90,16,9060.39,3,5,5,13,Loyal Customers
15046.0,1477.4854404502744,9,25,7623.79,5,5,5,15,Champions
13174.0,1476.821923715959,16,12,7995.36,5,5,5,15,Champions
14525.0,1475.9147808553182,20,17,8026.54,4,5,5,14,Champions
13735.0,1473.8352748417071,25,13,9762.77,4,5,5,14,Champions
17873.0,1472.7334293337349,80,18,6265.33,3,5,5,13,Loyal Customers
15260.0,1469.9681991979744,100,25,8767.73,3,5,5,13,Loyal Customers
14800.0,1469.788751269762,48,17,7191.33,4,5,5,14,Champions
13871.0,1468.0984838711006,23,17,7885.85,4,5,5,14,Champions
13555.0,1467.5180047726583,74,13,8891.84,3,5,5,13,Loyal Customers
16556.0,1466.6835115833376,67,17,8012.58,3,5,5,13,Loyal Customers
12482.0,1464.8763975166328,576,29,23691.4,1,5,5,11,Loyal Customers
14092.0,1463.6442309851018,8,24,7229.45,5,5,5,15,Champions
17611.0,1457.459001884187,7,28,8337.53,5,5,5,15,Champions
17231.0,1456.3526986118939,12,25,7064.8,5,5,5,15,Champions
13047.0,1455.2332294786554,32,24,8428.53,4,5,5,14,Champions
16145.0,1452.307288315716,9,19,6805.4400000000005,5,5,5,15,Champions
13381.0,1451.975122051041,32,12,8224.37,4,5,5,14,Champions
13552.0,1449.0701258004906,66,22,6948.92,3,5,5,13,Loyal Customers
12637.0,1447.712250771537,67,12,8283.81,3,5,5,13,Loyal Customers
14243.0,1443.1587268467083,9,17,7217.75,5,5,5,15,Champions
14401.0,1442.903444072137,4,22,6795.9,5,5,5,15,Champions
12913.0,1441.7634844445174,5,13,6283.24,5,5,5,15,Champions
17690.0,1441.3524076248773,30,20,6963.8,4,5,5,14,Champions
12417.0,1441.1432669811236,3,20,6797.41,5,5,5,15,Champions
15768.0,1439.9928454644944,116,34,15308.89,3,5,5,13,Loyal Customers
17001.0,1439.0088473230812,1,19,6640.8,5,5,5,15,Champions
17238.0,1438.5013822977232,3,32,7331.67,5,5,5,15,Champions
17091.0,1433.0659212963994,3,19,7495.75,5,5,5,15,Champions
12643.0,1432.8559650236878,128,12,8304.82,3,5,5,13,Loyal Customers
13148.0,1432.8101603948062,29,26,8497.82,4,5,5,14,Champions
14560.0,1432.703181903818,7,44,6114.03,5,5,5,15,Champions
16170.0,1426.0869113869978,51,20,6869.0,4,5,5,14,Champions
16954.0,1424.720861020881,1,20,6081.88,5,5,5,15,Champions
13448.0,1423.9178186460024,17,13,8745.93,5,5,5,15,Champions
14562.0,1423.7205822703554,4,26,6638.150000000001,5,5,5,15,Champions
13758.0,1419.6367118652897,12,15,8698.13,5,5,5,15,Champions
15129.0,1418.543662217691,50,23,6860.18,4,5,5,14,Champions
17085.0,1417.4493393980615,123,28,7847.67,3,5,5,13,Loyal Customers
17769.0,1414.0154977271961,13,17,7053.38,5,5,5,15,Champions
13709.0,1412.1126538665903,4,18,7571.35,5,5,5,15,Champions
17696.0,1411.0133626203067,38,27,7679.59,4,5,5,14,Champions
14030.0,1409.9214657355828,18,20,7521.8,5,5,5,15,Champions
15674.0,1400.9135583666095,73,13,6948.2300000000005,3,5,5,13,Loyal Customers
18118.0,1395.9197637339357,11,29,6221.02,5,5,5,15,Champions
17602.0,1393.7747357917312,2,14,7354.43,5,5,5,15,Champions
12626.0,1391.1396860487173,23,9,6620.48,4,5,5,14,Champions
13394.0,1390.3821071240538,2,19,6621.7,5,5,5,15,Champions
15281.0,1389.329462556426,59,16,8543.57,4,5,5,14,Champions
15321.0,1388.1425087606412,71,12,6709.7300000000005,3,5,5,13,Loyal Customers
16550.0,1386.9221893404444,109,18,8813.58,3,5,5,13,Loyal Customers
13082.0,1386.1546091472835,126,21,7335.75,3,5,5,13,Loyal Customers
12957.0,1385.3718615293442,10,13,8706.97,5,5,5,15,Champions
13993.0,1384.8216166332452,43,19,6775.71,4,5,5,14,Champions
12867.0,1384.3229829252844,26,13,7829.26,4,5,5,14,Champions
16497.0,1383.1627607752177,50,23,6695.28,4,5,5,14,Champions
17965.0,1382.4567193747805,38,29,7006.65,4,5,5,14,Champions
13141.0,1381.078126468277,85,17,7656.08,3,5,5,13,Loyal Customers
15521.0,1379.7456592219814,40,16,7098.24,4,5,5,14,Champions
15622.0,1376.7577687589808,43,17,7852.61,4,5,5,14,Champions
13983.0,1375.210640070928,30,21,6753.89,4,5,5,14,Champions
14841.0,1369.7482786799155,53,14,7163.0,4,5,5,14,Champions
13831.0,1367.5373066653667,16,18,6585.54,5,5,5,15,Champions
14440.0,1366.6932387088011,8,13,5982.03,5,5,5,15,Champions
17700.0,1364.430989302215,17,14,6679.97,5,5,5,15,Champions
12712.0,1358.3139353968538,29,21,6723.03,4,5,5,14,Champions
16242.0,1355.930275739892,8,14,7404.65,5,5,5,15,Champions
14461.0,1351.107352326764,148,13,6676.91,3,5,5,13,Loyal Customers
12843.0,1350.8767494061274,66,30,6583.36,3,5,5,13,Loyal Customers
14676.0,1350.8661378060613,31,12,8356.79,4,5,5,14,Champions
15998.0,1346.3361301864454,37,16,8274.14,4,5,5,14,Champions
14702.0,1339.59230432288,1,29,6368.78,5,5,5,15,Champions
15179.0,1336.1210029175234,18,13,7491.92,5,5,5,15,Champions
17644.0,1334.5880447261527,1,20,6028.6,5,5,5,15,Champions
13654.0,1331.2813853134478,43,11,6308.0,4,5,5,14,Champions
13451.0,1326.3740437857286,26,11,7090.06,4,5,5,14,Champions
16717.0,1318.141040173721,24,14,6663.68,4,5,5,14,Champions
13209.0,1314.8306566567649,30,13,8509.51,4,5,5,14,Champions
15581.0,1310.5024479282504,121,38,7480.4,3,5,5,13,Loyal Customers
16553.0,1309.5761909236553,163,33,16584.01,3,5,5,13,Loyal Customers
16308.0,1305.3697273112507,38,7,5120.0,4,4,5,13,Champions
17409.0,1304.7557761179446,185,10,7793.51,3,5,5,13,Loyal Customers
13162.0,1302.6532397925546,122,16,9275.49,3,5,5,13,Loyal Customers
13334.0,1299.832402595021,82,5,6201.8,3,4,5,12,Loyal Customers
13384.0,1295.1932672834341,31,11,6680.83,4,5,5,14,Champions
14844.0,1292.7569333831364,64,10,6702.43,3,5,5,13,Loyal Customers
12397.0,1281.9345004710665,36,2,2409.9,4,2,4,10,Potential Loyalists
12917.0,1279.9272924110667,128,6,4359.2,3,4,5,12,Loyal Customers
18178.0,1278.3949196402564,129,11,6103.74,3,5,5,13,Loyal Customers
15750.0,1275.4594731108275,3,18,6452.991,5,5,5,15,Champions
16940.0,1274.0790822506658,52,8,6427.66,4,5,5,14,Champions
16655.0,1269.9682877502028,18,13,6423.26,5,5,5,15,Champions
17799.0,1267.7796584826026,22,20,6246.93,4,5,5,14,Champions
16103.0,1267.1868112536213,7,22,6191.71,5,5,5,15,Champions
13564.0,1266.5397216202673,144,37,16498.97,3,5,5,13,Loyal Customers
18245.0,1265.6897050034152,7,20,6324.9800000000005,5,5,5,15,Champions
16735.0,1264.7598874273172,79,14,6217.41,3,5,5,13,Loyal Customers
15673.0,1264.2156203160368,88,9,6204.32,3,5,5,13,Loyal Customers
12836.0,1258.8130381238516,59,15,6559.7300000000005,4,5,5,14,Champions
13422.0,1257.765384312987,64,1,2626.3,3,1,4,8,Needs Attention
16156.0,1256.9980574700915,9,20,6188.18,5,5,5,15,Champions
13317.0,1253.9031274596505,66,19,6486.091,3,5,5,13,Loyal Customers
13136.0,1252.0044568369863,56,13,6274.56,4,5,5,14,Champions
18093.0,1250.5300753357824,93,8,4452.71,3,5,5,13,Loyal Customers
13952.0,1249.2331341089332,218,14,12823.521,2,5,5,12,Loyal Customers
14257.0,1248.291645917506,64,9,5954.45,3,5,5,13,Loyal Customers
17625.0,1238.7774861805315,18,8,5978.9,5,5,5,15,Champions
13590.0,1235.7080187001536,11,18,6336.04,5,5,5,15,Champions
12980.0,1235.2551869156318,158,21,16245.78,3,5,5,13,Loyal Customers
13883.0,1231.3348418241444,11,15,6560.02,5,5,5,15,Champions
13658.0,1231.1424728718182,10,9,6025.5,5,5,5,15,Champions
16710.0,1226.4583437705187,19,22,5921.35,5,5,5,15,Champions
15514.0,1226.2639670265269,12,18,6392.06,5,5,5,15,Champions
14227.0,1224.6541680944445,26,15,6368.71,4,5,5,14,Champions
14535.0,1224.3391249124224,60,9,5973.2300000000005,3,5,5,13,Loyal Customers
17448.0,1222.5516732317267,497,46,14523.67,1,5,5,11,Loyal Customers
12779.0,1221.7410873402928,38,14,6474.11,4,5,5,14,Champions
17061.0,1220.5847413716574,74,11,5232.2300000000005,3,5,5,13,Loyal Customers
14530.0,1220.5022063584727,26,16,6088.87,4,5,5,14,Champions
12484.0,1218.5948570293626,33,12,6354.1,4,5,5,14,Champions
12455.0,1217.4010889001622,73,10,5879.95,3,5,5,13,Loyal Customers
17419.0,1213.8425301319753,11,18,6126.25,5,5,5,15,Champions
14534.0,1213.6739549266224,3,26,6187.66,5,5,5,15,Champions
12500.0,1213.6388920552051,23,19,5955.21,4,5,5,14,Champions
14180.0,1213.5803970372701,11,33,6117.5,5,5,5,15,Champions
14388.0,1209.6349837092994,10,16,6388.2,5,5,5,15,Champions
18065.0,1203.0435982273227,6,29,5866.63,5,5,5,15,Champions
16609.0,1201.3571886475565,15,7,5493.46,5,4,5,14,Champions
12406.0,1199.526752537628,22,5,6390.36,4,4,5,13,Champions
13901.0,1196.459377363399,72,15,5676.34,3,5,5,13,Loyal Customers
14390.0,1196.3092377480218,10,13,6150.03,5,5,5,15,Champions
13230.0,1191.402198025591,4,30,6120.01,5,5,5,15,Champions
13266.0,1187.611672290931,11,19,6135.04,5,5,5,15,Champions
15755.0,1183.3486545985977,10,17,5993.12,5,5,5,15,Champions
13015.0,1182.1690105237192,53,11,6579.78,4,5,5,14,Champions
16320.0,1178.0576747450918,172,6,5628.99,3,4,5,12,Loyal Customers
12752.0,1177.4345048460957,81,1,4366.78,3,1,5,9,Needs Attention
16240.0,1177.167860910092,24,2,3718.8,4,2,5,11,Potential Loyalists
15480.0,1175.2962894224845,116,5,6279.0,3,4,5,12,Loyal Customers
17313.0,1172.7169614427341,31,1,2328.84,4,2,4,10,Potential Loyalists
13769.0,1171.5086475240778,2,20,5478.12,5,5,5,15,Champions
15785.0,1171.0718264361576,33,16,5969.93,4,5,5,14,Champions
18198.0,1166.7616096230993,4,17,5425.56,5,5,5,15,Champions
14766.0,1164.3412551753565,8,11,6375.7300000000005,5,5,5,15,Champions
14099.0,1163.3205092083076,16,20,5750.91,5,5,5,15,Champions
17146.0,1163.1383413194787,106,13,5852.64,3,5,5,13,Loyal Customers
17092.0,1162.8883693972844,50,11,5511.41,4,5,5,14,Champions
16409.0,1161.5187038446459,36,12,5652.74,4,5,5,14,Champions
14112.0,1158.1939375045422,23,13,5834.59,4,5,5,14,Champions
13771.0,1155.017665056757,64,9,5728.82,3,5,5,13,Loyal Customers
14852.0,1154.780497151456,58,18,6132.43,4,5,5,14,Champions
12656.0,1154.1035060966803,17,8,6407.83,5,4,5,14,Champions
14221.0,1150.3979169945267,42,17,6517.49,4,5,5,14,Champions
12727.0,1148.182996490822,11,10,5679.53,5,5,5,15,Champions
13870.0,1142.825102644197,2,15,5712.08,5,5,5,15,Champions
17672.0,1136.498364043703,50,7,5778.63,4,4,5,13,Champions
16992.0,1132.4071888734507,11,13,5476.5,5,5,5,15,Champions
13644.0,1130.5367708055671,16,4,2624.26,5,3,4,12,Loyal Customers
12955.0,1130.2904855478873,1,11,4757.16,5,5,5,15,Champions
16200.0,1129.9417104480797,4,12,5608.1,5,5,5,15,Champions
17512.0,1129.568514796838,29,18,5467.820000000001,4,5,5,14,Champions
15187.0,1127.6842248265468,2,16,4777.18,5,5,5,15,Champions
13722.0,1122.8218973256805,132,10,5635.41,3,5,5,13,Loyal Customers
12755.0,1122.4542333363097,281,11,5236.259999999999,2,5,5,12,Loyal Customers
14004.0,1111.6309815557504,43,11,6258.45,4,5,5,14,Champions
15195.0,1108.3632197447964,3,1,3861.0,5,1,5,11,Potential Loyalists
12429.0,1108.2674530480983,9,8,6204.41,5,4,5,14,Champions
12688.0,1105.0907216564185,114,1,4873.8099999999995,3,1,5,9,Needs Attention
18145.0,1101.8335167042653,13,11,5609.74,5,5,5,15,Champions
15854.0,1099.0911893449575,4,21,5578.28,5,5,5,15,Champions
12627.0,1098.2117992931271,11,7,4478.53,5,4,5,14,Champions
16458.0,1096.0924714928756,3,30,5690.89,5,5,5,15,Champions
18075.0,1094.1721311254694,23,20,5783.29,4,5,5,14,Champions
15527.0,1090.9509478188274,19,23,5554.89,5,5,5,15,Champions
17930.0,1089.3995234557447,36,13,4275.22,4,5,5,14,Champions
16003.0,1089.2967532375478,30,10,5613.83,4,5,5,14,Champions
12432.0,1087.4443529390396,43,5,5059.32,4,4,5,13,Champions
12444.0,1084.3984880253688,21,5,5005.46,4,4,5,13,Champions
13593.0,1082.5461626240444,108,14,5493.29,3,5,5,13,Loyal Customers
17719.0,1080.1539855205826,38,15,5396.04,4,5,5,14,Champions
17651.0,1077.9199830083055,12,16,5703.52,5,5,5,15,Champions
12356.0,1076.7213720491466,23,6,6371.73,4,4,5,13,Champions
12783.0,1076.3210030545201,2,6,2225.91,5,4,4,13,Champions
16316.0,1071.742576430997,64,13,5744.91,3,5,5,13,Loyal Customers
16456.0,1070.92794928172,99,13,6000.94,3,5,5,13,Loyal Customers
14189.0,1069.9422721194308,2,16,5503.15,5,5,5,15,Champions
17491.0,1069.1356199475267,1,17,5653.67,5,5,5,15,Champions
17434.0,1068.367563293043,2,7,2373.82,5,4,4,13,Champions
16607.0,1066.5975434532043,18,25,5706.87,5,5,5,15,Champions
17652.0,1065.8594912709618,25,12,4867.72,4,5,5,14,Champions
17669.0,1062.612175132499,43,10,6142.35,4,5,5,14,Champions
15505.0,1062.1783596155767,53,5,3610.96,4,4,5,13,Champions
16011.0,1056.3263992334196,8,29,5601.01,5,5,5,15,Champions
13157.0,1047.8482033745233,49,9,5687.36,4,5,5,14,Champions
17613.0,1047.164973073281,23,14,4544.55,4,5,5,14,Champions
16904.0,1046.702889732446,4,21,4675.36,5,5,5,15,Champions
15980.0,1042.1736769211827,89,7,6543.68,3,4,5,12,Loyal Customers
14210.0,1041.8699599348467,106,16,5556.570000000001,3,5,5,13,Loyal Customers
15529.0,1041.4750545847785,23,12,4783.66,4,5,5,14,Champions
12685.0,1039.5387057698251,28,6,2863.08,4,4,4,12,Champions
14132.0,1037.6044451092769,2,11,3586.0299999999997,5,5,5,15,Champions
17069.0,1037.4734936166226,28,14,5517.2300000000005,4,5,5,14,Champions
14732.0,1036.8553974870651,8,19,5517.07,5,5,5,15,Champions
14918.0,1032.604685388757,116,9,5955.81,3,5,5,13,Loyal Customers
12910.0,1032.2856567882527,23,13,5796.52,4,5,5,14,Champions
18194.0,1027.8902103103892,82,6,4162.04,3,4,5,12,Loyal Customers
16279.0,1027.3601343098628,21,9,5698.28,4,5,5,14,Champions
17131.0,1023.710582015665,5,5,2463.17,5,4,4,13,Champions
15804.0,1019.4567810338548,1,13,4206.39,5,5,5,15,Champions
15898.0,1018.5971755507501,1,25,4996.45,5,5,5,15,Champions
17802.0,1018.2887273667208,82,10,4946.22,3,5,5,13,Loyal Customers
12438.0,1016.3041364954244,14,2,2906.85,5,2,4,11,Potential Loyalists
13949.0,1014.5753164045068,3,6,2427.32,5,4,4,13,Champions
16764.0,1010.531625518332,4,13,2790.9500000000003,5,5,4,14,Champions
14907.0,1007.1044913293497,3,16,5547.72,5,5,5,15,Champions
17083.0,1005.5665078328863,109,9,4049.79,3,5,5,13,Loyal Customers
16986.0,1004.7637597285997,30,11,4888.75,4,5,5,14,Champions
16379.0,1004.7477896475788,4,4,2157.4,5,4,4,13,Champions
15993.0,1003.7514146158621,9,7,2777.67,5,4,4,13,Champions
12700.0,1003.1702653590609,8,4,4939.99,5,3,5,13,Loyal Customers
12615.0,1001.6953492022966,2,8,5740.98,5,4,5,14,Champions
13471.0,1000.573165508201,1,4,2501.84,5,3,4,12,Loyal Customers
16712.0,1000.2241230256221,9,13,4232.87,5,5,5,15,Champions
14456.0,999.9314422464195,5,9,3017.28,5,5,5,15,Champions
16931.0,998.5989159085117,5,23,5032.22,5,5,5,15,Champions
14432.0,996.0399287347248,10,6,2248.5,5,4,4,13,Champions
14125.0,995.8970835939991,11,3,2720.63,5,3,4,12,Loyal Customers
13329.0,994.8543381116343,32,8,4808.77,4,4,5,13,Champions
14572.0,994.5281831035995,3,11,5526.88,5,5,5,15,Champions
15089.0,993.1637801901009,10,6,2420.84,5,4,4,13,Champions
14855.0,991.1987605891109,119,7,6520.3,3,4,5,12,Loyal Customers
18144.0,990.0972380834622,8,19,4892.95,5,5,5,15,Champions
17203.0,989.6942649713227,36,10,5564.09,4,5,5,14,Champions
13495.0,988.9814172509016,8,10,4863.31,5,5,5,15,Champions
14547.0,987.9220841321797,4,8,3974.75,5,4,5,14,Champions
12480.0,987.7786105438832,28,7,5464.85,4,4,5,13,Champions
13507.0,987.7740398666366,3,4,2479.16,5,3,4,12,Loyal Customers
15760.0,986.6094998983882,631,2,13916.34,1,2,5,8,At Risk - Low Value
16393.0,985.6289011072523,2,23,5297.77,5,5,5,15,Champions
13115.0,984.5523881512809,12,10,5494.7,5,5,5,15,Champions
13868.0,984.4513035232651,7,2,3192.54,5,2,5,12,Potential Loyalists
13562.0,984.443222808781,82,8,4838.18,3,4,5,12,Loyal Customers
17317.0,982.5005935111471,46,3,2600.34,4,3,4,11,Loyal Customers
16626.0,982.0326149260029,1,17,4413.1,5,5,5,15,Champions
12633.0,981.5368999816809,59,7,5678.16,4,4,5,13,Champions
12600.0,980.1695223133127,29,21,4967.42,4,5,5,14,Champions
13931.0,979.2667627245924,96,11,5257.38,3,5,5,13,Loyal Customers
17725.0,978.7666549948805,16,11,3439.08,5,5,5,15,Champions
13994.0,978.0680021090584,4,6,2274.14,5,4,4,13,Champions
12610.0,977.1752649659584,23,5,2099.54,4,4,4,12,Champions
15271.0,976.3856812279487,7,24,4528.54,5,5,5,15,Champions
12569.0,975.3753238628626,2,32,4124.69,5,5,5,15,Champions
13198.0,970.8369089387759,10,8,4974.2300000000005,5,4,5,14,Champions
15484.0,970.3994668134382,1,6,4652.1,5,4,5,14,Champions
13704.0,969.6114513240316,5,9,2308.06,5,5,4,14,Champions
17449.0,969.5760807373547,2,13,4868.15,5,5,5,15,Champions
13505.0,967.566189854847,73,4,4393.63,3,3,5,11,Loyal Customers
17861.0,966.8809424916393,3,18,5088.29,5,5,5,15,Champions
15416.0,965.3245144091835,65,7,4572.82,3,4,5,12,Loyal Customers
17059.0,964.7625886218731,30,9,4864.57,4,5,5,14,Champions
13362.0,963.7472496483081,9,7,5394.07,5,4,5,14,Champions
16686.0,963.7467063622083,47,16,4881.07,4,5,5,14,Champions
18073.0,963.6474497852562,114,12,3859.82,3,5,5,13,Loyal Customers
13536.0,963.0615049727664,1,7,3444.39,5,4,5,14,Champions
17685.0,962.9359554632612,17,12,5454.95,5,5,5,15,Champions
12483.0,962.2409275136358,17,19,5097.18,5,5,5,15,Champions
13851.0,960.4864507458675,96,8,4606.46,3,4,5,12,Loyal Customers
15379.0,960.4536986058135,169,8,4877.84,3,4,5,12,Loyal Customers
17082.0,960.1820472435048,33,6,4732.03,4,4,5,13,Champions
14554.0,959.2304884303514,10,4,2279.4900000000002,5,3,4,12,Loyal Customers
15641.0,958.16076542194,105,12,5345.55,3,5,5,13,Loyal Customers
13014.0,957.2873246134144,11,11,5381.08,5,5,5,15,Champions
12856.0,957.2266946293967,8,6,2170.78,5,4,4,13,Champions
12347.0,957.1607332909257,2,8,4921.53,5,4,5,14,Champions
17346.0,957.1065569272754,4,26,4998.61,5,5,5,15,Champions
17961.0,956.2834988019985,21,100,2866.74,4,5,4,13,Champions
14121.0,954.7165182499906,4,4,2780.15,5,3,4,12,Loyal Customers
13975.0,954.1930910179788,31,12,5256.4,4,5,5,14,Champions
13634.0,953.5726171959304,33,16,5033.77,4,5,5,14,Champions
14191.0,952.3623827910221,2,15,4817.66,5,5,5,15,Champions
17937.0,951.8444034584472,9,7,4301.22,5,4,5,14,Champions
14639.0,949.757541785876,52,9,4978.96,4,5,5,14,Champions
15485.0,949.5018860432868,30,7,4810.92,4,4,5,13,Champions
13571.0,948.915809242368,13,26,4537.26,5,5,5,15,Champions
12759.0,947.9739154085763,52,8,5020.74,4,4,5,13,Champions
16905.0,947.5409481099417,5,17,4706.77,5,5,5,15,Champions
13523.0,947.3265630970222,33,6,4534.57,4,4,5,13,Champions
17528.0,946.9460979513814,1,8,3628.5,5,5,5,15,Champions
14546.0,945.9776088494947,5,11,5184.84,5,5,5,15,Champions
13971.0,945.0022846938244,19,14,4667.57,5,5,5,15,Champions
16326.0,944.9365452167883,6,24,4721.25,5,5,5,15,Champions
12510.0,943.2558631860431,143,9,5178.02,3,5,5,13,Loyal Customers
16360.0,942.1688645666021,5,6,3450.41,5,4,5,14,Champions
17584.0,941.693095358417,7,6,5309.42,5,4,5,14,Champions
14626.0,940.4204376418139,24,11,5410.92,4,5,5,14,Champions
15367.0,939.9389143443871,57,11,5081.33,4,5,5,14,Champions
17204.0,939.8313193396217,175,9,5504.6900000000005,3,5,5,13,Loyal Customers
14970.0,939.6976552593109,68,12,4919.35,3,5,5,13,Loyal Customers
17758.0,938.9634841387929,19,12,4964.03,5,5,5,15,Champions
15812.0,938.0137888499879,107,12,5201.47,3,5,5,13,Loyal Customers
13842.0,936.4446143980895,59,18,5319.34,4,5,5,14,Champions
14713.0,936.1209608151754,9,21,5115.76,5,5,5,15,Champions
18231.0,935.7373449483607,192,28,6854.17,2,5,5,12,Loyal Customers
12589.0,935.6848588495234,29,8,4695.66,4,4,5,13,Champions
15443.0,933.8560427501086,2,14,5114.23,5,5,5,15,Champions
12360.0,932.397983949133,52,8,4252.89,4,4,5,13,Champions
17402.0,932.3895061707941,5,23,4635.5599999999995,5,5,5,15,Champions
17400.0,931.7443861930034,126,8,4623.28,3,5,5,13,Loyal Customers
17314.0,931.5032060589849,25,17,4904.43,4,5,5,14,Champions
17220.0,931.3887261695046,24,21,4457.31,4,5,5,14,Champions
13021.0,930.1227076450033,4,17,4887.24,5,5,5,15,Champions
17663.0,930.0158404713724,26,17,5175.83,4,5,5,14,Champions
14107.0,927.5501016417284,52,11,4877.3,4,5,5,14,Champions
15228.0,927.0029939819977,66,6,5580.2699999999995,3,4,5,12,Loyal Customers
16283.0,926.5386585263628,6,8,4350.32,5,5,5,15,Champions
13107.0,923.6569201690507,44,9,5253.07,4,5,5,14,Champions
13510.0,923.2784488246019,1,11,4558.29,5,5,5,15,Champions
15606.0,923.1555054566813,61,17,5230.99,3,5,5,13,Loyal Customers
18230.0,923.1035021348299,9,9,4291.06,5,5,5,15,Champions
17372.0,922.2911505690714,41,28,4347.31,4,5,5,14,Champions
14868.0,922.0117154079009,3,12,4184.01,5,5,5,15,Champions
15628.0,921.6389282915233,5,17,5333.08,5,5,5,15,Champions
12362.0,921.3970083259347,3,11,5356.23,5,5,5,15,Champions
17050.0,921.3956784926838,96,11,4648.59,3,5,5,13,Loyal Customers
17519.0,921.3606071216064,17,15,4774.17,5,5,5,15,Champions
17469.0,920.1152294208848,16,17,5051.25,5,5,5,15,Champions
13124.0,919.0414506250022,90,4,4641.66,3,3,5,11,Loyal Customers
16081.0,918.7062097663743,56,8,4278.96,4,5,5,14,Champions
13527.0,918.3372390150065,34,12,4541.29,4,5,5,14,Champions
14808.0,916.8744670649511,40,8,2718.6,4,4,4,12,Champions
15796.0,916.6542420430532,1,17,5171.63,5,5,5,15,Champions
12456.0,916.211264752174,44,3,3181.04,4,3,5,12,Loyal Customers
17863.0,915.6519272963781,59,12,5360.48,4,5,5,14,Champions
12560.0,915.336330905852,5,3,2134.01,5,3,4,12,Loyal Customers
15152.0,914.5870537622469,10,14,5263.83,5,5,5,15,Champions
14290.0,913.7299042313886,11,8,4516.56,5,4,5,14,Champions
15394.0,913.6905963295667,10,11,5286.8,5,5,5,15,Champions
17838.0,912.9198887597267,27,13,5604.64,4,5,5,14,Champions
12935.0,912.4655756302149,2,15,4243.86,5,5,5,15,Champions
16008.0,911.8053098492551,24,15,5339.13,4,5,5,14,Champions
14701.0,911.1730769038571,11,15,4487.11,5,5,5,15,Champions
12553.0,910.4273866056039,8,12,4608.75,5,5,5,15,Champions
14459.0,907.6290469060008,155,2,5375.741,3,2,5,10,Needs Attention
12422.0,907.1886793520292,96,17,5231.8,3,5,5,13,Loyal Customers
12449.0,907.0190290775073,22,6,4835.89,4,4,5,13,Champions
18069.0,906.6902070192059,26,11,4464.92,4,5,5,14,Champions
13911.0,906.5490233068085,57,20,4234.99,4,5,5,14,Champions
14360.0,905.9447902714628,32,4,2118.03,4,3,4,11,Loyal Customers
17612.0,905.8800299343086,53,18,5394.86,4,5,5,14,Champions
13742.0,905.143202704671,17,12,3107.87,5,5,5,15,Champions
12906.0,905.0856243544454,12,5,2919.81,5,4,5,14,Champions
12916.0,905.0383095628052,139,7,4479.73,3,4,5,12,Loyal Customers
14441.0,903.9045487737712,1,11,4611.6900000000005,5,5,5,15,Champions
15113.0,903.5811626249367,10,3,3509.43,5,3,5,13,Loyal Customers
15491.0,903.1952833025654,95,6,3100.09,3,4,5,12,Loyal Customers
14251.0,903.0436723852621,2,5,2879.7000000000003,5,4,4,13,Champions
17596.0,902.7215336655385,23,13,4491.46,4,5,5,14,Champions
12518.0,902.5903190778986,1,5,2056.89,5,4,4,13,Champions
17567.0,900.7660889706269,7,9,4838.08,5,5,5,15,Champions
17157.0,899.8384722812449,8,19,5151.9,5,5,5,15,Champions
18257.0,899.6517701215718,39,12,4600.15,4,5,5,14,Champions
17442.0,899.4815472021185,37,15,4620.3,4,5,5,14,Champions
12594.0,898.353707558872,38,15,5090.110000000001,4,5,5,14,Champions
14209.0,897.152040685636,11,15,4993.27,5,5,5,15,Champions
13875.0,897.0159054729648,54,14,4814.37,4,5,5,14,Champions
14493.0,896.6800591068327,7,10,5087.86,5,5,5,15,Champions
14828.0,896.6579334581438,197,13,9839.460000000001,2,5,5,12,Loyal Customers
17412.0,895.9153914429145,3,16,4220.22,5,5,5,15,Champions
15764.0,895.8290140109909,88,8,4503.08,3,4,5,12,Loyal Customers
14250.0,895.3304110962864,7,3,1904.05,5,3,4,12,Loyal Customers
12370.0,894.9677682502244,51,7,4316.56,4,4,5,13,Champions
17213.0,894.365162618745,40,13,4869.400000000001,4,5,5,14,Champions
12598.0,893.7978961120916,10,11,4534.09,5,5,5,15,Champions
12395.0,892.66298017962,19,15,4721.17,5,5,5,15,Champions
14307.0,892.5077950061177,89,10,4287.92,3,5,5,13,Loyal Customers
12562.0,892.3687444603785,8,9,4966.92,5,5,5,15,Champions
12523.0,892.2353765234112,19,23,4352.35,5,5,5,15,Champions
15808.0,891.3066578669462,306,21,17180.25,2,5,5,12,Loyal Customers
16875.0,890.6036403495654,67,11,4234.53,3,5,5,13,Loyal Customers
17183.0,890.2932153058795,8,6,3347.31,5,4,5,14,Champions
14825.0,889.7858458670962,4,24,4735.08,5,5,5,15,Champions
14239.0,889.066495220063,43,21,4263.17,4,5,5,14,Champions
16241.0,887.9865100808249,10,16,3992.86,5,5,5,15,Champions
15861.0,887.6945778736583,12,12,4369.2,5,5,5,15,Champions
17754.0,887.678584519361,1,13,4451.22,5,5,5,15,Champions
15410.0,885.2324760028986,84,10,4685.72,3,5,5,13,Loyal Customers
14482.0,885.2259618748498,18,12,4306.72,5,5,5,15,Champions
14235.0,884.7764715397011,75,9,4717.99,3,5,5,13,Loyal Customers
17554.0,884.4935012316471,1,5,1952.45,5,4,4,13,Champions
17728.0,883.9586730397565,4,5,4238.76,5,4,5,14,Champions
17188.0,883.758102273649,11,13,4592.93,5,5,5,15,Champions
17084.0,882.0585118046686,35,3,5001.21,4,3,5,12,Loyal Customers
16153.0,881.0949383001417,50,11,5133.49,4,5,5,14,Champions
12704.0,880.8250410986934,7,8,2340.84,5,4,4,13,Champions
15365.0,880.6100752527591,26,13,4557.13,4,5,5,14,Champions
18064.0,879.7396722731484,133,11,4481.83,3,5,5,13,Loyal Customers
16563.0,879.3476381051707,54,6,4412.56,4,4,5,13,Champions
16255.0,878.6413839860377,17,15,4530.0,5,5,5,15,Champions
14930.0,878.3979872710995,109,6,5236.7300000000005,3,4,5,12,Loyal Customers
16293.0,878.0946195043823,22,15,4279.2,4,5,5,14,Champions
14514.0,878.0577414852313,61,9,4380.04,3,5,5,13,Loyal Customers
17191.0,877.8276565031075,28,15,4310.34,4,5,5,14,Champions
12708.0,877.7375552681376,30,18,5117.66,4,5,5,14,Champions
15974.0,877.7362725673486,39,7,3442.15,4,4,5,13,Champions
14341.0,877.2765912049286,45,18,4452.02,4,5,5,14,Champions
18097.0,876.7031055589346,8,11,4627.92,5,5,5,15,Champions
16107.0,876.5437530154903,18,7,3204.1600000000003,5,4,5,14,Champions
13268.0,876.4143334004157,18,11,3174.75,5,5,5,15,Champions
16143.0,876.3297215358114,3,12,4555.08,5,5,5,15,Champions
16678.0,876.0207773837542,3,12,3109.99,5,5,5,15,Champions
12502.0,874.4857185421145,96,5,3723.87,3,4,5,12,Loyal Customers
14032.0,874.4231599104456,2,16,4546.41,5,5,5,15,Champions
14364.0,872.2710663059474,109,8,3717.35,3,4,5,12,Loyal Customers
14854.0,872.1687155147799,78,11,4303.06,3,5,5,13,Loyal Customers
12381.0,871.69952710957,5,5,1845.31,5,4,4,13,Champions
14503.0,870.8727699310738,3,6,3543.26,5,4,5,14,Champions
18079.0,870.225363032663,45,5,4203.93,4,4,5,13,Champions
14566.0,870.0807732319402,111,4,4092.0,3,3,5,11,Loyal Customers
13755.0,869.8611422547766,4,9,2108.06,5,5,4,14,Champions
12473.0,868.149325642634,29,5,3928.0499999999997,4,4,5,13,Champions
15518.0,867.2895650806619,64,15,4189.99,3,5,5,13,Loyal Customers
12645.0,865.2926248906303,34,8,3539.3,4,4,5,13,Champions
14001.0,864.6888355794326,46,9,4228.85,4,5,5,14,Champions
16837.0,864.066485960698,31,11,3170.98,4,5,5,14,Champions
16743.0,861.8932973414092,29,14,4212.15,4,5,5,14,Champions
14211.0,861.3665008465663,53,18,4402.29,4,5,5,14,Champions
14466.0,861.3659627280963,29,13,4267.15,4,5,5,14,Champions
16912.0,860.4211586148672,29,15,4460.51,4,5,5,14,Champions
17173.0,859.2769190032415,5,8,3766.6,5,5,5,15,Champions
15845.0,857.5325480025961,18,11,4426.28,5,5,5,15,Champions
18287.0,857.106572708954,43,7,4182.99,4,4,5,13,Champions
13224.0,856.7314217924134,60,2,2155.95,3,2,4,9,Needs Attention
13924.0,856.4708828503326,2,6,1838.8500000000001,5,4,4,13,Champions
15203.0,850.1797198340015,26,15,4400.18,4,5,5,14,Champions
13988.0,850.0851824060516,20,8,4757.8,4,4,5,13,Champions
13763.0,846.6512761212598,63,3,5217.4400000000005,3,3,5,11,Loyal Customers
15240.0,844.9047262562004,45,12,4459.98,4,5,5,14,Champions
13685.0,843.2869188634262,3,7,3119.44,5,4,5,14,Champions
13491.0,842.7814648216289,52,27,4467.66,4,5,5,14,Champions
16571.0,841.5326659412184,27,10,4248.74,4,5,5,14,Champions
12782.0,840.2075511414167,5,11,4618.24,5,5,5,15,Champions
12762.0,837.3976319243225,8,2,1898.52,5,2,4,11,Potential Loyalists
12578.0,834.4878620653631,21,4,4642.45,4,3,5,12,Loyal Customers
15632.0,834.0998078838011,16,8,3285.31,5,4,5,14,Champions
15032.0,834.0387185777562,256,8,11010.05,2,4,5,11,Loyal Customers
15123.0,833.6792196554272,7,5,4656.17,5,4,5,14,Champions
13880.0,833.5837412324682,21,17,4293.86,4,5,5,14,Champions
17086.0,832.4318146702034,7,6,2050.08,5,4,4,13,Champions
12950.0,831.4419284335385,2,3,1843.0,5,3,4,12,Loyal Customers
17738.0,830.8106923055583,19,13,4183.56,5,5,5,15,Champions
16919.0,828.1690850649491,156,24,4909.66,3,5,5,13,Loyal Customers
15722.0,827.5356783806346,36,11,5234.0,4,5,5,14,Champions
16732.0,826.6678703103948,32,4,4387.64,4,4,5,13,Champions
12517.0,824.5153004493501,28,5,2481.6,4,4,4,12,Champions
13435.0,824.4489515872676,5,9,4447.33,5,5,5,15,Champions
15245.0,823.1720338555479,134,8,4610.84,3,4,5,12,Loyal Customers
18272.0,822.8395149973815,3,9,4385.9800000000005,5,5,5,15,Champions
14418.0,820.4605539528608,4,3,1937.25,5,3,4,12,Loyal Customers
13397.0,819.4823872268677,73,10,3191.87,3,5,5,13,Loyal Customers
16818.0,814.511328233123,11,11,3349.57,5,5,5,15,Champions
13297.0,814.3266149559207,8,7,4368.62,5,4,5,14,Champions
15687.0,809.0983728348184,9,9,2993.1,5,5,5,15,Champions
18180.0,807.8200941328427,5,6,1843.75,5,4,4,13,Champions
15493.0,807.7819630281839,33,9,4121.68,4,5,5,14,Champions
14334.0,807.1288802717652,17,12,4318.48,5,5,5,15,Champions
17673.0,804.664581245436,2,13,4173.88,5,5,5,15,Champions
13437.0,802.3709105266105,14,7,3408.06,5,4,5,14,Champions
16771.0,800.6802445247116,33,10,3949.6,4,5,5,14,Champions
13808.0,800.5633510841227,6,5,1747.66,5,4,4,13,Champions
15199.0,799.6368103045331,59,10,3122.4,4,5,5,14,Champions
12928.0,799.5594603290956,35,12,4304.89,4,5,5,14,Champions
16102.0,799.5284904907303,42,3,1842.14,4,3,4,11,Loyal Customers
16633.0,795.1537775281153,17,6,2883.1,5,4,4,13,Champions
15122.0,792.1612886121825,114,11,4487.27,3,5,5,13,Loyal Customers
12408.0,791.8702870156845,33,8,4340.7699999999995,4,4,5,13,Champions
16169.0,791.0499664730423,8,4,1822.97,5,4,4,13,Champions
14878.0,788.6504838552431,13,25,4076.5,5,5,5,15,Champions
13421.0,785.3519760535528,40,8,4058.75,4,4,5,13,Champions
16791.0,783.1663160326333,29,15,3957.63,4,5,5,14,Champions
15752.0,782.1629699871769,40,9,3924.91,4,5,5,14,Champions
16041.0,781.8663881345504,31,3,3166.4,4,3,5,12,Loyal Customers
17422.0,779.8053753424354,16,11,3594.76,5,5,5,15,Champions
16800.0,778.6823244085588,11,1,1162.65,5,2,3,10,Potential Loyalists
18077.0,777.5617944476575,8,18,4078.79,5,5,5,15,Champions
13048.0,775.8476658077616,14,9,4049.13,5,5,5,15,Champions
12721.0,774.7490417695401,32,8,4013.08,4,4,5,13,Champions
15680.0,773.2152899715035,9,10,4028.69,5,5,5,15,Champions
17618.0,772.5517345062023,6,11,4001.64,5,5,5,15,Champions
15932.0,766.9450858465501,4,8,2495.87,5,4,4,13,Champions
14442.0,765.4692772580678,205,7,5367.0199999999995,2,4,5,11,Loyal Customers
16150.0,765.197810360715,43,10,4002.17,4,5,5,14,Champions
17702.0,765.181578855302,30,6,3144.04,4,4,5,13,Champions
13895.0,765.0788787644412,28,6,4008.52,4,4,5,13,Champions
13982.0,764.9260937616697,39,9,3954.29,4,5,5,14,Champions
15002.0,764.8341049700387,116,9,4138.08,3,5,5,13,Loyal Customers
15531.0,764.4541977729782,8,2,1972.39,5,2,4,11,Potential Loyalists
15572.0,764.2876437613918,5,10,3965.2,5,5,5,15,Champions
14913.0,761.3758622868728,36,8,4073.13,4,4,5,13,Champions
16841.0,759.7285764681926,37,12,4006.06,4,5,5,14,Champions
17667.0,757.2374501799882,66,9,3950.7,3,5,5,13,Loyal Customers
14439.0,756.4992121370294,320,5,9443.04,2,4,5,11,Loyal Customers
14963.0,755.2431789126368,10,12,3123.57,5,5,5,15,Champions
14903.0,754.1448301633897,21,5,2795.33,4,4,4,12,Champions
14262.0,753.8956270782658,8,8,2618.23,5,4,4,13,Champions
14047.0,753.7413243451908,9,14,3968.11,5,5,5,15,Champions
12657.0,753.6560891906117,11,4,1643.18,5,3,4,12,Loyal Customers
15571.0,753.5822000216067,12,14,3892.35,5,5,5,15,Champions
12912.0,752.4120038962415,3,5,1662.3,5,4,4,13,Champions
16209.0,750.4033249696711,89,9,4146.78,3,5,5,13,Loyal Customers
13687.0,750.2237372703719,438,1,11880.84,1,1,5,7,Needs Attention
12985.0,749.9297948329407,1,2,1239.38,5,2,4,11,Potential Loyalists
17218.0,747.9519839831914,4,18,3891.39,5,5,5,15,Champions
15676.0,747.9170173147145,19,3,3435.76,5,3,5,13,Loyal Customers
16477.0,747.4394209383894,64,11,4094.37,3,5,5,13,Loyal Customers
14711.0,747.4330096063859,10,11,2839.62,5,5,4,14,Champions
17727.0,744.695843294074,15,1,1060.25,5,2,3,10,Potential Loyalists
17813.0,744.4268216637967,14,5,1698.07,5,4,4,13,Champions
14498.0,743.8666618370459,43,10,3900.83,4,5,5,14,Champions
17954.0,742.7870566008364,5,19,3804.38,5,5,5,15,Champions
16218.0,742.7085336282219,30,13,3968.67,4,5,5,14,Champions
14408.0,741.8344653639708,11,11,4102.27,5,5,5,15,Champions
16474.0,741.6744753257112,7,7,1810.65,5,4,4,13,Champions
17287.0,741.4271123563742,26,21,3826.86,4,5,5,14,Champions
13461.0,741.0440597171914,39,6,4160.0,4,4,5,13,Champions
15834.0,740.1878919479599,70,7,3764.39,3,4,5,12,Loyal Customers
17451.0,739.873543507844,1,7,1721.4,5,4,4,13,Champions
12378.0,737.6760431925428,130,2,5416.32,3,2,5,10,Needs Attention
16098.0,737.3857435257806,88,14,4010.7,3,5,5,13,Loyal Customers
16918.0,736.525190085996,50,16,3206.54,4,5,5,14,Champions
13750.0,736.3415225557172,54,11,3602.1800000000003,4,5,5,14,Champions
12609.0,733.5400776638796,78,9,3435.86,3,5,5,13,Loyal Customers
14305.0,731.476474955978,71,3,1858.96,3,3,4,10,Loyal Customers
12597.0,731.371028147482,19,4,3811.22,5,3,5,13,Loyal Customers
12670.0,730.7087434403045,10,7,3760.29,5,4,5,14,Champions
15356.0,730.1899803453207,31,13,3239.57,4,5,5,14,Champions
12349.0,730.1119790347719,19,4,4428.69,5,3,5,13,Loyal Customers
17526.0,729.3936959444534,5,12,3939.24,5,5,5,15,Champions
12684.0,729.041413753288,8,7,2283.63,5,4,4,13,Champions
18122.0,726.3069209558191,8,6,1793.06,5,4,4,13,Champions
18259.0,725.57973295713,25,7,3941.9,4,4,5,13,Champions
17659.0,724.4138222834804,17,14,3586.9900000000002,5,5,5,15,Champions
13804.0,723.8410961376001,31,9,3161.12,4,5,5,14,Champions
15051.0,723.0799641625098,23,9,3926.91,4,5,5,14,Champions
13772.0,721.5555044627848,34,8,3100.02,4,4,5,13,Champions
15369.0,721.3256131339784,492,11,6251.26,1,5,5,11,Loyal Customers
15033.0,720.697681303034,5,10,2557.18,5,5,4,14,Champions
16910.0,718.8978800076231,4,8,1508.96,5,5,4,14,Champions
15050.0,716.7693589103623,25,5,4087.19,4,4,5,13,Champions
12631.0,716.239267944656,57,6,3481.57,4,4,5,13,Champions
14625.0,716.1025898486457,196,11,4497.88,2,5,5,12,Loyal Customers
15708.0,715.9207387863324,41,9,3887.15,4,5,5,14,Champions
14387.0,715.6682117336458,33,3,1727.6,4,3,4,11,Loyal Customers
15671.0,715.5010001892687,19,7,2657.13,5,4,4,13,Champions
13995.0,715.4007240940667,15,14,3902.01,5,5,5,15,Champions
14824.0,714.0640456631626,10,10,4022.9100000000003,5,5,5,15,Champions
14160.0,712.9757728965251,610,7,8421.47,1,4,5,10,Loyal Customers
12388.0,712.4903208284493,16,8,3901.11,5,4,5,14,Champions
17682.0,712.0879232604516,10,11,4065.28,5,5,5,15,Champions
13450.0,711.7502327140614,27,13,4120.04,4,5,5,14,Champions
16057.0,711.1816747222647,16,10,3854.85,5,5,5,15,Champions
14397.0,710.1449259476582,3,19,2612.96,5,5,4,14,Champions
16515.0,709.6289171837761,52,10,3179.06,4,5,5,14,Champions
12352.0,709.1424698508138,36,10,2849.84,4,5,4,13,Champions
13659.0,709.0222584156958,206,12,4884.68,2,5,5,12,Loyal Customers
15024.0,708.9768808361906,10,16,3559.39,5,5,5,15,Champions
12630.0,708.6759169556638,10,2,1270.88,5,2,4,11,Potential Loyalists
15916.0,708.4446100925644,16,13,3145.2400000000002,5,5,5,15,Champions
14649.0,707.7930159286946,5,9,3651.19,5,5,5,15,Champions
16790.0,705.0266834514995,4,6,1545.6200000000001,5,4,4,13,Champions
12520.0,700.72120813437,79,5,2634.26,3,4,4,11,Loyal Customers
16440.0,700.5330976411125,8,6,3856.9700000000003,5,4,5,14,Champions
12713.0,699.7068321165178,1,1,848.55,5,1,3,9,Potential Loyalists
12584.0,699.3269036543035,4,9,2338.15,5,5,4,14,Champions
16653.0,699.0974470457014,16,2,1212.66,5,2,3,10,Potential Loyalists
15701.0,698.1523958830018,2,4,1529.0,5,3,4,12,Loyal Customers
12619.0,697.636679108122,16,10,3781.38,5,5,5,15,Champions
17656.0,697.4260342442434,73,5,1674.69,3,4,4,11,Loyal Customers
12371.0,696.9120154212945,45,5,4067.38,4,4,5,13,Champions
12358.0,696.6881946115047,2,5,3887.07,5,4,5,14,Champions
15858.0,696.4369420570366,16,13,3552.41,5,5,5,15,Champions
17590.0,695.2320853709397,2,3,1468.02,5,3,4,12,Loyal Customers
12726.0,694.9964335946871,28,11,4014.6,4,5,5,14,Champions
17019.0,694.4947607067091,11,11,3602.29,5,5,5,15,Champions
14653.0,694.0638340339476,1,12,3593.06,5,5,5,15,Champions
14306.0,693.5000238974684,51,6,3151.4,4,4,5,13,Champions
16455.0,692.8377369895212,64,11,3995.57,3,5,5,13,Loyal Customers
14897.0,692.0266741039347,8,8,3140.54,5,4,5,14,Champions
15819.0,691.6610732245241,49,10,3934.79,4,5,5,14,Champions
12530.0,691.2781366596256,60,9,3759.26,3,5,5,13,Loyal Customers
17147.0,691.2436956713138,23,9,3199.95,4,5,5,14,Champions
15421.0,690.2671353343324,59,10,3805.34,4,5,5,14,Champions
17722.0,689.4934565983874,96,5,3520.2200000000003,3,4,5,12,Loyal Customers
17621.0,686.4950029654314,21,6,3175.12,4,4,5,13,Champions
14659.0,686.493027155329,9,9,2529.93,5,5,4,14,Champions
13481.0,685.6901270908456,46,11,3830.84,4,5,5,14,Champions
15059.0,685.0454790123086,41,19,3491.2,4,5,5,14,Champions
14593.0,684.5753499986906,22,12,3665.5299999999997,4,5,5,14,Champions
15114.0,684.1459948711374,30,12,3400.12,4,5,5,14,Champions
13979.0,683.8715748783012,73,7,3379.93,3,4,5,12,Loyal Customers
16871.0,683.6862692648696,22,6,2812.34,4,4,4,12,Champions
14698.0,683.632881213373,2,5,1217.27,5,4,3,12,Loyal Customers
15351.0,683.5635982836808,12,10,3430.22,5,5,5,15,Champions
15696.0,683.1187076212719,33,13,3881.2200000000003,4,5,5,14,Champions
15953.0,682.8173986328084,15,18,3440.3399999999997,5,5,5,15,Champions
16928.0,681.7493307310343,80,29,3897.5299999999997,3,5,5,13,Loyal Customers
15532.0,680.343329030198,25,10,3738.85,4,5,5,14,Champions
15444.0,679.2014800444102,9,2,1411.21,5,2,4,11,Potential Loyalists
14105.0,677.771770355061,239,5,5988.83,2,4,5,11,Loyal Customers
16395.0,677.4765963298793,61,14,3518.41,3,5,5,13,Loyal Customers
15983.0,677.4284821889926,22,8,3110.37,4,4,5,13,Champions
16983.0,677.1908155207025,13,11,3490.5299999999997,5,5,5,15,Champions
15811.0,676.7884844089525,22,7,3486.15,4,4,5,13,Champions
18044.0,676.7416195303715,4,18,3505.61,5,5,5,15,Champions
17293.0,675.8822403928785,8,17,3750.63,5,5,5,15,Champions
12646.0,675.6328571078308,5,2,1346.97,5,2,4,11,Potential Loyalists
17774.0,675.3374844092953,97,9,3273.83,3,5,5,13,Loyal Customers
12951.0,674.8500916443616,9,15,3213.7200000000003,5,5,5,15,Champions
12909.0,674.4215663634308,40,8,3103.19,4,4,5,13,Champions
16933.0,674.3484561526503,1,9,3099.3,5,5,5,15,Champions
16365.0,673.5734981231172,18,15,3167.34,5,5,5,15,Champions
12840.0,673.1799855214783,144,7,4041.97,3,4,5,12,Loyal Customers
16584.0,672.9829000443116,80,5,3156.17,3,4,5,12,Loyal Customers
15782.0,672.8087476263288,10,4,4014.1,5,3,5,13,Loyal Customers
17164.0,670.884456367312,33,7,2467.35,4,4,4,12,Champions
13588.0,670.8608176352191,16,9,2478.95,5,5,4,14,Champions
13126.0,670.817768447081,5,13,3774.81,5,5,5,15,Champions
15539.0,670.6276024377411,7,1,538.46,5,1,2,8,Potential Loyalists
15602.0,670.5833878709282,8,16,3137.96,5,5,5,15,Champions
13213.0,670.2935632078221,57,11,3851.52,4,5,5,14,Champions
13305.0,669.4404861751287,4,16,3616.41,5,5,5,15,Champions
15095.0,669.378878575565,104,10,3141.64,3,5,5,13,Loyal Customers
17071.0,669.2621029936009,28,13,3793.71,4,5,5,14,Champions
13692.0,668.5818548121746,25,5,3114.4,4,4,5,13,Champions
17311.0,668.3754319801343,78,6,3566.56,3,4,5,12,Loyal Customers
17806.0,668.0284445194928,11,1,546.04,5,2,2,9,Potential Loyalists
16128.0,667.1485548026108,18,11,3801.05,5,5,5,15,Champions
12937.0,666.2610345574515,15,9,3097.61,5,5,5,15,Champions
13813.0,665.2721425076045,40,8,2765.47,4,4,4,12,Champions
14502.0,664.7932305354809,20,11,2429.83,4,5,4,13,Champions
12501.0,663.7614210625984,337,1,2169.39,2,1,4,7,Needs Attention
16341.0,663.2261019337919,25,7,3850.79,4,4,5,13,Champions
14540.0,662.9804394861898,10,11,3709.64,5,5,5,15,Champions
12876.0,662.1256994353215,58,4,4081.79,4,3,5,12,Loyal Customers
15031.0,661.972194318749,4,14,3102.94,5,5,5,15,Champions
13823.0,661.7110636037976,19,7,3403.4500000000003,5,4,5,14,Champions
14842.0,661.7060463271815,44,4,2824.69,4,3,4,11,Loyal Customers
17211.0,661.6578672125002,27,13,3773.35,4,5,5,14,Champions
15370.0,661.4121229249757,41,8,3739.01,4,4,5,13,Champions
14309.0,660.602153839887,8,11,3780.81,5,5,5,15,Champions
14776.0,659.6031994564614,51,15,3708.3,4,5,5,14,Champions
17634.0,659.0181552099895,36,9,2358.59,4,5,4,13,Champions
12952.0,658.7590400098709,6,4,1387.79,5,3,4,12,Loyal Customers
15306.0,658.4794715228782,64,9,3484.73,3,5,5,13,Loyal Customers
15288.0,658.4435010244977,43,10,3715.38,4,5,5,14,Champions
14315.0,658.403172631477,45,8,3197.82,4,4,5,13,Champions
16208.0,658.3286161819465,45,10,3440.45,4,5,5,14,Champions
18242.0,658.2712436327317,72,8,3605.21,3,5,5,13,Loyal Customers
14217.0,658.0789448022349,2,23,3298.59,5,5,5,15,Champions
16066.0,658.0571239922486,17,5,1521.04,5,4,4,13,Champions
14215.0,657.8626546554376,12,9,3250.33,5,5,5,15,Champions
14154.0,657.8601793599765,239,8,6460.7,2,4,5,11,Loyal Customers
12391.0,657.5238411516912,22,6,2724.84,4,4,4,12,Champions
15255.0,657.1872189236983,67,9,3706.02,3,5,5,13,Loyal Customers
17723.0,656.751477409235,127,7,3378.4000000000005,3,4,5,12,Loyal Customers
16719.0,656.7071680168785,15,14,3513.62,5,5,5,15,Champions
15009.0,656.58313634064,12,3,1259.43,5,3,4,12,Loyal Customers
17913.0,655.8567959256103,59,14,3429.29,4,5,5,14,Champions
14507.0,655.4821140526278,24,11,3216.7400000000002,4,5,5,14,Champions
13538.0,655.2187800077203,43,12,3103.13,4,5,5,14,Champions
16076.0,654.9214501882217,3,10,2234.73,5,5,4,14,Champions
17063.0,654.4743413914274,21,13,3638.53,4,5,5,14,Champions
16950.0,653.5037479595262,57,10,3541.77,4,5,5,14,Champions
18219.0,652.4781512132496,3,17,3352.7000000000003,5,5,5,15,Champions
14655.0,651.6795207843527,8,7,3878.51,5,4,5,14,Champions
13650.0,651.506069990157,17,10,3288.0,5,5,5,15,Champions
14640.0,651.4175363437818,24,10,3649.36,4,5,5,14,Champions
13908.0,651.0878941180704,80,4,2369.55,3,3,4,10,Loyal Customers
13631.0,651.0247786024064,100,11,3070.42,3,5,5,13,Loyal Customers
13159.0,650.7493890113252,9,4,1429.35,5,3,4,12,Loyal Customers
13313.0,649.6262602372818,22,12,3445.32,4,5,5,14,Champions
16325.0,648.8179457409694,47,12,3597.5,4,5,5,14,Champions
16612.0,648.3891628606193,33,9,3245.43,4,5,5,14,Champions
13131.0,648.3550859242557,23,7,3313.77,4,4,5,13,Champions
15088.0,648.0018139697908,21,2,1160.07,4,2,3,9,Potential Loyalists
14744.0,647.9369219907361,16,14,3660.08,5,5,5,15,Champions
15058.0,647.6349262042323,25,16,3387.58,4,5,5,14,Champions
15712.0,647.2604866348906,9,12,3472.4100000000003,5,5,5,15,Champions
17679.0,647.1405869346092,53,7,3577.61,4,4,5,13,Champions
15569.0,646.611837576968,104,10,3583.45,3,5,5,13,Loyal Customers
17096.0,646.4408002982702,15,11,3697.93,5,5,5,15,Champions
14837.0,645.1482159054691,90,9,3460.32,3,5,5,13,Loyal Customers
14565.0,645.1286323206598,96,5,3859.2200000000003,3,4,5,12,Loyal Customers
14934.0,644.5483348204323,82,5,3503.5,3,4,5,12,Loyal Customers
16466.0,644.4925780520869,34,15,3767.09,4,5,5,14,Champions
17768.0,644.2817262293217,8,7,3292.73,5,4,5,14,Champions
13431.0,643.4162633446973,67,8,3316.24,3,4,5,12,Loyal Customers
13577.0,642.1691847210155,25,11,3489.28,4,5,5,14,Champions
13246.0,641.9452921192474,18,11,3351.75,5,5,5,15,Champions
17870.0,641.908149102241,2,13,2753.29,5,5,4,14,Champions
13521.0,641.6669034505051,1,3,1071.73,5,3,3,11,Loyal Customers
15494.0,641.06093097585,21,5,3702.6,4,4,5,13,Champions
15065.0,640.1472821867112,38,5,3326.86,4,4,5,13,Champions
14515.0,639.6779520337332,18,12,3724.06,5,5,5,15,Champions
17073.0,639.5146394403135,18,4,1446.09,5,4,4,13,Champions
12963.0,639.3447084513717,8,12,3235.79,5,5,5,15,Champions
14978.0,639.226745994705,72,10,3112.19,3,5,5,13,Loyal Customers
16444.0,638.7333032517288,46,17,3625.88,4,5,5,14,Champions
13467.0,638.4840876092853,11,2,1071.91,5,2,3,10,Potential Loyalists
13728.0,637.3741297691138,37,16,2855.17,4,5,4,13,Champions
15027.0,636.7840615966153,31,10,3195.6,4,5,5,14,Champions
15067.0,636.2977908239776,78,5,3862.88,3,4,5,12,Loyal Customers
17640.0,635.466604891773,87,6,3168.94,3,4,5,12,Loyal Customers
13632.0,634.7099114770789,25,8,3645.81,4,4,5,13,Champions
14044.0,633.8490390476221,27,10,3077.7,4,5,5,14,Champions
16358.0,633.7356831126202,1,5,2919.65,5,4,5,14,Champions
14064.0,632.7106057412324,29,15,3260.24,4,5,5,14,Champions
14857.0,632.1784373370293,60,7,3651.851,3,4,5,12,Loyal Customers
16007.0,632.1778456841698,48,7,3053.06,4,4,5,13,Champions
12882.0,631.6494874592338,9,2,1463.04,5,2,4,11,Potential Loyalists
14451.0,631.5976599047317,60,12,3258.68,3,5,5,13,Loyal Customers
14898.0,630.304490664997,23,14,3365.95,4,5,5,14,Champions
15827.0,629.8682797292827,73,28,3603.14,3,5,5,13,Loyal Customers
15398.0,629.8275886410011,16,2,1345.53,5,2,4,11,Potential Loyalists
17504.0,628.2043536168894,206,18,9490.17,2,5,5,12,Loyal Customers
13611.0,627.9583121912706,89,10,3297.9300000000003,3,5,5,13,Loyal Customers
13882.0,627.232892888082,3,5,1191.13,5,4,3,12,Loyal Customers
16094.0,626.8885528174368,12,11,3695.56,5,5,5,15,Champions
14740.0,626.5712277568413,197,11,4161.06,2,5,5,12,Loyal Customers
16347.0,626.0429546072785,11,11,3442.96,5,5,5,15,Champions
12457.0,625.2247015676755,66,8,2995.91,3,4,5,12,Loyal Customers
16748.0,625.2195666584801,18,14,3637.33,5,5,5,15,Champions
16688.0,625.1238754074815,1,4,1260.86,5,4,4,13,Champions
16295.0,625.0347179856301,10,4,1328.55,5,4,4,13,Champions
14524.0,624.8652081623018,32,13,2909.86,4,5,4,13,Champions
14285.0,624.5023452266034,21,8,3284.42,4,4,5,13,Champions
13736.0,624.4505850143205,5,7,2752.47,5,4,4,13,Champions
17354.0,624.3995798961283,51,4,3133.96,4,4,5,13,Champions
17750.0,623.0105310952175,5,9,1710.45,5,5,4,14,Champions
16271.0,622.0756303661594,3,10,3397.82,5,5,5,15,Champions
14005.0,621.8397763200732,10,5,2874.72,5,4,4,13,Champions
12689.0,621.767365206868,26,2,1247.61,4,2,4,10,Potential Loyalists
15967.0,621.4764039165549,23,12,2966.0,4,5,5,14,Champions
15140.0,621.4309629193327,52,8,3243.69,4,4,5,13,Champions
17848.0,621.1027640966342,81,30,3559.11,3,5,5,13,Loyal Customers
16383.0,620.6759915858738,75,7,2896.69,3,4,4,11,Loyal Customers
15754.0,620.315040813798,51,9,3037.61,4,5,5,14,Champions
12854.0,619.5216194208289,79,7,2970.9700000000003,3,4,5,12,Loyal Customers
13935.0,619.1267307783869,597,3,6116.92,1,3,5,9,Loyal Customers
16503.0,618.8265636727547,107,11,3614.34,3,5,5,13,Loyal Customers
15427.0,617.3719548684351,33,3,1430.54,4,3,4,11,Loyal Customers
14038.0,616.8680345140267,78,5,3069.88,3,4,5,12,Loyal Customers
13447.0,616.037845769006,23,3,1129.14,4,3,3,10,Loyal Customers
13929.0,615.3652099664948,169,11,3494.1,3,5,5,13,Loyal Customers
14621.0,615.0307507068967,1,9,3000.57,5,5,5,15,Champions
13810.0,614.8974124471547,29,3,1499.01,4,3,4,11,Loyal Customers
16053.0,613.3173777192021,33,6,3634.84,4,4,5,13,Champions
14608.0,612.9416436384251,4,11,3352.94,5,5,5,15,Champions
12478.0,612.5258489448063,4,1,680.99,5,1,3,9,Potential Loyalists
16560.0,612.4515972014763,27,8,3048.38,4,5,5,14,Champions
17566.0,612.3323446444357,8,2,869.77,5,3,3,11,Loyal Customers
14116.0,612.1172992600556,20,5,1382.74,4,4,4,12,Champions
17284.0,612.0709568716503,60,8,2788.06,3,5,4,12,Loyal Customers
12853.0,611.9735287400897,135,11,3907.5,3,5,5,13,Loyal Customers
16751.0,610.8034156442873,31,1,1764.72,4,2,4,10,Potential Loyalists
17997.0,610.704666272519,74,8,1962.46,3,5,4,12,Loyal Customers
14673.0,610.4066247605328,3,7,3037.32,5,4,5,14,Champions
13464.0,609.8125179283927,58,6,3097.64,4,4,5,13,Champions
16079.0,609.7213418429893,17,3,1352.0,5,3,4,12,Loyal Customers
12531.0,609.5640155059983,15,2,1933.2,5,2,4,11,Potential Loyalists
15392.0,609.2801028395701,5,7,2911.62,5,4,5,14,Champions
16416.0,609.1088095165518,27,9,2957.88,4,5,5,14,Champions
16539.0,609.0567489023596,3,10,3289.66,5,5,5,15,Champions
15380.0,608.4925388996414,9,11,3248.96,5,5,5,15,Champions
17444.0,607.742633608589,148,3,2940.04,3,3,5,11,Loyal Customers
13285.0,607.422845603417,23,6,3364.59,4,4,5,13,Champions
17655.0,607.1049988969313,11,9,2976.38,5,5,5,15,Champions
15810.0,604.8895025788701,79,8,2999.04,3,4,5,12,Loyal Customers
13849.0,604.6776433152564,52,5,3469.3,4,4,5,13,Champions
13037.0,604.6498954157788,138,12,3914.9500000000003,3,5,5,13,Loyal Customers
14293.0,603.5939658847351,3,9,2903.01,5,5,4,14,Champions
14409.0,602.5910495199328,71,9,3427.29,3,5,5,13,Loyal Customers
12739.0,602.0512681548217,78,4,2726.73,3,3,4,10,Loyal Customers
14912.0,601.7723347101822,17,6,1889.25,5,4,4,13,Champions
12398.0,600.1756831277554,46,1,1635.6599999999999,4,1,4,9,Potential Loyalists
13761.0,598.7379393868697,50,6,1952.17,4,4,4,12,Champions
12546.0,598.7288018580329,47,2,1161.5,4,2,3,9,Potential Loyalists
13557.0,598.6396024485184,28,13,3032.26,4,5,5,14,Champions
16618.0,598.633117705227,31,5,2647.59,4,4,4,12,Champions
14533.0,598.2330050565381,25,11,3466.37,4,5,5,14,Champions
15241.0,597.3136730552337,67,11,3050.16,3,5,5,13,Loyal Customers
13517.0,597.23772996715,60,3,2128.42,3,3,4,10,Loyal Customers
18210.0,597.226064805548,2,7,2768.83,5,4,4,13,Champions
15563.0,596.7108960979385,22,7,2859.46,4,4,4,12,Champions
16281.0,596.1658557154208,72,3,3424.02,3,3,5,11,Loyal Customers
15625.0,595.9943278415682,104,9,3236.4,3,5,5,13,Loyal Customers
16400.0,595.851550647475,95,9,3059.85,3,5,5,13,Loyal Customers
16407.0,594.9444492852323,13,14,2761.65,5,5,4,14,Champions
16554.0,594.7791055019694,42,8,2841.72,4,5,4,13,Champions
14434.0,594.2577130075322,22,6,1372.8,4,4,4,12,Champions
16376.0,592.8922800682855,9,2,974.96,5,2,3,10,Potential Loyalists
12676.0,592.6864744560459,25,11,2843.09,4,5,4,13,Champions
18188.0,592.3190291838223,15,6,3280.59,5,4,5,14,Champions
14882.0,591.6600113877779,27,14,3546.65,4,5,5,14,Champions
13635.0,590.997127963108,68,4,2999.16,3,3,5,11,Loyal Customers
17530.0,590.5723888562038,1,12,2791.69,5,5,4,14,Champions
16755.0,590.237863528318,114,7,2864.68,3,4,4,11,Loyal Customers
12611.0,590.1318487870511,52,1,1193.32,4,1,3,8,Potential Loyalists
15665.0,590.0697211343027,168,5,3987.07,3,4,5,12,Loyal Customers
13503.0,589.9839653208948,71,6,1859.24,3,4,4,11,Loyal Customers
12877.0,589.7784019437547,4,20,2942.14,5,5,5,15,Champions
13110.0,589.2853750410655,31,12,2957.4700000000003,4,5,5,14,Champions
12658.0,588.0706579052478,19,1,686.05,5,1,3,9,Potential Loyalists
16104.0,587.2875717180175,62,9,2774.46,3,5,4,12,Loyal Customers
13425.0,587.2533906723593,108,5,3390.4300000000003,3,4,5,12,Loyal Customers
15105.0,586.9107897440463,18,9,3094.91,5,5,5,15,Champions
16173.0,586.2359727022744,16,6,1418.32,5,4,4,13,Champions
17015.0,586.1035404694799,29,3,1838.6100000000001,4,3,4,11,Loyal Customers
15791.0,585.5893429550332,44,5,3608.34,4,4,5,13,Champions
12635.0,585.4850994079424,90,4,2930.41,3,3,5,11,Loyal Customers
14869.0,585.1964574263305,9,6,2778.14,5,4,4,13,Champions
15373.0,584.8589420031499,8,17,3084.54,5,5,5,15,Champions
15329.0,584.0267265843858,39,11,2958.83,4,5,5,14,Champions
17829.0,583.9056649651702,299,5,4756.74,2,4,5,11,Loyal Customers
12649.0,583.8791702199595,107,8,2294.65,3,4,4,11,Loyal Customers
13764.0,583.822239946334,71,6,2919.62,3,4,5,12,Loyal Customers
17115.0,583.7797793814459,8,7,2761.4900000000002,5,4,4,13,Champions
15312.0,583.4936594857271,75,12,2930.19,3,5,5,13,Loyal Customers
15136.0,583.2480374570553,3,4,1286.7,5,3,4,12,Loyal Customers
17828.0,583.0174496855082,23,4,1820.09,4,4,4,12,Champions
13862.0,582.7266507498018,18,9,2556.09,5,5,4,14,Champions
17100.0,582.4454427305316,18,2,971.74,5,3,3,11,Loyal Customers
14234.0,582.3446810733291,22,4,754.12,4,3,3,10,Loyal Customers
15877.0,582.2280329311085,2,2,490.33,5,2,2,9,Potential Loyalists
15073.0,581.5149427959586,10,8,2788.02,5,4,4,13,Champions
15272.0,580.9672206992185,57,6,2030.95,4,4,4,12,Champions
13890.0,580.3746233942793,1,14,2927.38,5,5,5,15,Champions
13596.0,580.2709992507127,6,2,664.11,5,2,3,10,Potential Loyalists
14312.0,580.1143955984473,47,11,3090.29,4,5,5,14,Champions
12865.0,579.9825884772756,26,4,3323.47,4,3,5,12,Loyal Customers
14971.0,578.9971314326391,35,3,1097.98,4,3,3,10,Loyal Customers
12488.0,577.7250337985297,10,3,1298.66,5,3,4,12,Loyal Customers
13330.0,577.4330123925142,93,6,2796.1,3,4,4,11,Loyal Customers
18171.0,576.5763967156204,59,9,2437.31,4,5,4,13,Champions
17481.0,576.4311452139932,4,4,1255.59,5,4,4,13,Champions
12364.0,576.3869855933751,8,4,1313.1,5,3,4,12,Loyal Customers
12653.0,576.3002565695017,149,3,4160.83,3,3,5,11,Loyal Customers
12423.0,576.2829326294943,1,10,2622.39,5,5,4,14,Champions
17924.0,575.9849765894478,12,8,3257.7000000000003,5,5,5,15,Champions
17461.0,575.856861405382,23,3,735.82,4,3,3,10,Loyal Customers
13848.0,575.717862771789,92,8,3015.0,3,4,5,12,Loyal Customers
17744.0,575.5720050042208,4,7,2649.14,5,4,4,13,Champions
16059.0,575.3928610875288,66,12,3053.57,3,5,5,13,Loyal Customers
13715.0,575.0229060161055,281,17,8153.04,2,5,5,12,Loyal Customers
16546.0,574.8966449987566,291,5,5307.07,2,4,5,11,Loyal Customers
17090.0,574.7466321388771,4,13,3080.1800000000003,5,5,5,15,Champions
14261.0,574.6919842601669,51,2,1163.45,4,2,3,9,Potential Loyalists
14410.0,574.6149323353017,92,11,2631.9,3,5,4,12,Loyal Customers
12640.0,574.5128293882334,24,3,1174.58,4,3,3,10,Loyal Customers
17308.0,574.5084960325307,393,2,4511.76,2,3,5,10,Loyal Customers
13734.0,574.3636035928412,509,4,6695.6900000000005,1,3,5,9,Loyal Customers
17368.0,573.6742187507559,23,14,2758.29,4,5,4,13,Champions
15621.0,573.3658005354812,4,4,1293.03,5,3,4,12,Loyal Customers
14700.0,572.679797531259,32,5,3076.06,4,4,5,13,Champions
18016.0,571.5813604306817,32,7,1954.56,4,4,4,12,Champions
16669.0,571.4968672254803,24,3,1348.88,4,3,4,11,Loyal Customers
12849.0,571.4719120744294,31,6,3042.47,4,4,5,13,Champions
17884.0,570.2271330153978,4,20,2698.47,5,5,4,14,Champions
14421.0,570.1218490020212,57,6,2469.37,4,4,4,12,Champions
14555.0,569.9560196776538,57,6,2304.03,4,4,4,12,Champions
13477.0,569.3701319194735,38,11,2819.17,4,5,4,13,Champions
15157.0,569.1611828814207,4,5,2654.11,5,4,4,13,Champions
16190.0,569.0430850648612,40,8,2723.55,4,5,4,13,Champions
16120.0,568.4267906253074,59,6,2967.51,4,4,5,13,Champions
15965.0,568.0982477578914,17,13,2771.94,5,5,4,14,Champions
15366.0,567.9164666185557,75,7,2389.08,3,4,4,11,Loyal Customers
12528.0,567.7484628157573,9,6,1933.48,5,4,4,13,Champions
15511.0,567.7267551196883,12,5,900.53,5,4,3,12,Loyal Customers
13192.0,567.3556851982461,95,6,2558.58,3,4,4,11,Loyal Customers
17043.0,567.2808728356252,32,8,2593.65,4,5,4,13,Champions
13203.0,566.1238704905312,10,10,2648.25,5,5,4,14,Champions
17095.0,565.7958651729563,23,7,2572.25,4,4,4,12,Champions
17623.0,565.7181139501196,33,7,2365.77,4,4,4,12,Champions
16775.0,565.4808543123179,10,16,2820.84,5,5,4,14,Champions
13824.0,565.4485076766181,33,12,3314.76,4,5,5,14,Champions
18283.0,565.0465995500145,4,22,2664.9,5,5,4,14,Champions
15453.0,564.681046004125,2,7,1371.77,5,4,4,13,Champions
13344.0,563.5300969181524,68,3,2511.69,3,3,4,10,Loyal Customers
15910.0,563.2727312105835,1,15,2661.17,5,5,4,14,Champions
14295.0,562.8608667432832,40,5,2362.91,4,4,4,12,Champions
13591.0,562.8081758404769,65,7,2093.94,3,4,4,11,Loyal Customers
14178.0,562.5830088639929,9,7,1600.26,5,4,4,13,Champions
13186.0,562.2637864871223,40,3,1575.89,4,3,4,11,Loyal Customers
16817.0,561.6912407434928,3,13,2560.7,5,5,4,14,Champions
13456.0,561.676994786877,18,6,1766.72,5,4,4,13,Champions
14937.0,561.6357382599679,57,3,1621.88,4,3,4,11,Loyal Customers
16225.0,561.6015927026425,45,15,2859.31,4,5,4,13,Champions
17500.0,561.404777236754,17,3,1138.0,5,3,3,11,Loyal Customers
12754.0,561.3956117114268,236,3,3010.74,2,3,5,10,Loyal Customers
13455.0,561.2762294993336,25,6,2212.9900000000002,4,4,4,12,Champions
13623.0,561.0535782433847,31,10,2533.06,4,5,4,13,Champions
14396.0,560.9084835597741,65,7,1969.38,3,4,4,11,Loyal Customers
15977.0,560.8929015626103,17,2,1054.73,5,2,3,10,Potential Loyalists
13652.0,560.056386028707,46,5,2262.05,4,4,4,12,Champions
16426.0,559.4682734670132,2,10,1863.76,5,5,4,14,Champions
15156.0,558.4090236614568,1,3,961.49,5,3,3,11,Loyal Customers
18167.0,558.3165462200069,23,3,1384.8600000000001,4,3,4,11,Loyal Customers
15611.0,558.0683947471921,10,26,2997.28,5,5,5,15,Champions
16434.0,557.7724787012082,29,12,2673.69,4,5,4,13,Champions
14817.0,557.7465207718623,200,7,3959.86,2,4,5,11,Loyal Customers
17553.0,557.6091312546869,130,4,3757.6,3,4,5,12,Loyal Customers
16012.0,557.3867540892081,35,5,2978.59,4,4,5,13,Champions
13365.0,557.2305427191731,34,2,2225.37,4,2,4,10,Potential Loyalists
12526.0,556.9667617817893,1,3,1316.66,5,3,4,12,Loyal Customers
15757.0,556.8778156442272,66,6,2940.36,3,4,5,12,Loyal Customers
15549.0,556.5217173496399,77,8,2334.16,3,4,4,11,Loyal Customers
15990.0,556.3568099610719,44,7,1997.75,4,4,4,12,Champions
12770.0,556.2123691500627,211,2,3246.45,2,2,5,9,At Risk - Low Value
12772.0,556.1816971394255,60,1,892.47,3,1,3,7,Needs Attention
13860.0,556.1628440545024,1,5,1245.9,5,4,4,13,Champions
14696.0,555.9947529556774,4,8,2473.28,5,4,4,13,Champions
13615.0,555.55953777359,319,8,6272.53,2,4,5,11,Loyal Customers
14226.0,555.4955233201637,29,6,2985.13,4,4,5,13,Champions
15594.0,554.9075712986277,16,5,1771.78,5,4,4,13,Champions
14506.0,554.8791561766183,17,7,2960.25,5,4,5,14,Champions
15862.0,554.6941615982875,8,13,2512.29,5,5,4,14,Champions
12625.0,554.6781709704147,212,4,5164.88,2,3,5,10,Loyal Customers
14431.0,554.4775688208359,303,4,2614.2,2,3,4,9,Loyal Customers
14730.0,554.2713371355902,1,8,1897.57,5,4,4,13,Champions
17846.0,553.8701437319029,85,1,2033.1,3,2,4,9,Needs Attention
16511.0,553.7789831552092,22,6,1760.49,4,4,4,12,Champions
13077.0,553.6375317421739,1,11,2740.65,5,5,4,14,Champions
14404.0,553.4712848938727,34,13,2724.13,4,5,4,13,Champions
15197.0,553.3393400078917,11,6,1877.51,5,4,4,13,Champions
15267.0,552.9597478492923,22,5,1717.36,4,4,4,12,Champions
13946.0,552.9508075563604,79,6,1876.23,3,4,4,11,Loyal Customers
16966.0,552.1221793753676,8,7,2154.97,5,4,4,13,Champions
12838.0,551.5457802033112,34,10,2975.91,4,5,5,14,Champions
14916.0,551.4731232560617,71,8,3042.95,3,4,5,12,Loyal Customers
14887.0,551.1958281225031,79,1,1862.0,3,1,4,8,Needs Attention
16470.0,551.0037799206935,52,11,2416.85,4,5,4,13,Champions
13032.0,550.9134018247785,52,9,2815.96,4,5,4,13,Champions
12820.0,550.7574893826621,3,11,2689.52,5,5,4,14,Champions
17320.0,550.3787180989602,100,6,2444.85,3,4,4,11,Loyal Customers
18204.0,550.0827269932249,71,3,1975.35,3,3,4,10,Loyal Customers
13211.0,549.957613035326,10,10,2618.77,5,5,4,14,Champions
14152.0,549.7483192884256,75,7,1997.3400000000001,3,4,4,11,Loyal Customers
12826.0,549.5011188762091,3,12,2800.75,5,5,4,14,Champions
15822.0,549.4845744554897,3,6,1840.06,5,4,4,13,Champions
16359.0,549.4618835230264,7,16,2697.75,5,5,4,14,Champions
14081.0,549.3033617146127,302,10,4867.57,2,5,5,12,Loyal Customers
17929.0,548.814481820953,11,12,3082.1,5,5,5,15,Champions
18179.0,548.6130642856235,9,8,2547.55,5,5,4,14,Champions
13889.0,548.5422872506748,93,6,1991.23,3,4,4,11,Loyal Customers
18170.0,548.3760950164921,33,9,2878.0,4,5,4,13,Champions
13196.0,548.3022552650283,11,7,3068.84,5,4,5,14,Champions
16361.0,548.1434796964306,10,4,891.21,5,4,3,12,Loyal Customers
15172.0,547.6562568422031,9,5,1624.05,5,4,4,13,Champions
14691.0,547.4946647928585,31,5,2114.33,4,4,4,12,Champions
15214.0,547.4269770384309,2,8,1661.44,5,4,4,13,Champions
14407.0,547.3386886011481,107,6,2157.73,3,4,4,11,Loyal Customers
14967.0,547.2152947415937,50,6,1982.6100000000001,4,4,4,12,Champions
13700.0,547.0633613109475,26,13,2596.9700000000003,4,5,4,13,Champions
17138.0,546.676114070455,276,7,4417.27,2,4,5,11,Loyal Customers
12857.0,545.776338075514,211,6,3688.0,2,4,5,11,Loyal Customers
13784.0,545.7611090846793,10,14,2910.23,5,5,5,15,Champions
17350.0,545.657147151417,8,7,1893.701,5,4,4,13,Champions
17230.0,545.6154067724743,264,18,9388.49,2,5,5,12,Loyal Customers
16015.0,545.5911082851597,4,3,704.55,5,3,3,11,Loyal Customers
15865.0,544.7136754329489,41,5,2241.42,4,4,4,12,Champions
14595.0,544.5084910341606,20,8,2164.45,4,4,4,12,Champions
17591.0,544.3450071486977,73,8,2339.32,3,5,4,12,Loyal Customers
13647.0,544.2244367572662,10,8,3041.68,5,4,5,14,Champions
16045.0,543.9704836977513,120,8,3434.9300000000003,3,4,5,12,Loyal Customers
12623.0,543.7594576345568,276,7,3747.84,2,4,5,11,Loyal Customers
16101.0,543.2121525071115,71,4,3229.16,3,4,5,12,Loyal Customers
16229.0,543.0068613562614,87,6,2867.86,3,4,4,11,Loyal Customers
14719.0,542.9727331048906,2,5,1581.84,5,4,4,13,Champions
15747.0,542.676699163605,13,9,2499.81,5,5,4,14,Champions
13630.0,542.5299029415058,5,7,2031.78,5,4,4,13,Champions
15274.0,542.2190668373688,4,2,716.57,5,2,3,10,Potential Loyalists
16620.0,542.1113638525668,4,6,1758.93,5,4,4,13,Champions
12607.0,541.820368139519,60,1,1579.51,3,1,4,8,Needs Attention
15500.0,541.1685871804417,8,4,1131.56,5,3,3,11,Loyal Customers
17047.0,541.1538237119644,85,6,2289.23,3,4,4,11,Loyal Customers
15489.0,540.9541909863669,23,8,2419.61,4,4,4,12,Champions
18082.0,540.6464275785852,26,1,680.84,4,2,3,9,Potential Loyalists
14102.0,540.6206644013674,5,5,1105.8799999999999,5,4,3,12,Loyal Customers
17508.0,540.6107137650296,281,8,4579.23,2,5,5,12,Loyal Customers
17242.0,540.3406761501655,108,5,2889.28,3,4,4,11,Loyal Customers
14414.0,539.6834625327203,92,8,2399.33,3,4,4,11,Loyal Customers
13473.0,539.4655023121662,61,8,2657.7599999999998,3,4,4,11,Loyal Customers
15807.0,539.0866286735347,50,5,1817.52,4,4,4,12,Champions
15978.0,539.0590192008716,77,3,3279.42,3,3,5,11,Loyal Customers
15066.0,539.0392475085858,53,1,893.59,4,1,3,8,Potential Loyalists
16987.0,538.9295851946644,3,11,2521.4,5,5,4,14,Champions
18241.0,538.4806781315556,10,21,2986.9900000000002,5,5,5,15,Champions
12393.0,538.4420222743836,72,6,2399.4500000000003,3,4,4,11,Loyal Customers
16979.0,538.2264270259737,4,9,2859.74,5,5,4,14,Champions
16813.0,538.0465794810963,8,10,1652.18,5,5,4,14,Champions
17048.0,537.6327486983618,118,7,2071.68,3,4,4,11,Loyal Customers
12412.0,537.3050514717512,75,6,2596.93,3,4,4,11,Loyal Customers
13253.0,536.9937634384597,157,4,2951.11,3,3,5,11,Loyal Customers
17288.0,536.8881480080107,9,11,2468.43,5,5,4,14,Champions
16762.0,536.8811667832069,20,3,1207.24,4,3,3,10,Loyal Customers
13044.0,536.6344058271503,291,11,4848.05,2,5,5,12,Loyal Customers
15434.0,536.4702181348935,8,11,2567.06,5,5,4,14,Champions
16206.0,536.2229363835285,55,13,2589.87,4,5,4,13,Champions
12669.0,536.1366318283834,151,3,2744.0299999999997,3,3,4,10,Loyal Customers
16942.0,536.0790858403476,13,9,1904.99,5,5,4,14,Champions
12948.0,536.018708318024,16,9,2317.43,5,5,4,14,Champions
12976.0,535.843704006719,212,8,3156.38,2,4,5,11,Loyal Customers
17931.0,535.5662004708316,134,14,3402.24,3,5,5,13,Loyal Customers
13417.0,534.2639436890614,5,6,1669.49,5,4,4,13,Champions
17731.0,534.103911268752,79,6,1708.99,3,4,4,11,Loyal Customers
16742.0,534.0838210592359,47,14,2799.87,4,5,4,13,Champions
12468.0,533.5686729430327,188,5,3670.74,3,4,5,12,Loyal Customers
16062.0,533.3424305442246,10,8,2863.45,5,5,4,14,Champions
15704.0,532.6544377556105,140,6,3734.6600000000003,3,4,5,12,Loyal Customers
14093.0,532.0587122457598,12,1,433.86,5,1,2,8,Potential Loyalists
16485.0,532.0502137161913,77,5,2287.19,3,4,4,11,Loyal Customers
15933.0,531.9702898414913,21,3,1107.46,4,3,3,10,Loyal Customers
15576.0,531.4103828613219,38,1,921.37,4,1,3,8,Potential Loyalists
15057.0,531.2770835440776,275,5,3255.96,2,4,5,11,Loyal Customers
15660.0,531.118072014979,25,15,2603.69,4,5,4,13,Champions
17353.0,530.6273155613931,129,4,3242.0,3,4,5,12,Loyal Customers
18130.0,530.4381223854788,15,3,1059.39,5,3,3,11,Loyal Customers
16464.0,530.2725723776807,20,3,1298.66,4,3,4,11,Loyal Customers
14856.0,530.164624417709,36,3,1290.53,4,3,4,11,Loyal Customers
15681.0,530.1107336114618,25,14,2989.7,4,5,5,14,Champions
15721.0,529.7237773755438,12,1,471.40000000000003,5,1,2,8,Potential Loyalists
12446.0,528.20225137996,58,1,1002.3100000000001,4,1,3,8,Potential Loyalists
15793.0,528.0322264300329,15,8,2399.57,5,4,4,13,Champions
12374.0,527.7637189182103,25,4,2989.2200000000003,4,3,5,12,Loyal Customers
16759.0,527.5506932153346,8,3,789.79,5,3,3,11,Loyal Customers
17414.0,527.3978813625333,44,6,2249.52,4,4,4,12,Champions
14511.0,526.7551267212367,11,5,1314.81,5,4,4,13,Champions
16118.0,526.2297764199353,653,1,4376.25,1,1,5,7,Needs Attention
16086.0,525.547224325497,59,10,2687.73,4,5,4,13,Champions
16085.0,525.4873763643412,23,12,2341.03,4,5,4,13,Champions
13135.0,525.4261987156762,197,2,3371.45,2,2,5,9,At Risk - Low Value
14188.0,524.9287408371017,31,6,2054.36,4,4,4,12,Champions
13091.0,524.8833768580255,28,3,2321.82,4,3,4,11,Loyal Customers
14477.0,524.0166171150739,20,7,1969.6,4,4,4,12,Champions
16249.0,523.4672292034029,53,5,1800.07,4,4,4,12,Champions
15275.0,523.1579507024283,38,1,615.14,4,1,3,8,Potential Loyalists
14541.0,522.3994871997452,59,14,2491.38,4,5,4,13,Champions
14276.0,522.2351040006346,99,7,2102.68,3,4,4,11,Loyal Customers
12674.0,521.3282003799667,39,4,1970.6,4,3,4,11,Loyal Customers
14140.0,521.0041293796116,4,2,935.05,5,2,3,10,Potential Loyalists
13558.0,520.9740225873174,6,4,594.52,5,3,2,10,Needs Attention
14161.0,520.661870792666,216,7,2996.93,2,4,5,11,Loyal Customers
13012.0,520.6375505077981,9,11,2957.83,5,5,5,15,Champions
13173.0,520.5761892360492,4,11,2399.82,5,5,4,14,Champions
16744.0,520.072951780674,11,7,1291.91,5,4,4,13,Champions
15841.0,519.4562525970869,73,9,2742.41,3,5,4,12,Loyal Customers
14923.0,519.1338775797059,51,1,749.1,4,1,3,8,Potential Loyalists
12516.0,519.1041958132761,78,4,2648.62,3,3,4,10,Loyal Customers
13719.0,518.7959617218805,15,11,2783.08,5,5,4,14,Champions
13052.0,518.6858715917792,212,7,3119.33,2,4,5,11,Loyal Customers
17837.0,517.0376577753801,42,8,1541.23,4,5,4,13,Champions
17790.0,516.5978824162968,27,20,2779.41,4,5,4,13,Champions
15797.0,516.5356886565105,113,6,2821.08,3,4,4,11,Loyal Customers
13212.0,516.253684843265,20,3,786.83,4,3,3,10,Loyal Customers
17379.0,516.1839712286596,11,1,389.71999999999997,5,2,2,9,Potential Loyalists
17387.0,515.6410825649956,20,2,746.81,4,3,3,10,Loyal Customers
14544.0,515.3778018685637,24,3,2938.53,4,3,5,12,Loyal Customers
15787.0,515.3583781291096,26,3,933.26,4,3,3,10,Loyal Customers
16711.0,514.5412247414185,3,9,2868.48,5,5,4,14,Champions
17262.0,514.3699312382556,52,11,2488.76,4,5,4,13,Champions
17386.0,514.2633815548271,8,7,2812.77,5,4,4,13,Champions
12479.0,513.7261272815089,11,1,527.2,5,1,2,8,Potential Loyalists
16533.0,513.6892798490542,19,3,1082.81,5,3,3,11,Loyal Customers
15906.0,512.5959853520493,20,10,2530.19,4,5,4,13,Champions
17244.0,512.0130680077685,53,5,1826.04,4,4,4,12,Champions
14665.0,511.97948742202317,61,7,2749.65,3,4,4,11,Loyal Customers
14644.0,511.7926379750747,68,7,2247.72,3,4,4,11,Loyal Customers
14164.0,511.4700936668283,71,2,1631.77,3,2,4,9,Needs Attention
18276.0,511.23420374969294,44,6,1656.52,4,4,4,12,Champions
15860.0,511.2183116726467,41,17,2361.3,4,5,4,13,Champions
15339.0,511.1339466758859,66,7,1821.02,3,4,4,11,Loyal Customers
16513.0,511.08000299190996,5,4,874.59,5,4,3,12,Loyal Customers
13725.0,510.82254468462787,50,8,1980.56,4,4,4,12,Champions
16551.0,510.72897494923035,96,7,2237.12,3,4,4,11,Loyal Customers
12936.0,510.26669832259375,17,4,1063.9,5,3,3,11,Loyal Customers
18235.0,509.5792206595055,72,3,1796.48,3,3,4,10,Loyal Customers
12924.0,509.389196306405,88,12,2469.4,3,5,4,12,Loyal Customers
12723.0,508.81916063418174,4,5,725.07,5,4,3,12,Loyal Customers
12586.0,508.62084578743156,17,4,2062.67,5,3,4,12,Loyal Customers
15182.0,508.5685880104887,154,11,2998.952,3,5,5,13,Loyal Customers
14664.0,508.449972860341,20,2,636.24,4,2,3,9,Potential Loyalists
16660.0,508.3468008609473,16,7,1879.55,5,4,4,13,Champions
16676.0,507.81179987586813,34,6,2361.9,4,4,4,12,Champions
14790.0,507.671280374306,17,10,2526.62,5,5,4,14,Champions
17646.0,506.9480495074119,219,12,3898.79,2,5,5,12,Loyal Customers
15265.0,506.8317846674841,151,4,3345.64,3,3,5,11,Loyal Customers
17324.0,506.28167128936,18,12,2171.07,5,5,4,14,Champions
16900.0,506.09280563087157,17,3,887.11,5,3,3,11,Loyal Customers
14669.0,506.0814607075985,242,7,3216.78,2,4,5,11,Loyal Customers
12733.0,504.6973000370947,234,4,2424.87,2,3,4,9,Loyal Customers
17228.0,504.42132788511003,16,13,2820.03,5,5,4,14,Champions
16083.0,504.27159454204696,101,4,2351.42,3,4,4,11,Loyal Customers
17797.0,504.260094976242,22,8,1971.87,4,5,4,13,Champions
17914.0,504.1077998337957,4,1,329.36,5,2,2,9,Potential Loyalists
17936.0,504.0072459562876,5,1,380.13,5,2,2,9,Potential Loyalists
14756.0,503.8622892389803,15,3,2653.76,5,3,4,12,Loyal Customers
13208.0,502.88131560768534,59,9,1976.3,4,5,4,13,Champions
13291.0,502.57106460455924,156,11,3270.79,3,5,5,13,Loyal Customers
17653.0,502.55209119849906,37,4,1207.56,4,4,3,11,Loyal Customers
15021.0,501.9684730564443,9,12,2500.59,5,5,4,14,Champions
16056.0,501.8141581546297,45,1,650.75,4,1,3,8,Potential Loyalists
14071.0,501.0289382580337,4,8,1437.57,5,4,4,13,Champions
16005.0,500.3199189913043,12,10,2365.4900000000002,5,5,4,14,Champions
13134.0,500.30605254770023,86,6,2475.23,3,4,4,11,Loyal Customers
14177.0,500.1769782031144,86,13,2209.69,3,5,4,12,Loyal Customers
17180.0,499.6993216443182,56,11,2236.77,4,5,4,13,Champions
15815.0,499.27424548859864,64,5,2100.6,3,4,4,11,Loyal Customers
17193.0,498.17340782073353,36,9,2310.04,4,5,4,13,Champions
17075.0,497.6578231704787,18,10,2236.63,5,5,4,14,Champions
15220.0,497.55498225444774,52,6,1778.96,4,4,4,12,Champions
17272.0,496.4344724925764,42,4,2148.63,4,4,4,12,Champions
15142.0,496.4062204144074,46,6,2619.92,4,4,4,12,Champions
17162.0,496.03823696011483,29,10,1715.46,4,5,4,13,Champions
17490.0,495.7711118863265,1,9,2750.5,5,5,4,14,Champions
17018.0,495.64993009894107,41,6,2287.7,4,4,4,12,Champions
15235.0,494.87696464617716,218,16,2772.76,2,5,4,11,Loyal Customers
17629.0,494.65205294068534,6,10,2455.52,5,5,4,14,Champions
17552.0,493.86610956058615,60,12,2786.77,3,5,4,12,Loyal Customers
15550.0,493.62049104569655,4,12,2211.05,5,5,4,14,Champions
13265.0,493.58019889276164,53,5,2092.66,4,4,4,12,Champions
14091.0,493.2790807852146,654,2,9530.08,1,2,5,8,At Risk - Low Value
14467.0,493.15328604646123,18,12,2203.2400000000002,5,5,4,14,Champions
13790.0,492.99713652314074,4,1,348.8,5,1,2,8,Potential Loyalists
12701.0,492.87534000514853,80,6,2446.41,3,4,4,11,Loyal Customers
15079.0,492.0062906269632,213,11,3625.4,2,5,5,12,Loyal Customers
16369.0,491.88468123141683,18,7,2656.56,5,4,4,13,Champions
18168.0,491.8390205398138,176,16,3435.5,3,5,5,13,Loyal Customers
14035.0,491.8097218776149,29,9,2794.75,4,5,4,13,Champions
17388.0,491.7522615477962,78,11,2675.37,3,5,4,12,Loyal Customers
14748.0,491.72273695117514,29,10,2681.9,4,5,4,13,Champions
15596.0,491.65916665732277,101,9,2727.72,3,5,4,12,Loyal Customers
17029.0,491.154522496456,111,7,2137.3,3,4,4,11,Loyal Customers
13695.0,491.1540415653059,31,16,2770.73,4,5,4,13,Champions
14867.0,490.92373008051317,186,16,2952.06,3,5,5,13,Loyal Customers
14810.0,490.6819502695625,41,13,2354.03,4,5,4,13,Champions
18192.0,490.62564628485234,72,1,957.97,3,2,3,8,Needs Attention
13662.0,490.4154175468077,86,11,2233.61,3,5,4,12,Loyal Customers
14233.0,490.3529186812459,49,7,2904.27,4,4,4,12,Champions
14737.0,490.2341330455853,4,4,3554.17,5,3,5,13,Loyal Customers
13055.0,489.5779646910717,78,4,2321.11,3,3,4,10,Loyal Customers
17463.0,489.56625633544354,16,7,2535.26,5,4,4,13,Champions
17534.0,489.34027062876675,54,5,1668.83,4,4,4,12,Champions
14488.0,489.0390181702095,68,1,1064.28,3,1,3,7,Needs Attention
17911.0,488.81823323138156,9,1,366.23,5,2,2,9,Potential Loyalists
16463.0,488.77538039271343,21,4,1422.4,4,4,4,12,Champions
17470.0,488.37277050247076,45,11,2626.47,4,5,4,13,Champions
13184.0,488.26738147576725,15,10,1668.95,5,5,4,14,Champions
12592.0,487.8944634316,92,5,2582.66,3,4,4,11,Loyal Customers
16164.0,487.66050454383657,17,3,822.48,5,3,3,11,Loyal Customers
12407.0,487.32719957628325,50,5,1708.1200000000001,4,4,4,12,Champions
14006.0,486.86847891134636,116,7,2196.67,3,4,4,11,Loyal Customers
17197.0,486.3625906025563,30,1,1013.01,4,2,3,9,Potential Loyalists
17985.0,485.81070285059087,22,1,631.35,4,2,3,9,Potential Loyalists
13434.0,485.7900125906823,74,5,1666.8600000000001,3,4,4,11,Loyal Customers
14770.0,484.5276303665069,232,8,3637.64,2,4,5,11,Loyal Customers
13396.0,484.0744338503617,29,2,1360.99,4,2,4,10,Potential Loyalists
14715.0,483.194002777223,25,8,1825.45,4,4,4,12,Champions
15164.0,483.11046546090927,69,9,2028.1100000000001,3,5,4,12,Loyal Customers
17720.0,481.9928007962772,26,10,2666.91,4,5,4,13,Champions
13040.0,481.87366588443945,9,2,676.99,5,2,3,10,Potential Loyalists
17597.0,481.83831088412245,214,5,3484.09,2,4,5,11,Loyal Customers
15654.0,481.1461713999301,9,2,922.53,5,2,3,10,Potential Loyalists
18177.0,481.0783886891866,31,9,2216.32,4,5,4,13,Champions
16595.0,480.6925979172716,61,5,1757.75,3,4,4,11,Loyal Customers
12603.0,480.43039479321965,22,1,739.1999999999999,4,1,3,8,Potential Loyalists
14710.0,480.33221563412536,14,13,1899.79,5,5,4,14,Champions
13410.0,480.13644978459945,24,9,2201.96,4,5,4,13,Champions
15830.0,480.08495737775763,38,1,576.0,4,1,2,7,Potential Loyalists
14232.0,479.86073548618424,43,5,2048.07,4,4,4,12,Champions
15826.0,479.8179442431612,56,4,2598.28,4,3,4,11,Loyal Customers
12550.0,479.4067495703632,79,1,964.83,3,1,3,7,Needs Attention
14629.0,478.74212901657813,4,2,955.26,5,2,3,10,Potential Loyalists
16020.0,478.7125876374011,17,3,851.01,5,3,3,11,Loyal Customers
14628.0,478.63682695893783,91,5,1998.0,3,4,4,11,Loyal Customers
13819.0,478.4973114415716,302,6,2642.35,2,4,4,10,Loyal Customers
17692.0,478.42461865950065,127,12,2975.8,3,5,5,13,Loyal Customers
14875.0,478.3844724573877,108,3,2862.4,3,3,4,10,Loyal Customers
12424.0,478.12417375222884,163,4,3340.03,3,3,5,11,Loyal Customers
17603.0,477.9641968283757,78,4,1788.38,3,4,4,11,Loyal Customers
16380.0,477.8544164723738,61,1,1743.1499999999999,3,1,4,8,Needs Attention
16177.0,477.8012676983045,50,8,2247.31,4,5,4,13,Champions
16600.0,477.65838901477974,4,13,2153.41,5,5,4,14,Champions
13118.0,477.22764114195394,20,9,2415.41,4,5,4,13,Champions
13799.0,476.8471499462355,117,9,2803.57,3,5,4,12,Loyal Customers
15353.0,476.6292780078711,255,7,2794.4700000000003,2,4,4,10,Loyal Customers
17357.0,476.6055732850512,24,2,384.39,4,3,2,9,Needs Attention
17588.0,476.4606434527263,100,7,2939.55,3,4,5,12,Loyal Customers
13485.0,476.17712083450914,233,11,3019.2200000000003,2,5,5,12,Loyal Customers
14548.0,476.0374558682798,151,9,2541.29,3,5,4,12,Loyal Customers
17966.0,475.7672948375706,38,10,1963.92,4,5,4,13,Champions
13354.0,475.56998575032156,71,1,743.53,3,1,3,7,Needs Attention
15561.0,475.38748221317604,12,8,1934.3899999999999,5,4,4,13,Champions
14472.0,475.3129260405402,104,9,2118.72,3,5,4,12,Loyal Customers
17888.0,475.1637797929099,21,25,1807.44,4,5,4,13,Champions
13610.0,474.87543278931804,12,14,2103.71,5,5,4,14,Champions
17905.0,474.6413615388419,71,13,2178.87,3,5,4,12,Loyal Customers
15389.0,474.532279690619,172,5,2733.8,3,4,4,11,Loyal Customers
12965.0,474.26988885162,89,1,769.8100000000001,3,1,3,7,Needs Attention
14759.0,473.8152635217982,5,3,1625.97,5,3,4,12,Loyal Customers
13338.0,473.67759786737037,158,4,2445.62,3,3,4,10,Loyal Customers
16115.0,473.5225439182855,10,12,2553.8,5,5,4,14,Champions
16147.0,473.2983693031565,134,5,2398.91,3,4,4,11,Loyal Customers
14019.0,472.9015370788602,47,3,1421.61,4,3,4,11,Loyal Customers
13149.0,472.0596342256149,14,4,1676.06,5,3,4,12,Loyal Customers
16232.0,471.67683960505605,44,7,2712.97,4,4,4,12,Champions
17348.0,470.3008522463325,15,9,2442.29,5,5,4,14,Champions
13643.0,469.74226613849913,31,10,2156.77,4,5,4,13,Champions
14465.0,469.35297095661645,247,11,3925.85,2,5,5,12,Loyal Customers
15222.0,469.20589545150443,319,11,3550.91,2,5,5,12,Loyal Customers
14834.0,468.74632196953075,18,7,2206.16,5,4,4,13,Champions
12572.0,468.5607365626256,9,2,1020.42,5,2,3,10,Potential Loyalists
17432.0,467.9815395446526,18,9,1728.99,5,5,4,14,Champions
15413.0,467.95588808730673,692,5,6798.72,1,4,5,10,Loyal Customers
12919.0,467.27854886701107,8,6,1335.19,5,4,4,13,Champions
13501.0,466.91644600832575,288,3,2885.11,2,3,4,9,Loyal Customers
17550.0,466.74896819192685,197,9,2506.64,2,5,4,11,Loyal Customers
16072.0,466.14956557145126,288,4,4180.09,2,4,5,11,Loyal Customers
15062.0,465.5194207421413,71,8,2585.62,3,4,4,11,Loyal Customers
13318.0,465.443316383051,1,3,640.76,5,3,3,11,Loyal Customers
17037.0,465.31915980298817,88,1,1267.32,3,2,4,9,Needs Attention
16891.0,464.9745429716045,2,11,1727.94,5,5,4,14,Champions
16960.0,464.42329887294096,39,8,1990.88,4,5,4,13,Champions
14567.0,464.38678153476883,57,2,1530.3600000000001,4,2,4,10,Potential Loyalists
14336.0,464.27829799785513,17,4,1614.91,5,3,4,12,Loyal Customers
15763.0,464.1812026825277,32,2,1086.92,4,2,3,9,Potential Loyalists
13336.0,463.14499986722666,77,1,795.12,3,1,3,7,Needs Attention
17523.0,463.0734957051875,11,4,652.74,5,4,3,12,Loyal Customers
14935.0,463.0532976914581,297,2,2849.83,2,2,4,8,At Risk - Low Value
16036.0,463.02805944758256,87,4,2556.84,3,4,4,11,Loyal Customers
13356.0,462.7771734411383,80,1,768.24,3,1,3,7,Needs Attention
16480.0,462.7464713879194,76,1,769.29,3,1,3,7,Needs Attention
16438.0,461.7996797400509,6,5,798.35,5,4,3,12,Loyal Customers
17502.0,461.69060284358585,9,4,689.1,5,4,3,12,Loyal Customers
13094.0,461.67460001947234,21,13,2209.44,4,5,4,13,Champions
14532.0,461.67312060613943,236,11,3845.78,2,5,5,12,Loyal Customers
15814.0,461.48468957703864,17,6,2634.44,5,4,4,13,Champions
16902.0,460.96046511082466,116,1,1706.88,3,2,4,9,Needs Attention
16638.0,460.7550196691688,23,15,2380.13,4,5,4,13,Champions
13726.0,460.428453348432,39,2,1079.6599999999999,4,2,3,9,Potential Loyalists
13614.0,460.1592693417953,24,6,2332.74,4,4,4,12,Champions
18104.0,460.13880266630053,37,1,754.64,4,2,3,9,Potential Loyalists
12842.0,459.8324648695339,70,4,1917.99,3,3,4,10,Loyal Customers
13822.0,459.79259523701467,6,2,632.0,5,2,3,10,Potential Loyalists
13782.0,459.7214125712473,13,13,1786.08,5,5,4,14,Champions
14327.0,459.59944812073064,163,6,1894.93,3,4,4,11,Loyal Customers
12764.0,459.5034978469531,317,1,1693.88,2,1,4,7,Needs Attention
12933.0,459.3330079758248,24,8,1636.6299999999999,4,4,4,12,Champions
14723.0,459.0527434637866,10,11,1803.06,5,5,4,14,Champions
16070.0,458.9793098001603,22,2,852.15,4,2,3,9,Potential Loyalists
17671.0,458.70102115669687,16,5,2009.16,5,4,4,13,Champions
12577.0,458.32036404803995,35,8,1617.1,4,4,4,12,Champions
15043.0,457.35085744182084,31,6,2870.3199999999997,4,4,4,12,Champions
16671.0,457.2063840823931,28,3,1692.27,4,3,4,11,Loyal Customers
16496.0,457.1873988605312,9,6,2330.77,5,4,4,13,Champions
17088.0,456.8654169431679,28,4,1991.01,4,4,4,12,Champions
15707.0,456.75002190523685,35,4,916.98,4,3,3,10,Loyal Customers
13958.0,456.38777006733835,380,8,4709.2300000000005,2,4,5,11,Loyal Customers
17642.0,456.2411321749074,120,5,1824.49,3,4,4,11,Loyal Customers
12377.0,455.8507933483883,315,4,3426.32,2,3,5,10,Loyal Customers
17648.0,454.8441423246432,61,5,2216.37,3,4,4,11,Loyal Customers
14745.0,454.8275780062841,113,12,2551.41,3,5,4,12,Loyal Customers
16260.0,454.8012498562125,51,1,1035.45,4,1,3,8,Potential Loyalists
14449.0,454.58666237654205,19,8,2230.96,5,4,4,13,Champions
14359.0,454.4708279726474,19,3,912.18,5,3,3,11,Loyal Customers
17827.0,454.41878131363427,5,6,2376.17,5,4,4,13,Champions
17560.0,454.3171485453764,95,8,1895.8,3,5,4,12,Loyal Customers
14758.0,454.2965385291573,145,7,2864.97,3,4,4,11,Loyal Customers
12452.0,454.0512307267608,17,2,430.57,5,2,2,9,Potential Loyalists
16788.0,453.9839631217171,123,5,1928.93,3,4,4,11,Loyal Customers
16163.0,453.8670231875593,232,6,2407.98,2,4,4,10,Loyal Customers
15803.0,453.2917343658425,51,4,1929.66,4,3,4,11,Loyal Customers
16811.0,452.743935286344,5,2,547.07,5,2,2,9,Potential Loyalists
16823.0,452.34586862706647,227,7,2243.09,2,4,4,10,Loyal Customers
15623.0,452.247794530011,141,8,2437.05,3,4,4,11,Loyal Customers
14587.0,452.2130295037256,19,9,1580.29,5,5,4,14,Champions
16119.0,451.89212568275707,8,8,1720.81,5,5,4,14,Champions
14738.0,451.09876856179403,43,9,1821.9,4,5,4,13,Champions
15864.0,450.856259725663,22,7,2180.76,4,4,4,12,Champions
12508.0,450.5205085493924,26,2,397.88,4,2,2,8,Potential Loyalists
16989.0,450.39679628440837,7,6,1133.25,5,4,3,12,Loyal Customers
16929.0,450.3344677081067,4,7,1295.39,5,4,4,13,Champions
17460.0,450.2398144879811,94,16,2157.9700000000003,3,5,4,12,Loyal Customers
15116.0,449.91605631217175,18,4,1352.75,5,3,4,12,Loyal Customers
17835.0,449.4827111115323,3,3,342.24,5,3,2,10,Needs Attention
12863.0,449.4701402768456,52,6,2792.5499999999997,4,4,4,12,Champions
14256.0,449.2715460590068,260,5,2460.79,2,4,4,10,Loyal Customers
17222.0,448.61954253515216,65,6,1579.51,3,4,4,11,Loyal Customers
15411.0,448.45991863707917,26,4,1348.93,4,3,4,11,Loyal Customers
13429.0,448.42756079824557,11,4,1006.8,5,3,3,11,Loyal Customers
12885.0,446.8296197616036,63,3,1175.22,3,3,3,9,Loyal Customers
17232.0,446.6060804676638,3,2,417.77,5,3,2,10,Needs Attention
13707.0,446.5727482675176,267,5,3365.86,2,4,5,11,Loyal Customers
14344.0,445.94457156590767,127,20,2993.05,3,5,5,13,Loyal Customers
14229.0,445.7950531391675,52,7,2594.04,4,4,4,12,Champions
17004.0,445.709033967902,46,4,2324.36,4,4,4,12,Champions
14522.0,445.2223681715083,24,8,1748.42,4,4,4,12,Champions
14301.0,444.97300337585347,117,4,1992.18,3,3,4,10,Loyal Customers
12886.0,444.4208625386833,68,2,1378.4,3,2,4,9,Needs Attention
16505.0,444.28707077908734,32,1,777.6,4,1,3,8,Potential Loyalists
17307.0,444.2389891321995,395,11,3999.8900000000003,2,5,5,12,Loyal Customers
13748.0,444.14443807563276,96,9,2064.35,3,5,4,12,Loyal Customers
14870.0,443.75626970025286,262,6,1838.95,2,4,4,10,Loyal Customers
17921.0,443.6339823983375,64,10,2394.36,3,5,4,12,Loyal Customers
16520.0,443.14212657695015,186,6,2148.38,3,4,4,11,Loyal Customers
12724.0,442.19678172261473,5,7,2317.52,5,4,4,13,Champions
17969.0,441.9600895586298,166,20,2354.29,3,5,4,12,Loyal Customers
13878.0,441.94020699705607,55,4,2416.9,4,3,4,11,Loyal Customers
13085.0,441.59084757094007,158,8,2433.28,3,4,4,11,Loyal Customers
18009.0,441.51253322542016,235,8,2144.23,2,5,4,11,Loyal Customers
15237.0,441.3117018070127,2,4,1412.32,5,3,4,12,Loyal Customers
13762.0,440.7573821820762,219,5,2472.48,2,4,4,10,Loyal Customers
14481.0,440.60160610981535,165,5,2284.69,3,4,4,11,Loyal Customers
14754.0,440.35027125677726,45,6,1547.93,4,4,4,12,Champions
17002.0,439.7163027774042,86,7,2571.55,3,4,4,11,Loyal Customers
14424.0,439.49087538209045,18,1,322.08,5,1,2,8,Potential Loyalists
13357.0,439.19123875124023,257,5,3805.5099999999998,2,4,5,11,Loyal Customers
13587.0,439.1172633495786,64,4,1673.5,3,3,4,10,Loyal Customers
12420.0,438.92220802255923,64,1,600.39,3,1,2,6,Needs Attention
17227.0,438.5889534364951,19,12,1878.93,5,5,4,14,Champions
13092.0,438.3337278760891,71,12,2140.28,3,5,4,12,Loyal Customers
15117.0,437.89176779806553,15,8,2485.9700000000003,5,4,4,13,Champions
15725.0,437.7207073016099,15,1,415.25,5,1,2,8,Potential Loyalists
12967.0,437.70409857102885,358,3,2938.52,2,3,5,10,Loyal Customers
15947.0,437.4164023411761,83,1,1708.24,3,1,4,8,Needs Attention
13663.0,437.24873360067846,179,5,2047.51,3,4,4,11,Loyal Customers
14163.0,436.9637371196041,87,5,2594.62,3,4,4,11,Loyal Customers
15795.0,435.8698639349795,150,8,1979.8700000000001,3,4,4,11,Loyal Customers
14921.0,435.59675209530656,30,2,1316.07,4,2,4,10,Potential Loyalists
15605.0,435.59134831130706,36,9,1741.95,4,5,4,13,Champions
12667.0,435.27891502838656,58,1,620.13,4,1,3,8,Potential Loyalists
15520.0,435.24425825389085,2,1,343.5,5,1,2,8,Potential Loyalists
16040.0,435.21903104856887,65,7,2416.9,3,4,4,11,Loyal Customers
14420.0,435.195101667271,99,4,1639.17,3,3,4,10,Loyal Customers
12383.0,435.0016940606222,185,5,1850.56,3,4,4,11,Loyal Customers
15985.0,434.73205436124755,123,7,2715.28,3,4,4,11,Loyal Customers
16233.0,434.2965787191469,71,9,1818.31,3,5,4,12,Loyal Customers
17101.0,434.09766505285756,10,7,2507.05,5,4,4,13,Champions
15215.0,434.01735023551294,47,7,2422.43,4,4,4,12,Champions
14134.0,433.4246310632655,383,15,11123.35,2,5,5,12,Loyal Customers
12872.0,433.2187089257641,327,12,3283.96,2,5,5,12,Loyal Customers
17337.0,432.85412742996016,151,4,1981.06,3,4,4,11,Loyal Customers
13232.0,432.7976740465393,13,7,1328.35,5,4,4,13,Champions
15885.0,432.20895472626495,93,15,1951.82,3,5,4,12,Loyal Customers
14950.0,432.1863272986184,19,1,371.2,5,1,2,8,Potential Loyalists
14910.0,431.9312074419399,3,4,434.35,5,3,2,10,Needs Attention
17054.0,431.4347124990786,28,5,1356.33,4,4,4,12,Champions
15716.0,430.9953649132947,146,11,2485.26,3,5,4,12,Loyal Customers
16768.0,430.7967696736128,48,9,1698.57,4,5,4,13,Champions
13984.0,430.5286705701234,27,12,1893.8,4,5,4,13,Champions
17351.0,430.13045320015453,36,12,1988.23,4,5,4,13,Champions
13026.0,429.6992234755292,1,9,1733.08,5,5,4,14,Champions
12835.0,429.1889676732235,428,41,5996.83,1,5,5,11,Loyal Customers
15658.0,429.0636995923315,190,8,2117.27,2,4,4,10,Loyal Customers
13786.0,428.70178888348335,367,6,3127.99,2,4,5,11,Loyal Customers
14205.0,428.6281115869788,17,9,2414.2,5,5,4,14,Champions
17787.0,428.09075818674336,153,4,1817.54,3,4,4,11,Loyal Customers
14179.0,427.9955171941124,41,2,701.57,4,2,3,9,Potential Loyalists
15466.0,427.80572492625265,85,4,1560.46,3,3,4,10,Loyal Customers
17594.0,427.6256932954108,85,4,2497.88,3,4,4,11,Loyal Customers
15227.0,427.42575495987904,37,9,2488.4900000000002,4,5,4,13,Champions
18161.0,427.26236737774707,15,6,1803.1000000000001,5,4,4,13,Champions
16350.0,427.0662407742051,21,9,2253.89,4,5,4,13,Champions
14138.0,426.9185158608427,2,2,965.8800000000001,5,2,3,10,Potential Loyalists
13850.0,426.7292930085577,129,1,1595.48,3,1,4,8,Needs Attention
16833.0,426.3679568243568,1,6,2409.04,5,4,4,13,Champions
14443.0,426.22335992544106,54,5,2082.97,4,4,4,12,Champions
16510.0,426.1758797597017,372,6,1777.5,2,4,4,10,Loyal Customers
14592.0,425.94811136973004,35,3,557.94,4,3,2,9,Needs Attention
17031.0,425.04449096674364,12,6,2773.85,5,4,4,13,Champions
16460.0,424.41505175816485,28,3,811.23,4,3,3,10,Loyal Customers
13518.0,423.76934826948315,86,1,627.16,3,1,3,7,Needs Attention
12462.0,423.71265464801115,19,2,1189.59,5,2,3,10,Potential Loyalists
14249.0,423.16603049011735,411,12,5400.461,1,5,5,11,Loyal Customers
16016.0,422.88029988002114,3,11,2083.4,5,5,4,14,Champions
16017.0,422.6555043899654,47,5,1545.58,4,4,4,12,Champions
16812.0,422.3060475510471,361,4,2392.0,2,4,4,10,Loyal Customers
17165.0,422.1451010727444,284,6,1794.32,2,4,4,10,Loyal Customers
17761.0,422.0902591718606,33,1,712.78,4,2,3,9,Potential Loyalists
12795.0,421.9764752726586,19,1,430.48,5,1,2,8,Potential Loyalists
13914.0,421.65194985396136,12,2,626.45,5,2,3,10,Potential Loyalists
13844.0,421.32015566187624,11,1,361.62,5,1,2,8,Potential Loyalists
17676.0,421.23292615138763,4,10,2448.64,5,5,4,14,Champions
14015.0,420.7026274444621,53,1,917.34,4,1,3,8,Potential Loyalists
13332.0,420.65965305697387,14,1,350.9,5,1,2,8,Potential Loyalists
14129.0,420.3026395754074,2,9,2591.34,5,5,4,14,Champions
17894.0,420.17735097136887,72,18,2304.58,3,5,4,12,Loyal Customers
15341.0,419.6871935218235,81,2,2402.7200000000003,3,2,4,9,Needs Attention
13104.0,419.57941026658574,3,9,1709.1,5,5,4,14,Champions
13874.0,419.35127696589615,358,7,2049.15,2,4,4,10,Loyal Customers
16394.0,419.30591722329666,57,5,1555.34,4,4,4,12,Champions
15106.0,418.8196856824022,18,5,1422.52,5,4,4,13,Champions
14462.0,418.4458503474776,66,12,2242.81,3,5,4,12,Loyal Customers
14332.0,418.3710439699122,23,5,1917.41,4,4,4,12,Champions
17977.0,418.33854775379734,29,2,1511.45,4,3,4,11,Loyal Customers
12802.0,418.252319207111,187,7,2416.42,3,4,4,11,Loyal Customers
18116.0,417.9893147631037,68,13,2134.4900000000002,3,5,4,12,Loyal Customers
16201.0,417.80459426143733,3,5,2112.12,5,4,4,13,Champions
13963.0,417.48886253921546,308,17,2860.57,2,5,4,11,Loyal Customers
14597.0,417.3930265035465,11,6,2184.63,5,4,4,13,Champions
17624.0,416.81738132247034,15,4,1568.63,5,4,4,13,Champions
15111.0,416.7490206703742,29,5,2442.37,4,4,4,12,Champions
12644.0,416.4875509664128,130,4,1918.49,3,3,4,10,Loyal Customers
14147.0,416.24530985789505,78,9,2590.2,3,5,4,12,Loyal Customers
16889.0,414.7239555699028,195,6,2526.65,2,4,4,10,Loyal Customers
17742.0,414.52469588512076,113,11,2098.48,3,5,4,12,Loyal Customers
12716.0,414.1626670367115,4,2,1053.49,5,2,3,10,Potential Loyalists
15202.0,413.4761682679208,420,3,6001.49,1,3,5,9,Loyal Customers
16531.0,413.42305455025956,22,11,2298.33,4,5,4,13,Champions
14703.0,413.2459113260577,15,1,318.17,5,1,2,8,Potential Loyalists
18220.0,413.2400271728092,227,6,1921.76,2,4,4,10,Loyal Customers
14216.0,412.9075101907593,3,5,2150.04,5,4,4,13,Champions
14915.0,412.33758470009525,91,11,1811.25,3,5,4,12,Loyal Customers
13153.0,411.9406611221334,6,1,486.22,5,1,2,8,Potential Loyalists
18173.0,411.90210475594773,87,5,2696.36,3,4,4,11,Loyal Customers
12599.0,411.7821642152071,29,13,2296.72,4,5,4,13,Champions
13853.0,411.7656397521192,57,1,1090.14,4,1,3,8,Potential Loyalists
17562.0,411.49369307880823,14,7,1122.38,5,4,3,12,Loyal Customers
15619.0,411.3452978070543,11,1,336.40000000000003,5,1,2,8,Potential Loyalists
16202.0,411.11742587967655,361,9,2501.9900000000002,2,5,4,11,Loyal Customers
17406.0,411.0389363315833,333,13,4186.95,2,5,5,12,Loyal Customers
16266.0,410.8643083217013,74,14,1757.95,3,5,4,12,Loyal Customers
15192.0,410.7546231246959,120,5,1666.39,3,4,4,11,Loyal Customers
17425.0,410.4905675863757,19,2,759.17,5,3,3,11,Loyal Customers
16924.0,410.26153363558825,21,3,829.89,4,3,3,10,Loyal Customers
12827.0,410.1048697488897,6,3,430.15000000000003,5,3,2,10,Needs Attention
12975.0,410.05901759356425,437,6,2100.09,1,4,4,9,Loyal Customers
16504.0,409.6813297252313,25,1,465.88,4,1,2,7,Potential Loyalists
12873.0,409.03251257754874,282,3,2027.3,2,3,4,9,Loyal Customers
16883.0,408.9331340576287,187,19,2246.06,3,5,4,12,Loyal Customers
16276.0,408.8949666832528,177,3,2629.3900000000003,3,3,4,10,Loyal Customers
14896.0,408.46983894740566,205,8,1826.0,2,4,4,10,Loyal Customers
17268.0,407.90204516478434,108,11,1733.8899999999999,3,5,4,12,Loyal Customers
14573.0,407.7878846582206,180,13,2163.12,3,5,4,12,Loyal Customers
16027.0,407.5956586528943,92,15,2048.36,3,5,4,12,Loyal Customers
14591.0,407.5034942468782,15,4,1320.21,5,3,4,12,Loyal Customers
16718.0,407.46053904072437,369,5,3006.08,2,4,5,11,Loyal Customers
17974.0,407.1375850737341,25,6,1739.09,4,4,4,12,Champions
13152.0,407.0008885759412,417,7,2146.38,1,4,4,9,Loyal Customers
16708.0,406.756666949569,46,1,656.63,4,2,3,9,Potential Loyalists
15325.0,406.7449805368368,104,8,1601.46,3,4,4,11,Loyal Customers
14804.0,406.12062098865715,9,1,353.27,5,1,2,8,Potential Loyalists
17867.0,406.0442162437568,30,15,1582.0500000000002,4,5,4,13,Champions
14321.0,405.9744645906192,11,7,2218.06,5,4,4,13,Champions
18252.0,405.9249239850755,51,7,1533.69,4,4,4,12,Champions
15399.0,405.8850414070128,1,3,815.77,5,3,3,11,Loyal Customers
16613.0,405.8434561765244,70,1,618.59,3,1,3,7,Needs Attention
12620.0,405.68882889262665,15,3,1339.41,5,3,4,12,Loyal Customers
15100.0,405.6011560327486,334,7,2193.8999999999996,2,4,4,10,Loyal Customers
16042.0,405.47631769147756,22,8,2245.32,4,4,4,12,Champions
14447.0,405.39427551654757,19,6,1711.73,5,4,4,13,Champions
16774.0,405.3796405403251,68,8,1567.48,3,5,4,12,Loyal Customers
13298.0,405.30083736845154,1,1,360.0,5,1,2,8,Potential Loyalists
13151.0,404.3769803391403,296,3,2465.21,2,3,4,9,Loyal Customers
16628.0,404.23773167723226,30,7,2318.1,4,4,4,12,Champions
16527.0,404.09662575740685,81,2,1232.94,3,2,4,9,Needs Attention
16245.0,403.88046498336735,24,3,1413.66,4,3,4,11,Loyal Customers
15456.0,403.7910616109328,283,10,2091.52,2,5,4,11,Loyal Customers
17052.0,403.5767797883769,28,1,399.09,4,2,2,8,Potential Loyalists
15060.0,403.30111531052063,8,4,294.25,5,3,2,10,Needs Attention
17405.0,403.118588458828,1,3,1031.41,5,3,3,11,Loyal Customers
15332.0,402.5965571025767,366,6,4892.68,2,4,5,11,Loyal Customers
13206.0,402.4242806173173,400,13,8308.19,2,5,5,12,Loyal Customers
13323.0,402.32389064742875,3,5,787.85,5,4,3,12,Loyal Customers
12585.0,402.2290613581106,234,2,2040.1,2,2,4,8,At Risk - Low Value
16152.0,402.21780009339693,269,1,1829.04,2,1,4,7,Needs Attention
12628.0,400.8875947935921,4,3,786.46,5,3,3,11,Loyal Customers
12982.0,400.1718095196259,243,8,2744.81,2,4,4,10,Loyal Customers
17175.0,399.91155795394565,44,4,1443.69,4,4,4,12,Champions
17633.0,399.63542590884003,31,7,2057.39,4,4,4,12,Champions
13028.0,399.556989936309,23,2,661.3199999999999,4,2,3,9,Potential Loyalists
12794.0,399.4013013454597,53,2,860.41,4,2,3,9,Potential Loyalists
13627.0,399.36550629139975,59,7,2245.9,4,4,4,12,Champions
15608.0,399.35974926457476,28,5,1785.98,4,4,4,12,Champions
17144.0,399.0773272280254,1,2,984.57,5,3,3,11,Loyal Customers
14382.0,398.92609972824096,26,2,1193.6299999999999,4,2,3,9,Potential Loyalists
15737.0,398.169281127615,15,8,1188.1200000000001,5,4,3,12,Loyal Customers
12405.0,397.98103079948913,149,1,1710.39,3,1,4,8,Needs Attention
14130.0,397.7509038254645,319,4,1858.77,2,3,4,9,Loyal Customers
12847.0,397.46162788604767,22,2,1609.0,4,2,4,10,Potential Loyalists
16366.0,397.0730766622422,19,4,1548.1299999999999,5,4,4,13,Champions
17247.0,396.2269338868118,15,1,280.09000000000003,5,2,1,8,Needs Attention
15318.0,396.2231996942019,4,1,312.62,5,1,2,8,Potential Loyalists
18036.0,396.2039042591223,32,11,1545.49,4,5,4,13,Champions
13280.0,395.9892821166949,122,7,2293.33,3,4,4,11,Loyal Customers
17323.0,395.8850163208962,15,12,1551.04,5,5,4,14,Champions
13655.0,395.84536585250265,114,6,2280.51,3,4,4,11,Loyal Customers
12399.0,395.7742776705262,119,7,1962.3,3,4,4,11,Loyal Customers
17459.0,395.6728242700006,43,2,657.3,4,3,3,10,Loyal Customers
13673.0,395.6467821650082,19,2,387.44,5,2,2,9,Potential Loyalists
16351.0,395.4761623460274,333,13,3330.0299999999997,2,5,5,12,Loyal Customers
17764.0,395.45870235162994,51,5,1513.57,4,4,4,12,Champions
15533.0,395.37540151283645,19,3,807.57,5,3,3,11,Loyal Customers
13986.0,395.01697779778317,17,1,320.46,5,1,2,8,Potential Loyalists
16726.0,394.8506534470997,26,7,2063.88,4,4,4,12,Champions
18080.0,394.78013282892806,19,2,1231.5,5,3,4,12,Loyal Customers
18117.0,394.53670633867733,26,1,315.65,4,2,2,8,Potential Loyalists
13314.0,394.3389991792166,2,3,775.94,5,3,3,11,Loyal Customers
14245.0,394.2304368329236,220,2,1693.45,2,2,4,8,At Risk - Low Value
16639.0,394.16724069205833,31,4,1747.98,4,4,4,12,Champions
13320.0,394.16188648615747,78,6,2211.6,3,4,4,11,Loyal Customers
17503.0,393.1929365076228,3,2,558.96,5,3,2,10,Needs Attention
12970.0,393.18527658617955,7,10,1453.6,5,5,4,14,Champions
13814.0,393.1334426184047,92,3,2257.32,3,3,4,10,Loyal Customers
14584.0,392.9219299561663,169,8,1738.16,3,4,4,11,Loyal Customers
15620.0,392.7692802565294,57,4,1942.36,4,3,4,11,Loyal Customers
13066.0,392.58106596993775,24,2,470.8,4,2,2,8,Potential Loyalists
16801.0,392.09587153561455,163,4,1594.23,3,4,4,11,Loyal Customers
14496.0,392.0918541776882,312,7,2363.89,2,4,4,10,Loyal Customers
16634.0,392.02596411421007,223,6,1649.81,2,4,4,10,Loyal Customers
13309.0,392.00547396707424,7,6,1706.3700000000001,5,4,4,13,Champions
13414.0,391.88626196680485,134,6,2494.14,3,4,4,11,Loyal Customers
16224.0,391.28049323433913,57,5,1616.54,4,4,4,12,Champions
13579.0,391.1554794233536,15,5,1374.34,5,4,4,13,Champions
12694.0,391.0963578760286,70,3,1843.35,3,3,4,10,Loyal Customers
15730.0,391.0547614218001,66,5,1726.58,3,4,4,11,Loyal Customers
16398.0,391.0291575491827,154,2,1705.8,3,2,4,9,Needs Attention
15883.0,390.4453946637627,2,2,396.48,5,2,2,9,Potential Loyalists
14577.0,390.37851357502404,13,7,1364.15,5,4,4,13,Champions
17856.0,390.2309172146139,2,4,1418.03,5,4,4,13,Champions
14931.0,389.97500161410784,5,5,1257.68,5,4,4,13,Champions
12511.0,388.57483482676616,429,1,3084.02,1,1,5,7,Needs Attention
18151.0,388.4962444158606,135,6,1879.44,3,4,4,11,Loyal Customers
16899.0,388.0895273319526,8,8,1695.77,5,5,4,14,Champions
17345.0,387.9586689797191,15,10,1586.6299999999999,5,5,4,14,Champions
17159.0,387.84305308711447,22,5,2099.59,4,4,4,12,Champions
13639.0,387.65452167708145,74,2,1346.27,3,2,4,9,Needs Attention
12650.0,387.6075426693485,3,1,314.44,5,1,2,8,Potential Loyalists
16851.0,387.5649702512712,4,3,342.45,5,3,2,10,Needs Attention
15839.0,387.2777314991141,33,3,1048.49,4,3,3,10,Loyal Customers
14195.0,387.2643737889982,202,6,2615.6,2,4,4,10,Loyal Customers
13561.0,387.23739768524115,216,11,1803.4,2,5,4,11,Loyal Customers
15699.0,386.6051130284213,18,1,309.65,5,1,2,8,Potential Loyalists
13918.0,385.64642174046605,50,2,1212.8400000000001,4,2,3,9,Potential Loyalists
12642.0,384.59728860735964,25,3,1013.26,4,3,3,10,Loyal Customers
16389.0,384.4439703111366,53,4,1382.07,4,4,4,12,Champions
14685.0,384.40064799951057,576,8,4536.64,1,4,5,10,Loyal Customers
18237.0,384.3485437864242,3,5,987.1,5,4,3,12,Loyal Customers
14399.0,384.2313180345782,394,8,2108.21,2,4,4,10,Loyal Customers
17777.0,382.7500011735281,25,3,647.56,4,3,3,10,Loyal Customers
12775.0,381.1573860000915,17,7,1686.12,5,4,4,13,Champions
16631.0,381.05753783733223,482,7,1892.52,1,4,4,9,Loyal Customers
14246.0,380.86359422155607,111,3,1474.06,3,3,4,10,Loyal Customers
16619.0,380.2249307830075,264,4,1938.33,2,4,4,10,Loyal Customers
14905.0,380.10737160953295,158,8,1971.39,3,4,4,11,Loyal Customers
12828.0,379.91584958468246,3,6,1018.71,5,4,3,12,Loyal Customers
16795.0,379.90645805625206,365,3,2062.41,2,3,4,9,Loyal Customers
14662.0,379.64443462868627,29,7,1376.43,4,4,4,12,Champions
12463.0,379.61205826540015,53,4,1344.78,4,3,4,11,Loyal Customers
13572.0,379.3610886253626,206,1,1384.25,2,1,4,7,Needs Attention
14141.0,378.87966796761236,3,4,915.13,5,3,3,11,Loyal Customers
13711.0,378.32668663306873,219,9,1792.26,2,5,4,11,Loyal Customers
14297.0,378.205342853942,18,4,1305.33,5,3,4,12,Loyal Customers
14127.0,377.90386706596024,123,6,1900.0800000000002,3,4,4,11,Loyal Customers
15128.0,377.6681188042423,60,5,1783.68,3,4,4,11,Loyal Customers
17595.0,377.56107331713815,12,2,386.69,5,3,2,10,Needs Attention
12617.0,377.55708015393856,29,1,352.98,4,1,2,7,Potential Loyalists
16858.0,377.28780587764993,369,10,4292.59,2,5,5,12,Loyal Customers
12680.0,377.28473075513267,1,4,880.81,5,3,3,11,Loyal Customers
14212.0,377.2402237560688,90,2,2190.14,3,2,4,9,Needs Attention
13516.0,376.9733689124418,21,4,1685.26,4,3,4,11,Loyal Customers
16956.0,376.62656820489605,18,1,308.74,5,2,2,9,Potential Loyalists
15706.0,376.6132677252809,64,4,1060.56,3,3,3,9,Loyal Customers
15944.0,376.42059362166486,277,4,2164.24,2,3,4,9,Loyal Customers
16996.0,376.3634541945703,30,9,2123.61,4,5,4,13,Champions
14987.0,375.87811792912646,16,8,1550.6499999999999,5,4,4,13,Champions
13117.0,375.4962913995476,22,18,2255.66,4,5,4,13,Champions
14894.0,375.0971827451999,85,3,1492.81,3,3,4,10,Loyal Customers
18202.0,374.69914119365563,200,3,1396.99,2,3,4,9,Loyal Customers
12612.0,373.61318759025147,74,1,704.0400000000001,3,1,3,7,Needs Attention
17932.0,373.5797665579599,29,3,1331.57,4,3,4,11,Loyal Customers
14557.0,373.48853768062907,85,1,788.38,3,1,3,7,Needs Attention
15075.0,373.1479305136232,78,1,773.03,3,1,3,7,Needs Attention
13648.0,372.9028052388287,400,8,1764.02,2,4,4,10,Loyal Customers
13743.0,372.75049892527784,3,7,1341.6,5,4,4,13,Champions
15239.0,372.7205345795781,10,2,780.59,5,2,3,10,Potential Loyalists
13991.0,372.13027554830956,12,6,852.88,5,4,3,12,Loyal Customers
16311.0,371.8670686653374,18,2,616.26,5,2,3,10,Potential Loyalists
15186.0,371.78226471300144,14,5,1403.2,5,4,4,13,Champions
13325.0,371.2954150381047,82,1,675.3,3,1,3,7,Needs Attention
13475.0,371.26838374894396,191,4,1431.78,2,3,4,9,Loyal Customers
15145.0,371.115378622715,4,4,1194.73,5,3,3,11,Loyal Customers
12576.0,371.0021100548396,36,8,2142.72,4,4,4,12,Champions
17290.0,370.95150973623464,4,8,1487.96,5,5,4,14,Champions
13310.0,370.9117124059647,28,5,1541.2,4,4,4,12,Champions
13249.0,370.60796623254794,92,9,1608.93,3,5,4,12,Loyal Customers
15987.0,370.31358105741333,12,8,1535.99,5,4,4,13,Champions
17411.0,369.8802522326294,12,5,1425.38,5,4,4,13,Champions
16859.0,369.6047573752353,145,7,1932.41,3,4,4,11,Loyal Customers
12940.0,369.48102476216457,55,2,899.69,4,2,3,9,Potential Loyalists
15801.0,369.4407188432793,46,3,1063.95,4,3,3,10,Loyal Customers
13142.0,369.24146670367264,19,1,307.09,5,1,2,8,Potential Loyalists
12695.0,369.17271095529094,7,7,1407.1200000000001,5,4,4,13,Champions
13200.0,369.0641243996131,19,4,870.09,5,3,3,11,Loyal Customers
17466.0,368.5097320524422,10,2,763.28,5,3,3,11,Loyal Customers
14383.0,368.0956974509634,38,3,1247.69,4,3,4,11,Loyal Customers
16725.0,368.0435764070475,302,14,1688.26,2,5,4,11,Loyal Customers
16569.0,367.42922305262005,3,5,1455.23,5,4,4,13,Champions
13240.0,367.3985426678171,96,8,1475.79,3,4,4,11,Loyal Customers
14055.0,367.19247540359885,106,3,1520.96,3,3,4,10,Loyal Customers
12464.0,366.9516913812495,10,8,1212.05,5,4,3,12,Loyal Customers
16244.0,366.89224934321777,212,2,1522.75,2,2,4,8,At Risk - Low Value
14346.0,366.53034732870753,121,5,2315.75,3,4,4,11,Loyal Customers
12394.0,366.44947590814246,64,2,1272.48,3,2,4,9,Needs Attention
16099.0,365.8863250463392,50,7,1573.2,4,4,4,12,Champions
16370.0,365.77295569046674,82,4,1301.91,3,4,4,11,Loyal Customers
16105.0,365.02351752873517,249,5,2386.19,2,4,4,10,Loyal Customers
16352.0,364.3679870797776,18,2,494.44,5,2,2,9,Potential Loyalists
17119.0,364.35803325067286,3,2,606.91,5,3,2,10,Needs Attention
12513.0,364.2665195410436,113,1,612.29,3,1,3,7,Needs Attention
12719.0,364.1232785664415,5,2,644.95,5,2,3,10,Potential Loyalists
15297.0,364.0574611264273,10,3,641.94,5,3,3,11,Loyal Customers
14529.0,364.04754161087845,60,3,578.61,3,3,2,8,Needs Attention
14904.0,363.9136882341342,2,4,1630.49,5,3,4,12,Loyal Customers
15054.0,363.8762663159153,12,2,302.1,5,2,2,9,Potential Loyalists
13247.0,363.4309579267843,18,4,501.12,5,3,2,10,Needs Attention
17505.0,363.4144473372356,162,5,2435.48,3,4,4,11,Loyal Customers
12868.0,363.10224542256896,186,8,2043.76,3,4,4,11,Loyal Customers
13350.0,362.4994019468233,16,2,979.12,5,2,3,10,Potential Loyalists
16479.0,362.44117832780114,10,2,300.83,5,2,2,9,Potential Loyalists
15426.0,361.7052689909975,19,9,2156.35,5,5,4,14,Champions
13753.0,361.3061042710526,288,4,2094.57,2,3,4,9,Loyal Customers
14198.0,361.2653193927032,18,9,1569.73,5,5,4,14,Champions
17410.0,361.252689898567,16,5,1214.72,5,4,3,12,Loyal Customers
13500.0,361.19966706578816,23,4,1466.3,4,3,4,11,Loyal Customers
17994.0,361.10350909468633,122,11,2270.0299999999997,3,5,4,12,Loyal Customers
17788.0,361.0552591978738,74,2,1117.9,3,3,3,9,Loyal Customers
12498.0,360.6294953567742,21,3,403.70000000000005,4,3,2,9,Needs Attention
15821.0,360.59011560398153,44,2,570.96,4,2,2,8,Potential Loyalists
15607.0,360.39804333473705,337,9,1708.97,2,5,4,11,Loyal Customers
14538.0,359.4930829930053,65,5,1370.8400000000001,3,4,4,11,Loyal Customers
16877.0,359.32487729028816,12,6,846.62,5,4,3,12,Loyal Customers
17078.0,359.2013486553638,36,2,378.2,4,3,2,9,Needs Attention
16423.0,359.0733713169653,25,1,346.12,4,1,2,7,Potential Loyalists
17113.0,358.1526568173474,574,6,2305.59,1,4,4,9,Loyal Customers
12947.0,358.1039545354463,144,6,1603.99,3,4,4,11,Loyal Customers
13259.0,357.85595426085933,62,9,1402.54,3,5,4,12,Loyal Customers
17282.0,357.78306012949986,130,5,2308.54,3,4,4,11,Loyal Customers
16345.0,357.44578320261826,44,2,1178.79,4,2,3,9,Potential Loyalists
13260.0,357.3754644153655,61,1,557.62,3,1,2,6,Needs Attention
16125.0,357.2907369882257,367,14,4292.35,2,5,5,12,Loyal Customers
14539.0,356.8934710007878,16,2,537.48,5,2,2,9,Potential Loyalists
15422.0,356.84316785390996,323,7,1619.97,2,4,4,10,Loyal Customers
16049.0,356.6439608529165,40,6,1852.15,4,4,4,12,Champions
14000.0,356.51951225745944,211,5,2046.3400000000001,2,4,4,10,Loyal Customers
14741.0,356.34211324030076,12,7,1713.09,5,4,4,13,Champions
17520.0,356.1452309929055,54,1,546.81,4,2,2,8,Potential Loyalists
12818.0,355.57038275440124,262,1,1542.08,2,1,4,7,Needs Attention
14684.0,355.4840101222566,26,6,1430.03,4,4,4,12,Champions
17014.0,353.6043933668032,8,3,583.4300000000001,5,3,2,10,Needs Attention
17695.0,353.4944821304442,132,5,1746.04,3,4,4,11,Loyal Customers
16197.0,351.90636440257674,469,9,2016.71,1,5,4,10,Loyal Customers
18215.0,351.821601125315,89,5,2232.4900000000002,3,4,4,11,Loyal Customers
16157.0,351.60324652454653,16,3,656.69,5,3,3,11,Loyal Customers
13430.0,351.2437594338509,19,2,679.45,5,2,3,10,Potential Loyalists
13732.0,351.1392680014743,28,1,491.86,4,1,2,7,Potential Loyalists
15506.0,350.3998918622665,23,6,2030.33,4,4,4,12,Champions
13486.0,350.3142354184278,78,3,1122.41,3,3,3,9,Loyal Customers
14815.0,350.2783315125211,37,2,778.5,4,2,3,9,Potential Loyalists
15568.0,349.8012098988496,3,3,758.29,5,3,3,11,Loyal Customers
13158.0,349.7549694914336,95,5,1508.18,3,4,4,11,Loyal Customers
16971.0,349.73076872420063,38,1,357.21,4,2,2,8,Potential Loyalists
17793.0,349.26134628351053,25,1,300.34,4,2,2,8,Potential Loyalists
16124.0,348.736648372998,317,4,1772.49,2,4,4,10,Loyal Customers
18136.0,348.392895130117,63,5,1631.3600000000001,3,4,4,11,Loyal Customers
16134.0,348.3307240949842,22,5,2145.34,4,4,4,12,Champions
13476.0,348.1824400816811,179,5,2061.4700000000003,3,4,4,11,Loyal Customers
16207.0,347.88905255367973,25,1,394.38,4,1,2,7,Potential Loyalists
13407.0,347.80338869806496,579,3,2244.7,1,3,4,8,Loyal Customers
12348.0,347.71427273294177,75,5,2019.4,3,4,4,11,Loyal Customers
12425.0,347.62650594600876,78,2,1741.41,3,2,4,9,Needs Attention
13693.0,347.60580111259054,374,9,2011.82,2,5,4,11,Loyal Customers
17636.0,347.223602978318,19,1,285.56,5,2,1,8,Needs Attention
15148.0,346.85796759659655,11,1,301.29,5,1,2,8,Potential Loyalists
16637.0,346.6617996427987,32,4,1154.47,4,4,3,11,Loyal Customers
15000.0,346.5681441628309,48,1,490.52,4,1,2,7,Potential Loyalists
16322.0,346.561857750874,1,2,326.75,5,2,2,9,Potential Loyalists
15530.0,346.039145369462,22,5,1808.68,4,4,4,12,Champions
18051.0,345.51137172041496,634,7,2282.28,1,4,4,9,Loyal Customers
17919.0,345.157152774032,88,2,1840.32,3,3,4,10,Loyal Customers
18239.0,344.99761106261934,219,6,1712.26,2,4,4,10,Loyal Customers
13276.0,343.32389806875454,64,5,1891.91,3,4,4,11,Loyal Customers
16317.0,343.28851072879394,120,5,2192.51,3,4,4,11,Loyal Customers
16698.0,343.2856207179723,227,2,1998.0,2,2,4,8,At Risk - Low Value
14158.0,343.23876022085653,40,1,507.66,4,1,2,7,Potential Loyalists
15167.0,342.9150638624254,321,5,1627.62,2,4,4,10,Loyal Customers
17839.0,342.81132763545787,42,1,318.15,4,2,2,8,Potential Loyalists
14499.0,342.54249135885925,26,7,2101.79,4,4,4,12,Champions
17668.0,342.2747142334924,1,2,347.75,5,3,2,10,Needs Attention
13375.0,342.18418515443886,89,2,1792.23,3,2,4,9,Needs Attention
13363.0,341.8493207731884,18,3,1723.86,5,3,4,12,Loyal Customers
15911.0,341.2684689126603,624,8,1700.24,1,4,4,9,Loyal Customers
14648.0,340.80156739663653,416,15,4466.65,1,5,5,11,Loyal Customers
12822.0,340.71653768211945,71,2,948.88,3,2,3,8,Needs Attention
16493.0,340.7026216573489,80,7,2132.09,3,4,4,11,Loyal Customers
15557.0,340.41969743492666,29,1,468.91,4,1,2,7,Potential Loyalists
16728.0,340.41464634890326,46,4,1048.28,4,4,3,11,Loyal Customers
15450.0,340.05427370072005,30,1,429.84,4,1,2,7,Potential Loyalists
14631.0,339.69083442868975,51,6,2025.69,4,4,4,12,Champions
14014.0,339.67325779931514,77,3,1948.21,3,3,4,10,Loyal Customers
16934.0,339.6351428272871,55,6,2083.14,4,4,4,12,Champions
12532.0,339.5370706938755,30,1,349.83000000000004,4,1,2,7,Potential Loyalists
17585.0,339.5255211988006,109,7,2064.71,3,4,4,11,Loyal Customers
13168.0,338.44427156942794,36,5,1840.73,4,4,4,12,Champions
16348.0,338.2666927020527,32,8,1744.42,4,5,4,13,Champions
13176.0,338.2258510655109,46,1,481.49,4,1,2,7,Potential Loyalists
18096.0,338.07184142212304,12,6,1657.87,5,4,4,13,Champions
18263.0,337.58031836508616,26,3,1213.1599999999999,4,3,3,10,Loyal Customers
16108.0,337.42230050971637,85,4,2235.92,3,4,4,11,Loyal Customers
15344.0,336.70011504915095,1,3,563.94,5,3,2,10,Needs Attention
12385.0,336.66737111475544,379,1,1938.4,2,1,4,7,Needs Attention
17614.0,336.13656614596107,57,1,386.32,4,2,2,8,Potential Loyalists
15538.0,336.11594329439424,538,6,3358.3999999999996,1,4,5,10,Loyal Customers
15907.0,336.0312698684011,4,3,882.72,5,3,3,11,Loyal Customers
16499.0,335.7520904523747,360,8,2578.34,2,5,4,11,Loyal Customers
16555.0,335.6034921605026,35,6,1915.68,4,4,4,12,Champions
16025.0,335.58356313824737,30,1,439.65999999999997,4,1,2,7,Potential Loyalists
14267.0,335.3770546823834,163,3,1516.24,3,3,4,10,Loyal Customers
12978.0,335.3206619173279,385,5,2502.82,2,4,4,10,Loyal Customers
16214.0,335.16871466025214,171,4,2038.25,3,4,4,11,Loyal Customers
17321.0,335.009775222532,8,6,1665.21,5,4,4,13,Champions
14428.0,334.90727360045696,7,5,1224.06,5,4,4,13,Champions
13583.0,334.706207988385,156,2,1445.031,3,2,4,9,Needs Attention
15238.0,333.5877070231185,29,3,1071.99,4,3,3,10,Loyal Customers
15799.0,333.56510740960607,76,4,1421.34,3,3,4,10,Loyal Customers
14474.0,332.85424843032115,46,2,1258.8899999999999,4,2,4,10,Potential Loyalists
17158.0,332.63560751935427,32,5,1980.0,4,4,4,12,Champions
17097.0,332.44893479184236,2,9,1143.36,5,5,3,13,Loyal Customers
12552.0,331.8925289100463,39,2,437.82,4,2,2,8,Potential Loyalists
17190.0,331.65068034473,59,7,1726.57,4,4,4,12,Champions
16949.0,330.73419351128547,4,6,1286.27,5,4,4,13,Champions
15452.0,330.56968371199423,30,6,1785.1100000000001,4,4,4,12,Champions
16797.0,330.3859176869699,393,5,1802.02,2,4,4,10,Loyal Customers
15326.0,330.2321114358646,334,5,1700.52,2,4,4,10,Loyal Customers
14609.0,330.04639379088974,72,10,1486.2,3,5,4,12,Loyal Customers
16491.0,329.9952333015014,47,2,1533.16,4,2,4,10,Potential Loyalists
15149.0,329.96858026318796,134,5,1554.6100000000001,3,4,4,11,Loyal Customers
14050.0,329.5125029030541,32,2,746.36,4,2,3,9,Potential Loyalists
16174.0,329.3388964956061,126,7,2246.75,3,4,4,11,Loyal Customers
15153.0,329.3283865550844,31,1,329.25,4,1,2,7,Potential Loyalists
14708.0,328.58539438284566,3,5,1793.22,5,4,4,13,Champions
17724.0,328.46720847879885,71,3,1033.0,3,3,3,9,Loyal Customers
17295.0,327.3465281862719,29,3,547.0,4,3,2,9,Needs Attention
14075.0,327.0587819349796,5,6,1734.87,5,4,4,13,Champions
14682.0,326.94554431772303,188,6,1514.81,3,4,4,11,Loyal Customers
13566.0,326.93177985956214,41,5,1688.6,4,4,4,12,Champions
16574.0,326.7142255500788,71,3,1301.78,3,3,4,10,Loyal Customers
17241.0,326.5321610922243,385,12,2736.64,2,5,4,11,Loyal Customers
13478.0,326.27790476388117,469,5,2215.78,1,4,4,9,Loyal Customers
13059.0,326.2469119452579,250,10,2291.77,2,5,4,11,Loyal Customers
17289.0,325.96640745449116,32,9,2041.8,4,5,4,13,Champions
17712.0,325.83921783569616,45,1,522.91,4,2,2,8,Potential Loyalists
17259.0,325.80769005467965,148,6,1452.39,3,4,4,11,Loyal Customers
13888.0,325.66751075045414,120,7,2001.59,3,4,4,11,Loyal Customers
16184.0,325.6259859666631,64,6,1158.79,3,4,3,10,Loyal Customers
15889.0,325.5608506274331,157,8,1427.6,3,4,4,11,Loyal Customers
16747.0,325.47219557577574,38,2,836.06,4,2,3,9,Potential Loyalists
16681.0,325.470759786445,73,7,1921.84,3,4,4,11,Loyal Customers
15330.0,325.26942285549563,32,2,714.96,4,2,3,9,Potential Loyalists
13147.0,325.09744653689813,10,4,712.8000000000001,5,3,3,11,Loyal Customers
16010.0,325.08144831494593,246,11,1694.86,2,5,4,11,Loyal Customers
18095.0,325.01954390272925,313,5,2303.09,2,4,4,10,Loyal Customers
13282.0,325.0026433105122,18,4,1313.19,5,3,4,12,Loyal Customers
14794.0,324.9461595711979,3,10,1953.9,5,5,4,14,Champions
15425.0,324.72738775528353,400,4,1941.1200000000001,2,3,4,9,Loyal Customers
15553.0,324.51257254158764,60,1,428.93,3,1,2,6,Needs Attention
17571.0,324.5028024176959,50,5,1630.91,4,4,4,12,Champions
15584.0,324.22206598328506,24,6,1268.2,4,4,4,12,Champions
17876.0,324.18448414989837,400,3,3424.02,2,3,5,10,Loyal Customers
16807.0,324.0044382713689,143,6,2123.88,3,4,4,11,Loyal Customers
17609.0,323.9920076644039,41,11,1887.8999999999999,4,5,4,13,Champions
16848.0,323.6891760321502,53,4,1411.62,4,4,4,12,Champions
16723.0,323.6049594131048,91,4,1231.36,3,4,4,11,Loyal Customers
16364.0,323.56526988849976,12,2,705.79,5,2,3,10,Potential Loyalists
13884.0,323.50741165131944,7,10,1825.03,5,5,4,14,Champions
15038.0,323.4134458871409,59,9,1146.53,4,5,3,12,Loyal Customers
15134.0,323.37933517144006,15,10,1596.29,5,5,4,14,Champions
16561.0,323.36268822474176,6,2,511.12,5,2,2,9,Potential Loyalists
17236.0,322.64474492396386,13,12,1929.26,5,5,4,14,Champions
16004.0,322.4883765661281,475,5,2146.39,1,4,4,9,Loyal Customers
16825.0,322.4410083785374,39,5,1826.89,4,4,4,12,Champions
14704.0,322.3981171813368,11,11,1752.92,5,5,4,14,Champions
17152.0,322.1798992928947,195,4,2016.5,2,4,4,10,Loyal Customers
16268.0,322.04638812475145,71,2,667.65,3,2,3,8,Needs Attention
12494.0,321.87792422582527,16,9,1815.27,5,5,4,14,Champions
14948.0,321.86040017324024,23,6,1101.97,4,4,3,11,Loyal Customers
15996.0,321.5037467411096,88,7,1386.4,3,4,4,11,Loyal Customers
15436.0,321.48494521301797,12,3,1067.75,5,3,3,11,Loyal Customers
12710.0,321.24090828910823,97,3,1149.02,3,3,3,9,Loyal Customers
15774.0,321.213533937908,69,6,1288.34,3,4,4,11,Loyal Customers
15030.0,321.13553971247205,72,8,1979.91,3,4,4,11,Loyal Customers
15745.0,320.8957263086742,19,4,1094.59,5,3,3,11,Loyal Customers
16770.0,320.76063306683443,58,9,1778.93,4,5,4,13,Champions
15473.0,320.5048450163937,14,8,2046.0,5,4,4,13,Champions
15013.0,320.39190802244065,488,10,1610.82,1,5,4,10,Loyal Customers
14643.0,320.1268599731373,170,5,1679.89,3,4,4,11,Loyal Customers
18022.0,319.937128253572,36,5,1507.25,4,4,4,12,Champions
14859.0,319.82338156962413,13,5,1705.64,5,4,4,13,Champions
12697.0,319.79185425216616,29,3,957.59,4,3,3,10,Loyal Customers
17126.0,319.72656134729294,152,9,2016.43,3,5,4,12,Loyal Customers
14861.0,319.36899158015166,52,10,1380.73,4,5,4,13,Champions
12932.0,318.1863739919462,539,8,1698.56,1,4,4,9,Loyal Customers
14901.0,318.08176882206686,11,12,1919.0,5,5,4,14,Champions
13689.0,317.9708351839448,63,2,1259.5,3,2,4,9,Needs Attention
13205.0,317.9476882777081,443,1,2803.2,1,1,4,6,Needs Attention
15734.0,317.6581997404829,115,4,2263.3,3,3,4,10,Loyal Customers
17454.0,317.5920845334416,192,10,1547.94,2,5,4,11,Loyal Customers
16243.0,317.5568210553476,34,2,409.1,4,2,2,8,Potential Loyalists
12549.0,317.4717587998645,576,6,1575.68,1,4,4,9,Loyal Customers
18216.0,317.3645500578375,31,1,481.75,4,2,2,8,Potential Loyalists
16536.0,316.4949266587893,110,1,548.12,3,1,2,6,Needs Attention
12778.0,316.45265116616446,20,9,1775.68,4,5,4,13,Champions
17800.0,316.1389976844637,37,9,1187.21,4,5,3,12,Loyal Customers
14553.0,316.06765478079797,19,9,1818.6,5,5,4,14,Champions
16212.0,316.03069381375366,19,4,1293.71,5,4,4,13,Champions
12679.0,315.88735581927745,59,4,1113.02,4,3,3,10,Loyal Customers
16716.0,315.6985985795411,267,3,2149.6800000000003,2,3,4,9,Loyal Customers
14583.0,315.62889815886217,6,8,1660.29,5,4,4,13,Champions
18221.0,314.7560134533645,22,6,1424.94,4,4,4,12,Champions
16650.0,314.5567722163067,72,7,1916.11,3,4,4,11,Loyal Customers
17032.0,314.46645297391586,548,8,2984.32,1,5,5,11,Loyal Customers
14469.0,314.4379022776375,416,4,2093.46,1,3,4,8,Loyal Customers
14561.0,314.42996360828727,76,3,1080.76,3,3,3,9,Loyal Customers
15376.0,314.3493577330671,40,3,1221.56,4,3,4,11,Loyal Customers
14416.0,314.25207421989023,22,2,490.22,4,2,2,8,Potential Loyalists
13696.0,314.2375450992786,422,3,2020.4,1,3,4,8,Loyal Customers
17058.0,314.2236193715485,82,3,1179.89,3,3,3,9,Loyal Customers
13846.0,313.72146660177935,25,4,1307.79,4,3,4,11,Loyal Customers
17041.0,313.553784541606,27,6,1655.2,4,4,4,12,Champions
14988.0,313.425945193708,212,7,2038.65,2,4,4,10,Loyal Customers
13821.0,313.3150292900302,145,6,1379.08,3,4,4,11,Loyal Customers
17465.0,313.29256610595934,426,7,2542.79,1,4,4,9,Loyal Customers
12475.0,312.97157660696354,54,2,1149.64,4,2,3,9,Potential Loyalists
16794.0,312.9176615274647,1,15,2052.7,5,5,4,14,Champions
12533.0,312.85659072109905,628,2,1367.89,1,2,4,7,At Risk - Low Value
15649.0,312.85565250236175,336,4,1660.35,2,3,4,9,Loyal Customers
12390.0,312.7289645216057,80,1,549.84,3,1,2,6,Needs Attention
13064.0,312.6817235829263,13,6,1666.8400000000001,5,4,4,13,Champions
13791.0,312.38023020773926,128,2,1516.0,3,2,4,9,Needs Attention
13816.0,312.1948048180878,24,2,571.6700000000001,4,2,2,8,Potential Loyalists
14284.0,311.5184495546595,31,3,1299.65,4,3,4,11,Loyal Customers
16318.0,311.48237386633247,35,1,328.15,4,1,2,7,Potential Loyalists
18268.0,311.38625930927986,134,6,1490.23,3,4,4,11,Loyal Customers
14651.0,311.3085561223439,67,9,2025.52,3,5,4,12,Loyal Customers
13989.0,311.114715507014,66,5,2026.06,3,4,4,11,Loyal Customers
13838.0,310.95667484848843,6,10,1690.07,5,5,4,14,Champions
15253.0,310.9069138432184,16,8,2055.09,5,4,4,13,Champions
16611.0,310.71776073571704,186,6,1785.13,3,4,4,11,Loyal Customers
13940.0,310.656122075943,17,4,839.14,5,3,3,11,Loyal Customers
14236.0,310.4660408954546,81,5,1555.34,3,4,4,11,Loyal Customers
17666.0,310.3854970136652,4,5,2047.8,5,4,4,13,Champions
16235.0,310.1414290667745,41,9,2053.71,4,5,4,13,Champions
17006.0,310.12933291465214,5,8,1635.27,5,5,4,14,Champions
15015.0,309.9630800041216,501,13,2354.97,1,5,4,10,Loyal Customers
14403.0,309.8203491951483,130,6,1880.51,3,4,4,11,Loyal Customers
17201.0,309.7875193156602,54,4,1143.1,4,4,3,11,Loyal Customers
17878.0,309.6977590427134,44,3,1378.93,4,3,4,11,Loyal Customers
15963.0,309.6654761094905,20,2,470.76,4,2,2,8,Potential Loyalists
13867.0,309.43538081509,31,3,1005.09,4,3,3,10,Loyal Customers
13542.0,308.9208986581531,377,17,3959.4900000000002,2,5,5,12,Loyal Customers
14480.0,308.648288103345,11,4,1299.52,5,3,4,12,Loyal Customers
18106.0,308.6436293111485,330,6,1441.06,2,4,4,10,Loyal Customers
17851.0,308.62387390943815,422,6,1552.35,1,4,4,9,Loyal Customers
17385.0,308.5580827536501,15,1,256.11,5,2,1,8,Needs Attention
15402.0,308.5201824784752,149,6,1830.54,3,4,4,11,Loyal Customers
12784.0,308.47825503894734,9,3,1763.15,5,3,4,12,Loyal Customers
16335.0,308.3546173494725,552,7,2753.52,1,4,4,9,Loyal Customers
12997.0,307.8571497943247,22,8,2110.91,4,4,4,12,Champions
15004.0,307.6921487943538,147,1,1220.77,3,1,3,7,Needs Attention
13449.0,307.5345981517831,24,1,291.88,4,1,2,7,Potential Loyalists
12883.0,307.4030796110309,25,4,703.47,4,3,3,10,Loyal Customers
16419.0,307.371454090435,113,8,1463.7,3,5,4,12,Loyal Customers
16693.0,307.1839058050652,69,5,1179.48,3,4,3,10,Loyal Customers
16087.0,307.1606681994627,389,5,1739.92,2,4,4,10,Loyal Customers
15133.0,306.921012341879,128,5,1806.9,3,4,4,11,Loyal Customers
14385.0,306.77833746933845,9,3,202.11,5,3,1,9,Needs Attention
13563.0,306.7436765901557,84,2,777.53,3,2,3,8,Needs Attention
16221.0,306.4624730740964,37,9,2019.92,4,5,4,13,Champions
12809.0,306.1407886585069,178,3,1755.94,3,3,4,10,Loyal Customers
15322.0,306.13542620970685,86,2,1390.86,3,2,4,9,Needs Attention
18125.0,306.0860020226286,30,4,1131.75,4,4,3,11,Loyal Customers
16855.0,305.93090665868004,24,2,328.4,4,3,2,9,Needs Attention
13390.0,305.93048299104544,75,1,544.08,3,1,2,6,Needs Attention
14419.0,305.64712123768146,11,7,1254.64,5,4,4,13,Champions
14965.0,305.44985337942995,96,2,596.09,3,2,2,7,Needs Attention
13049.0,305.171045231966,64,4,1408.24,3,3,4,10,Loyal Customers
16205.0,305.0567911770031,31,7,1820.1100000000001,4,4,4,12,Champions
16706.0,304.78921422337686,37,3,531.35,4,3,2,9,Needs Attention
14836.0,304.50679351334855,10,3,102.44999999999999,5,3,1,9,Needs Attention
17042.0,304.4234234207635,3,5,1036.58,5,4,3,12,Loyal Customers
13800.0,304.2988790021228,310,3,1679.56,2,3,4,9,Loyal Customers
16714.0,303.5920546135304,219,4,1497.33,2,4,4,10,Loyal Customers
16692.0,303.19025852510134,256,4,1914.6999999999998,2,4,4,10,Loyal Customers
15823.0,303.1245823104717,372,3,3882.17,2,3,5,10,Loyal Customers
12986.0,302.67560913456566,429,10,2729.84,1,5,4,10,Loyal Customers
15492.0,302.64737678332517,28,2,659.4599999999999,4,2,3,9,Potential Loyalists
16374.0,302.54055315234723,66,5,1723.4,3,4,4,11,Loyal Customers
17705.0,302.3443726793227,3,11,2083.9,5,5,4,14,Champions
17564.0,302.23744690440583,24,3,454.01,4,3,2,9,Needs Attention
16736.0,302.1920326633631,506,5,2956.56,1,4,5,10,Loyal Customers
15678.0,302.1484343887339,53,3,1825.94,4,3,4,11,Loyal Customers
18181.0,302.1194973102462,24,5,1188.34,4,4,3,11,Loyal Customers
14590.0,302.00067342475376,425,20,2993.37,1,5,5,11,Loyal Customers
13752.0,301.855288630959,124,7,1579.8300000000002,3,4,4,11,Loyal Customers
17305.0,301.8365409804897,649,1,2135.46,1,2,4,7,At Risk - Low Value
17522.0,301.7920698070664,2,5,1070.71,5,4,3,12,Loyal Customers
16682.0,301.78407446581673,5,5,1028.0,5,4,3,12,Loyal Customers
14446.0,301.5086021924673,1,5,1200.28,5,4,3,12,Loyal Customers
13029.0,301.37590290708164,31,5,1927.3,4,4,4,12,Champions
16037.0,301.2927732855686,270,5,1509.34,2,4,4,10,Loyal Customers
16467.0,301.09233192131467,509,7,2869.16,1,4,4,9,Loyal Customers
13740.0,301.06688987282905,241,5,1582.77,2,4,4,10,Loyal Customers
13233.0,301.00009533324294,74,4,1176.46,3,3,3,9,Loyal Customers
17453.0,300.9086745807031,18,2,486.71999999999997,5,3,2,10,Needs Attention
15573.0,300.81879409249996,32,5,1188.42,4,4,3,11,Loyal Customers
13956.0,300.76409470286274,5,5,1019.27,5,4,3,12,Loyal Customers
16160.0,300.6901152323129,65,2,1025.44,3,2,3,8,Needs Attention
17897.0,300.4927135851221,173,9,2099.89,3,5,4,12,Loyal Customers
15664.0,300.36448229256735,51,4,1254.03,4,3,4,11,Loyal Customers
14623.0,300.1718893155862,32,10,2016.98,4,5,4,13,Champions
15103.0,300.06107411454906,31,2,703.36,4,2,3,9,Potential Loyalists
14657.0,299.8782099329999,18,6,1450.19,5,4,4,13,Champions
14224.0,299.73903090669035,110,9,1841.71,3,5,4,12,Loyal Customers
16657.0,299.7327847080414,10,4,874.43,5,4,3,12,Loyal Customers
15556.0,299.670333071347,24,1,279.77,4,1,1,6,New Customers
15468.0,299.4961259478178,51,3,1430.48,4,3,4,11,Loyal Customers
17302.0,299.4946549904487,15,5,1135.63,5,4,3,12,Loyal Customers
13236.0,299.3755544628006,25,2,744.85,4,2,3,9,Potential Loyalists
15976.0,299.20400620057916,165,6,1694.41,3,4,4,11,Loyal Customers
16332.0,299.11298914385696,28,11,2000.01,4,5,4,13,Champions
12372.0,299.06840528280316,72,3,1298.04,3,3,4,10,Loyal Customers
12987.0,299.0360698824828,74,5,1312.21,3,4,4,11,Loyal Customers
18143.0,298.98325809392804,117,2,1000.16,3,3,3,9,Loyal Customers
12534.0,298.95375454193794,131,1,1089.18,3,1,3,7,Needs Attention
17135.0,298.7040320441674,16,10,1722.18,5,5,4,14,Champions
16830.0,298.5787633415682,39,4,1207.5,4,4,3,11,Loyal Customers
16172.0,298.36274660904036,95,8,1884.55,3,5,4,12,Loyal Customers
13499.0,298.29218744563536,18,5,1159.11,5,4,3,12,Loyal Customers
16880.0,298.2727668384427,31,8,1813.21,4,5,4,13,Champions
16331.0,298.0145221470879,432,6,2037.7,1,4,4,9,Loyal Customers
13717.0,297.0478237000339,32,8,1763.3,4,4,4,12,Champions
15108.0,296.97956768748844,142,4,1300.25,3,3,4,10,Loyal Customers
16869.0,296.70878026164564,23,4,817.12,4,4,3,11,Loyal Customers
16842.0,296.3312574463895,101,3,1264.19,3,3,4,10,Loyal Customers
14528.0,296.23793557722723,37,1,364.21999999999997,4,1,2,7,Potential Loyalists
15252.0,296.1377023566302,36,5,2103.41,4,4,4,12,Champions
15478.0,296.09933561697653,40,3,1983.48,4,3,4,11,Loyal Customers
15762.0,295.9793410379761,65,2,583.75,3,2,2,7,Needs Attention
18067.0,295.80902855054904,40,1,396.33,4,2,2,8,Potential Loyalists
15652.0,295.57282622344843,91,5,1405.94,3,4,4,11,Loyal Customers
13202.0,295.5152846226475,394,7,1580.3,2,4,4,10,Loyal Customers
12458.0,294.96235881961724,71,4,1777.49,3,3,4,10,Loyal Customers
16043.0,294.9036569977954,38,8,1856.5900000000001,4,4,4,12,Champions
15201.0,294.902254408059,87,7,1842.95,3,4,4,11,Loyal Customers
15789.0,294.7848824011342,358,6,1962.01,2,4,4,10,Loyal Customers
16809.0,294.1514453887194,23,9,1727.43,4,5,4,13,Champions
15633.0,294.08925006454575,509,13,4335.96,1,5,5,11,Loyal Customers
16175.0,293.82822927750107,94,7,1836.44,3,4,4,11,Loyal Customers
12722.0,293.61256996551555,85,4,997.63,3,3,3,9,Loyal Customers
16121.0,293.34772813063427,57,5,1450.04,4,4,4,12,Champions
14389.0,292.6381253118905,65,5,1898.01,3,4,4,11,Loyal Customers
14893.0,292.20750787219606,10,3,1809.6100000000001,5,3,4,12,Loyal Customers
12544.0,292.0737807893205,36,1,372.7,4,1,2,7,Potential Loyalists
14871.0,292.0116647323286,3,9,1228.17,5,5,4,14,Champions
17033.0,291.9769436770497,86,4,1332.79,3,4,4,11,Loyal Customers
17360.0,291.66950090248883,17,6,1200.51,5,4,3,12,Loyal Customers
17145.0,291.5958831477522,513,4,3120.91,1,4,5,10,Loyal Customers
15261.0,291.2829558072344,135,4,1508.0,3,3,4,10,Loyal Customers
15449.0,291.2051334045245,26,3,974.52,4,3,3,10,Loyal Customers
18164.0,291.02823031900533,37,1,399.65000000000003,4,2,2,8,Potential Loyalists
13355.0,290.83794293463444,122,1,674.7,3,1,3,7,Needs Attention
14487.0,290.78059393336184,27,7,1266.27,4,4,4,12,Champions
16625.0,290.3211658164574,275,5,1654.03,2,4,4,10,Loyal Customers
12558.0,290.303932237546,8,1,269.96,5,1,1,7,New Customers
13897.0,290.1419730641476,50,3,1160.72,4,3,3,10,Loyal Customers
13239.0,289.89293619893436,262,5,1594.69,2,4,4,10,Loyal Customers
13705.0,289.88571243504475,8,7,1717.19,5,4,4,13,Champions
13759.0,289.75415779448326,33,2,659.4100000000001,4,2,3,9,Potential Loyalists
15289.0,289.7362239094905,29,5,1593.09,4,4,4,12,Champions
15829.0,289.60819587364773,99,2,636.14,3,2,3,8,Needs Attention
17027.0,289.6057280814639,79,9,1310.63,3,5,4,12,Loyal Customers
15010.0,289.33449251123653,36,1,308.94,4,1,2,7,Potential Loyalists
14984.0,289.3320552543668,19,6,1260.51,5,4,4,13,Champions
14225.0,289.2873406691916,435,4,2031.07,1,3,4,8,Loyal Customers
16917.0,288.97112325216006,277,2,1851.88,2,3,4,9,Loyal Customers
16275.0,288.87563753348036,197,3,2151.11,2,3,4,9,Loyal Customers
14862.0,288.57316959200557,26,2,841.1999999999999,4,2,3,9,Potential Loyalists
16930.0,287.99477410399396,26,3,378.89,4,3,2,9,Needs Attention
17990.0,287.9869967822654,237,6,1527.6100000000001,2,4,4,10,Loyal Customers
14785.0,287.92081920021127,10,2,77.4,5,2,1,8,Needs Attention
15279.0,287.75604492831695,355,5,1580.54,2,4,4,10,Loyal Customers
17886.0,287.70115504281733,32,6,1572.55,4,4,4,12,Champions
12693.0,287.40528869229934,127,7,1703.02,3,4,4,11,Loyal Customers
13760.0,287.2966814710331,54,5,1363.6399999999999,4,4,4,12,Champions
12994.0,287.0583437096916,4,3,974.4200000000001,5,3,3,11,Loyal Customers
15551.0,286.79521768829875,37,7,1679.81,4,4,4,12,Champions
17796.0,286.7274985781618,40,7,1236.39,4,4,4,12,Champions
17545.0,286.3437491122467,43,6,1409.8600000000001,4,4,4,12,Champions
13405.0,285.93207036690706,74,6,1213.811,3,4,3,10,Loyal Customers
12918.0,285.72120581502656,626,1,10953.5,1,1,5,7,Needs Attention
12465.0,285.5488472106559,17,2,742.1899999999999,5,2,3,10,Potential Loyalists
18236.0,285.318329121945,30,12,1795.3500000000001,4,5,4,13,Champions
17076.0,285.03667602819223,36,6,1242.75,4,4,4,12,Champions
17429.0,284.9793963819714,128,5,1357.46,3,4,4,11,Loyal Customers
17540.0,284.9200621142095,25,6,1590.6000000000001,4,4,4,12,Champions
15081.0,284.8170193363607,22,12,1854.57,4,5,4,13,Champions
15476.0,284.35096090578486,380,4,2209.98,2,3,4,9,Loyal Customers
16092.0,284.30015676972107,115,6,1587.94,3,4,4,11,Loyal Customers
14829.0,284.21050275699986,29,7,1455.8700000000001,4,4,4,12,Champions
16528.0,284.1125204397856,4,1,244.41,5,1,1,7,New Customers
15732.0,284.0856679402634,212,10,1543.97,2,5,4,11,Loyal Customers
14126.0,283.74355134648147,8,4,1172.46,5,3,3,11,Loyal Customers
13681.0,283.60882052105205,18,4,827.83,5,3,3,11,Loyal Customers
16065.0,283.00338045931755,365,8,1992.13,2,5,4,11,Loyal Customers
13954.0,282.7600820615626,2,2,439.92,5,2,2,9,Potential Loyalists
14475.0,282.7449908219071,72,4,1151.15,3,3,3,9,Loyal Customers
16009.0,282.5337590532136,22,4,972.11,4,4,3,11,Loyal Customers
12491.0,282.4831259601893,39,1,460.40000000000003,4,1,2,7,Potential Loyalists
17297.0,282.24623508152746,17,1,128.18,5,2,1,8,Needs Attention
14712.0,282.0728459476941,29,4,1328.0700000000002,4,3,4,11,Loyal Customers
17950.0,281.9507389377744,72,7,1166.29,3,4,3,10,Loyal Customers
16367.0,281.793556094399,37,3,1350.48,4,3,4,11,Loyal Customers
14136.0,281.67994550764274,401,5,1570.81,2,4,4,10,Loyal Customers
12541.0,281.58332288977,30,3,981.18,4,3,3,10,Loyal Customers
17885.0,281.47279239766124,12,1,156.34,5,2,1,8,Needs Attention
18228.0,281.4723932859954,57,2,779.9,4,3,3,10,Loyal Customers
18248.0,281.35814999773737,123,2,804.02,3,3,3,9,Loyal Customers
13787.0,281.33410100695784,76,6,1222.5,3,4,4,11,Loyal Customers
15429.0,281.0990217901356,27,2,397.35,4,2,2,8,Potential Loyalists
14850.0,281.0258676759631,312,7,1770.96,2,4,4,10,Loyal Customers
12879.0,280.9766657590763,45,3,573.22,4,3,2,9,Needs Attention
16895.0,280.9565294529903,65,5,1102.9,3,4,3,10,Loyal Customers
15751.0,280.6776357120097,461,11,1380.44,1,5,4,10,Loyal Customers
15580.0,280.66915924895096,377,8,1375.39,2,4,4,10,Loyal Customers
14083.0,280.6005065428348,4,11,1082.19,5,5,3,13,Loyal Customers
16052.0,280.57150073041,54,1,362.06,4,1,2,7,Potential Loyalists
14223.0,280.1958878118409,92,3,991.13,3,3,3,9,Loyal Customers
13138.0,279.6415755085011,22,7,1274.01,4,4,4,12,Champions
15146.0,279.61595595922506,165,2,1327.16,3,2,4,9,Needs Attention
15022.0,279.31832066287217,12,5,1133.44,5,4,3,12,Loyal Customers
16826.0,279.27581251145915,51,1,341.7,4,2,2,8,Potential Loyalists
17046.0,278.7854353839566,157,5,1906.07,3,4,4,11,Loyal Customers
12556.0,278.5610525170542,50,2,599.56,4,2,2,8,Potential Loyalists
15618.0,278.2310945957293,33,4,776.851,4,3,3,10,Loyal Customers
14356.0,277.6526438872909,80,2,701.23,3,2,3,8,Needs Attention
17941.0,277.49916938510455,131,4,1433.28,3,4,4,11,Loyal Customers
14692.0,277.2505505679261,137,12,1715.1399999999999,3,5,4,12,Loyal Customers
14021.0,277.0023260777488,155,7,1716.58,3,4,4,11,Loyal Customers
16478.0,276.9653864529308,25,3,331.0,4,3,2,9,Needs Attention
13531.0,276.87476539354924,205,6,1433.07,2,4,4,10,Loyal Customers
14818.0,276.78899031185523,74,6,1153.56,3,4,3,10,Loyal Customers
14186.0,276.78609375155014,427,5,1550.63,1,4,4,9,Loyal Customers
15205.0,276.7490639514006,85,2,653.24,3,2,3,8,Needs Attention
14087.0,276.1072277180387,3,3,829.47,5,3,3,11,Loyal Customers
15679.0,276.02794298972617,24,4,781.28,4,3,3,10,Loyal Customers
15315.0,274.8816982440058,64,2,570.5,3,2,2,7,Needs Attention
16329.0,274.8620117614776,428,4,1664.92,1,4,4,9,Loyal Customers
18265.0,274.6893369946237,72,2,801.51,3,3,3,9,Loyal Customers
16572.0,274.6644011008701,127,3,1009.6,3,3,3,9,Loyal Customers
17734.0,274.63277524659065,54,6,1442.32,4,4,4,12,Champions
15481.0,274.4972846258771,401,1,1993.34,2,1,4,7,Needs Attention
13031.0,273.53280817960746,407,5,3292.84,2,4,5,11,Loyal Customers
17515.0,273.39123436137237,31,9,1602.51,4,5,4,13,Champions
14564.0,272.75031088035075,435,2,2605.62,1,2,4,7,At Risk - Low Value
13939.0,272.0722528080885,23,7,1560.96,4,4,4,12,Champions
16624.0,272.05263952279796,81,2,810.5699999999999,3,2,3,8,Needs Attention
12514.0,271.9954295264512,267,2,1597.76,2,2,4,8,At Risk - Low Value
13156.0,271.886650149169,385,3,1586.54,2,3,4,9,Loyal Customers
16535.0,271.781516167435,5,3,972.04,5,3,3,11,Loyal Customers
15345.0,271.61752587637545,46,1,393.54,4,1,2,7,Potential Loyalists
15592.0,271.61299131681585,47,1,388.58,4,1,2,7,Potential Loyalists
16014.0,271.51574079066546,38,5,1100.28,4,4,3,11,Loyal Customers
12671.0,271.2707329367594,606,1,2622.481,1,1,4,6,Needs Attention
14638.0,271.03238439563665,51,1,443.6,4,1,2,7,Potential Loyalists
16032.0,271.00776190766095,456,6,1965.72,1,4,4,9,Loyal Customers
15077.0,270.8674007997079,495,2,2428.08,1,2,4,7,At Risk - Low Value
13900.0,270.6686369850394,183,6,1610.59,3,4,4,11,Loyal Customers
17824.0,270.66349050565304,51,1,298.4,4,2,2,8,Potential Loyalists
14068.0,270.64509923821294,320,4,1516.72,2,3,4,9,Loyal Customers
13349.0,270.457772533136,11,1,247.32,5,1,1,7,New Customers
16907.0,270.22982367927,29,9,1470.89,4,5,4,13,Champions
12448.0,270.15274154789466,44,1,449.45,4,1,2,7,Potential Loyalists
18015.0,269.8771924701411,4,1,120.03,5,2,1,8,Needs Attention
14863.0,269.64812440687274,29,1,266.76,4,1,1,6,New Customers
14331.0,269.407993628522,124,2,462.65999999999997,3,2,2,7,Needs Attention
13035.0,269.3761217185297,74,3,1364.2,3,3,4,10,Loyal Customers
15360.0,268.99095390204207,40,1,427.93,4,1,2,7,Potential Loyalists
12384.0,268.9723436909138,29,2,585.27,4,2,2,8,Potential Loyalists
14028.0,268.7967855468689,550,3,10396.5,1,3,5,9,Loyal Customers
14973.0,268.64989737351607,107,3,1314.45,3,3,4,10,Loyal Customers
16313.0,268.38461019933237,3,2,274.15000000000003,5,2,1,8,Needs Attention
13928.0,268.31689255474686,11,4,464.57,5,3,2,10,Needs Attention
15667.0,268.13672668412164,40,1,301.32,4,1,2,7,Potential Loyalists
16110.0,268.0971220100574,45,4,1781.59,4,4,4,12,Champions
13376.0,267.8457761951822,99,3,1019.76,3,3,3,9,Loyal Customers
18240.0,267.7847582701523,46,1,422.58,4,2,2,8,Potential Loyalists
17447.0,267.67247507794946,40,2,541.53,4,3,2,9,Needs Attention
17951.0,267.6411235009189,40,4,1340.5800000000002,4,4,4,12,Champions
18205.0,267.6299744112904,36,2,517.36,4,3,2,9,Needs Attention
14214.0,267.4132587752174,31,5,1004.38,4,4,3,11,Loyal Customers
18062.0,267.05283874641145,173,6,1632.67,3,4,4,11,Loyal Customers
14881.0,266.5859649251462,20,1,255.4,4,1,1,6,New Customers
15181.0,266.561794129299,66,5,1200.2,3,4,3,10,Loyal Customers
13389.0,266.464554626386,11,3,797.96,5,3,3,11,Loyal Customers
14752.0,266.07164460010546,44,1,389.64,4,1,2,7,Potential Loyalists
17573.0,266.02592682469515,29,3,380.6,4,3,2,9,Needs Attention
14079.0,265.8008175100766,125,2,618.73,3,2,3,8,Needs Attention
13016.0,265.52577639181413,73,3,789.89,3,3,3,9,Loyal Customers
12418.0,265.1534203812875,113,4,2021.2,3,3,4,10,Loyal Customers
16127.0,265.1463675345825,39,2,801.31,4,2,3,9,Potential Loyalists
16239.0,264.91949583607345,57,6,1492.2,4,4,4,12,Champions
15407.0,264.7325628879302,34,4,1046.74,4,3,3,10,Loyal Customers
17732.0,264.71703903874436,373,8,2166.42,2,5,4,11,Loyal Customers
16685.0,264.6960338388578,61,2,324.24,3,2,2,7,Needs Attention
17028.0,264.4833687894619,581,3,1593.83,1,3,4,8,Loyal Customers
12691.0,264.29672824503933,28,7,1170.4,4,4,3,11,Loyal Customers
17253.0,264.2916199938517,18,1,178.26,5,2,1,8,Needs Attention
16906.0,264.23650745116083,82,7,1410.92,3,4,4,11,Loyal Customers
13539.0,264.2035285123094,86,7,1569.3600000000001,3,4,4,11,Loyal Customers
15790.0,264.05104085511203,10,1,218.75,5,1,1,7,New Customers
17064.0,263.9172749690391,59,3,855.45,4,3,3,10,Loyal Customers
15381.0,263.91453450867556,214,5,1890.5700000000002,2,4,4,10,Loyal Customers
16123.0,263.8633354478486,52,1,307.78,4,1,2,7,Potential Loyalists
17610.0,263.7287507968804,540,5,1511.94,1,4,4,9,Loyal Customers
16451.0,263.64931937791187,88,3,1013.15,3,3,3,9,Loyal Customers
13214.0,263.58555928918787,418,7,3264.23,1,4,5,10,Loyal Customers
13271.0,263.56732219845435,37,1,211.49,4,1,1,6,New Customers
14289.0,263.55538462177344,9,6,911.26,5,4,3,12,Loyal Customers
16482.0,263.21046663603187,16,1,220.62,5,1,1,7,New Customers
14883.0,263.13249565258843,19,6,761.59,5,4,3,12,Loyal Customers
15813.0,262.916328548993,208,2,1303.9099999999999,2,2,4,8,At Risk - Low Value
14078.0,262.4519217606275,102,9,1553.47,3,5,4,12,Loyal Customers
16915.0,262.40832505875306,9,11,1543.18,5,5,4,14,Champions
17235.0,262.3606852145456,25,8,1562.98,4,5,4,13,Champions
13155.0,262.0575361746163,33,6,1370.48,4,4,4,12,Champions
17973.0,261.9219439629304,52,1,337.04,4,2,2,8,Potential Loyalists
14764.0,261.9140825461292,47,1,278.3,4,1,1,6,New Customers
17109.0,261.8914012937654,29,8,1291.71,4,5,4,13,Champions
16300.0,261.6130073164228,430,3,1367.32,1,3,4,8,Loyal Customers
14550.0,261.1543985528869,11,4,1345.06,5,3,4,12,Loyal Customers
13322.0,261.0247277286043,17,1,199.48000000000002,5,1,1,7,New Customers
15132.0,260.97007255987967,18,5,977.9300000000001,5,4,3,12,Loyal Customers
14831.0,260.9594514904812,680,3,1676.57,1,3,4,8,Loyal Customers
14335.0,260.6639809848581,16,2,454.86,5,2,2,9,Potential Loyalists
17637.0,260.56299933428335,31,2,547.0600000000001,4,3,2,9,Needs Attention
16727.0,260.43361797319744,364,4,1377.77,2,4,4,10,Loyal Customers
12908.0,260.3630180488825,176,5,1776.0,3,4,4,11,Loyal Customers
13352.0,259.8656200259774,60,1,397.97999999999996,3,1,2,6,Needs Attention
12824.0,259.8656200259774,60,1,397.12,3,1,2,6,Needs Attention
14167.0,259.81425162719836,39,8,1274.29,4,4,4,12,Champions
12813.0,259.7847765276107,502,3,1687.8,1,3,4,8,Loyal Customers
16951.0,259.69816120701904,135,3,1277.75,3,3,4,10,Loyal Customers
15579.0,259.6221718004831,69,5,1250.63,3,4,4,11,Loyal Customers
13801.0,259.4473288114911,67,1,324.8,3,1,2,6,Needs Attention
16450.0,259.33455881914693,150,3,1505.73,3,3,4,10,Loyal Customers
17025.0,259.21822518877275,61,5,1349.67,3,4,4,11,Loyal Customers
15101.0,259.2173957976882,9,6,1477.94,5,4,4,13,Champions
15736.0,259.21600582645635,435,2,1767.12,1,2,4,7,At Risk - Low Value
18149.0,258.96665066483575,51,7,1553.96,4,4,4,12,Champions
13919.0,258.9350520298332,59,4,1360.68,4,3,4,11,Loyal Customers
17373.0,258.87619939150125,40,7,1167.5,4,4,3,11,Loyal Customers
15948.0,258.77200002981857,8,3,1509.0900000000001,5,3,4,12,Loyal Customers
13923.0,258.3485769255162,54,1,351.13,4,1,2,7,Potential Loyalists
13492.0,258.03258830028693,136,3,1269.84,3,3,4,10,Loyal Customers
15320.0,257.8557507145738,44,1,267.13,4,1,1,6,New Customers
13311.0,257.5959897607438,4,2,598.57,5,2,2,9,Potential Loyalists
13154.0,257.44427120230813,399,3,1624.84,2,3,4,9,Loyal Customers
16982.0,257.37554344025017,61,1,384.06,3,2,2,7,Needs Attention
14578.0,257.0550804474912,3,1,168.63,5,1,1,7,New Customers
13165.0,257.04582957739217,46,3,1451.16,4,3,4,11,Loyal Customers
16777.0,257.0433892627086,80,5,1292.18,3,4,4,11,Loyal Customers
18052.0,256.9916469273403,565,1,10877.18,1,2,5,8,At Risk - Low Value
13328.0,256.9513383919928,316,1,1308.48,2,1,4,7,Needs Attention
17516.0,256.94108630585947,15,6,947.5,5,4,3,12,Loyal Customers
15949.0,256.7195125684217,17,2,364.72,5,2,2,9,Potential Loyalists
16734.0,256.6708167326462,52,3,646.76,4,3,3,10,Loyal Customers
14820.0,256.57665194241207,21,9,1274.76,4,5,4,13,Champions
14080.0,256.3355347629182,33,5,1115.68,4,4,3,11,Loyal Customers
18035.0,256.2691158322635,36,5,1260.23,4,4,4,12,Champions
15069.0,255.89736439544626,179,1,1109.53,3,1,3,7,Needs Attention
14114.0,255.84745024836675,274,7,1364.09,2,4,4,10,Loyal Customers
15653.0,255.81492633755033,93,2,877.4399999999999,3,2,3,8,Needs Attention
18066.0,255.65290732074564,75,3,1440.4,3,3,4,10,Loyal Customers
14853.0,255.6504857389139,24,5,1376.87,4,4,4,12,Champions
13805.0,255.62238191280804,52,2,924.6,4,2,3,9,Potential Loyalists
16386.0,255.61343948991717,29,3,1068.16,4,3,3,10,Loyal Customers
15777.0,255.55954503804435,241,7,1762.61,2,4,4,10,Loyal Customers
16999.0,255.49305972591364,23,2,484.82,4,3,2,9,Needs Attention
14720.0,255.30146606604146,6,3,663.81,5,3,3,11,Loyal Customers
12461.0,254.83068358136603,94,2,826.88,3,2,3,8,Needs Attention
17779.0,254.8167984716679,21,3,650.32,4,3,3,10,Loyal Customers
17172.0,254.7822355200168,79,3,956.5699999999999,3,3,3,9,Loyal Customers
15185.0,254.56109210471274,70,1,310.62,3,1,2,6,Needs Attention
13845.0,254.39272426527705,65,1,312.98,3,1,2,6,Needs Attention
13382.0,254.27392519859686,281,5,1387.58,2,4,4,10,Loyal Customers
15193.0,254.24768846311952,61,1,499.32,3,1,2,6,Needs Attention
16204.0,254.21036791489382,23,3,918.71,4,3,3,10,Loyal Customers
17853.0,254.05371706356775,407,3,1596.29,2,3,4,9,Loyal Customers
14379.0,253.71036275473259,44,4,1265.16,4,3,4,11,Loyal Customers
13560.0,253.66445177338906,7,1,171.42000000000002,5,1,1,7,New Customers
16372.0,253.52414834907896,33,5,1290.31,4,4,4,12,Champions
12806.0,253.12344117634123,435,4,2878.96,1,3,4,8,Loyal Customers
15614.0,253.12275087554247,438,4,3147.36,1,3,5,9,Loyal Customers
16384.0,253.06812351646,90,4,1358.95,3,4,4,11,Loyal Customers
12875.0,252.92487984375742,143,5,1356.99,3,4,4,11,Loyal Customers
12434.0,252.87731275172612,85,3,1103.43,3,3,3,9,Loyal Customers
15587.0,252.74035819800406,50,7,1522.0800000000002,4,4,4,12,Champions
16803.0,252.65888240016443,65,1,332.3,3,2,2,7,Needs Attention
12725.0,252.53010168833424,371,4,2266.76,2,3,4,9,Loyal Customers
13321.0,252.4972205747938,72,2,567.36,3,2,2,7,Needs Attention
16749.0,252.05347930621787,591,2,4157.88,1,2,5,8,At Risk - Low Value
14349.0,252.03076974823134,10,1,133.5,5,1,1,7,New Customers
15743.0,251.76587552045987,16,4,775.96,5,3,3,11,Loyal Customers
15223.0,251.75769864578032,226,5,1417.95,2,4,4,10,Loyal Customers
17703.0,251.72874124004036,35,4,1094.84,4,4,3,11,Loyal Customers
12993.0,251.04305384662746,23,8,1259.6299999999999,4,4,4,12,Champions
12740.0,250.92867684834385,64,1,427.6,3,1,2,6,Needs Attention
13543.0,250.73317311287403,634,2,1439.6100000000001,1,2,4,7,At Risk - Low Value
15904.0,250.5653655842931,8,1,164.68,5,1,1,7,New Customers
15110.0,250.2571196523282,24,6,1505.8500000000001,4,4,4,12,Champions
12926.0,250.2435167395742,411,4,1523.97,1,3,4,8,Loyal Customers
13220.0,250.178256585296,78,5,1336.0900000000001,3,4,4,11,Loyal Customers
13504.0,249.86008963009468,64,1,295.93,3,1,2,6,Needs Attention
17714.0,249.61733454530398,321,5,1410.18,2,4,4,10,Loyal Customers
16139.0,249.30993755167123,19,5,1111.15,5,4,3,12,Loyal Customers
15630.0,249.30403698034254,45,3,1481.4,4,3,4,11,Loyal Customers
13575.0,249.2556709361674,23,5,732.0699999999999,4,4,3,11,Loyal Customers
15269.0,249.14437766501825,24,3,1225.3600000000001,4,3,4,11,Loyal Customers
15644.0,249.06927339301436,166,4,803.54,3,3,3,9,Loyal Customers
12624.0,248.2636844984441,106,2,641.13,3,2,3,8,Needs Attention
13379.0,247.7519800089161,26,3,572.56,4,3,2,9,Needs Attention
12453.0,247.65695857961896,134,1,707.09,3,1,3,7,Needs Attention
14034.0,247.65502007023858,22,3,648.89,4,3,3,10,Loyal Customers
13122.0,247.56556389217528,94,2,922.39,3,2,3,8,Needs Attention
13248.0,247.41830147162852,125,2,465.68,3,2,2,7,Needs Attention
13812.0,247.37817090082012,42,3,539.0,4,3,2,9,Needs Attention
17521.0,247.24174251401612,30,5,1278.06,4,4,4,12,Champions
14412.0,247.08571762589588,43,3,1426.19,4,3,4,11,Loyal Customers
13744.0,246.99664345235772,95,2,1080.52,3,2,3,8,Needs Attention
12737.0,246.95086566373982,499,2,3710.5,1,2,5,8,At Risk - Low Value
15300.0,246.92014590367543,64,1,496.44,3,1,2,6,Needs Attention
13416.0,246.7608200000517,44,3,940.8000000000001,4,3,3,10,Loyal Customers
18158.0,246.72558593319982,9,2,453.4,5,3,2,10,Needs Attention
15091.0,246.59693226355142,68,3,1046.6100000000001,3,3,3,9,Loyal Customers
17341.0,246.52647926314546,157,5,1272.21,3,4,4,11,Loyal Customers
15756.0,246.44423017165138,61,4,528.01,3,3,2,8,Needs Attention
17759.0,246.29174265122705,17,5,1261.88,5,4,4,13,Champions
17527.0,246.18815025276828,54,4,939.37,4,4,3,11,Loyal Customers
17114.0,246.13489088982644,6,8,801.12,5,5,3,13,Loyal Customers
15783.0,245.96757919482644,11,1,246.3,5,1,1,7,New Customers
13607.0,245.94871480474922,40,2,1075.81,4,2,3,9,Potential Loyalists
15385.0,245.9370576503179,40,3,942.08,4,3,3,10,Loyal Customers
15244.0,245.6171449624727,65,3,912.08,3,3,3,9,Loyal Customers
14492.0,245.60611266559656,430,7,1921.91,1,4,4,9,Loyal Customers
13637.0,245.59089086898044,52,3,804.3,4,3,3,10,Loyal Customers
13554.0,245.42855879028997,380,7,1629.35,2,4,4,10,Loyal Customers
14484.0,245.40280629238424,50,4,1070.98,4,3,3,10,Loyal Customers
14585.0,245.4026304826709,50,5,1143.27,4,4,3,11,Loyal Customers
12660.0,245.1330322831055,11,1,245.1,5,1,1,7,New Customers
16758.0,245.03974382088637,65,1,369.34000000000003,3,2,2,7,Needs Attention
16067.0,244.28160845969256,563,3,3269.11,1,3,5,9,Loyal Customers
13446.0,243.98865078606227,430,11,3881.89,1,5,5,11,Loyal Customers
16772.0,243.96035781576987,423,3,3698.0499999999997,1,3,5,9,Loyal Customers
14317.0,243.8742914710681,65,1,508.58000000000004,3,1,2,6,Needs Attention
14204.0,243.69439794005922,2,4,1024.83,5,3,3,11,Loyal Customers
14953.0,243.35397559143223,25,4,971.32,4,3,3,10,Loyal Customers
15934.0,243.2662977063083,418,2,2190.66,1,2,4,7,At Risk - Low Value
16860.0,243.202013511778,453,3,1610.62,1,3,4,8,Loyal Customers
16720.0,243.02363198465792,26,3,758.74,4,3,3,10,Loyal Customers
13351.0,242.79222545908308,66,1,373.94,3,1,2,6,Needs Attention
13042.0,242.51383051736673,598,3,1488.59,1,3,4,8,Loyal Customers
16404.0,242.21001373156625,70,1,443.05,3,1,2,6,Needs Attention
16432.0,242.13779775089012,64,1,287.4,3,1,2,6,Needs Attention
15831.0,242.13064076031486,58,3,794.64,4,3,3,10,Loyal Customers
16071.0,242.0723491477105,45,4,1076.8,4,4,3,11,Loyal Customers
15522.0,242.03784599654105,33,2,397.99,4,2,2,8,Potential Loyalists
15930.0,241.92781826295405,67,1,426.63,3,1,2,6,Needs Attention
12673.0,241.79279788096795,5,3,1230.02,5,3,4,12,Loyal Customers
16674.0,241.6655316708546,55,2,304.24,4,2,2,8,Potential Loyalists
13617.0,241.60109166481178,40,8,1278.75,4,4,4,12,Champions
12571.0,241.5479918939291,40,2,519.61,4,2,2,8,Potential Loyalists
15766.0,241.53522579168745,64,3,831.06,3,3,3,9,Loyal Customers
12426.0,240.72926575458015,195,2,1345.21,2,2,4,8,At Risk - Low Value
16270.0,240.65909321402341,353,1,1141.24,2,1,3,6,Needs Attention
14193.0,240.44620034098452,68,3,1210.19,3,3,3,9,Loyal Customers
16968.0,240.3874901598494,4,2,439.43,5,3,2,10,Needs Attention
15417.0,240.30212197912678,85,1,508.8,3,1,2,6,Needs Attention
13532.0,239.97392813447848,34,1,210.31,4,1,1,6,New Customers
12379.0,239.793572625282,82,4,1620.22,3,3,4,10,Loyal Customers
16529.0,239.58590324346508,190,4,1986.8,2,4,4,10,Loyal Customers
14333.0,239.54711899820884,68,1,415.2,3,1,2,6,Needs Attention
16909.0,239.35475934019541,72,1,379.14,3,2,2,7,Needs Attention
12375.0,239.27932311603027,11,2,457.5,5,2,2,9,Potential Loyalists
17333.0,239.06428159599415,86,1,494.25,3,2,2,7,Needs Attention
13515.0,238.88646555186045,73,6,1265.82,3,4,4,11,Loyal Customers
17958.0,238.5847037044835,117,2,973.88,3,3,3,9,Loyal Customers
14184.0,238.44659573623414,67,1,452.89,3,1,2,6,Needs Attention
17988.0,238.4433160293901,12,14,489.54,5,5,2,12,Needs Attention
15951.0,238.42585326751544,9,3,1013.17,5,3,3,11,Loyal Customers
13436.0,237.9708689392312,2,1,196.89,5,1,1,7,New Customers
16820.0,237.86431649420643,96,1,497.61,3,2,2,7,Needs Attention
17658.0,237.71520878682034,26,2,595.42,4,3,2,9,Needs Attention
16140.0,237.60206807516533,66,3,1433.46,3,3,4,10,Loyal Customers
17736.0,237.60013151440512,9,3,377.44,5,3,2,10,Needs Attention
15472.0,237.52044494502437,113,1,371.56,3,1,2,6,Needs Attention
17010.0,237.356277512672,18,1,195.36,5,2,1,8,Needs Attention
16881.0,237.27756424926304,67,1,432.0,3,2,2,7,Needs Attention
14020.0,237.2335904363179,17,4,1249.01,5,3,4,12,Loyal Customers
15988.0,237.1421681654494,19,3,738.89,5,3,3,11,Loyal Customers
16641.0,236.92987545917586,106,2,554.5,3,2,2,7,Needs Attention
12702.0,236.82360625929374,20,1,219.0,4,1,1,6,New Customers
12442.0,236.79971594259706,3,1,172.06,5,1,1,7,New Customers
13347.0,236.7329482375434,70,1,341.36,3,1,2,6,Needs Attention
17150.0,236.28396397857082,377,6,1357.95,2,4,4,10,Loyal Customers
13589.0,236.2689276389276,15,6,1120.74,5,4,3,12,Loyal Customers
17397.0,236.26790104437086,22,3,1198.28,4,3,3,10,Loyal Customers
15525.0,236.22199782687122,2,4,890.22,5,3,3,11,Loyal Customers
15414.0,236.11696448204466,10,3,774.9000000000001,5,3,3,11,Loyal Customers
15952.0,235.6059712370696,34,4,781.91,4,4,3,11,Loyal Customers
17415.0,235.55702796222297,80,1,507.84,3,2,2,7,Needs Attention
14264.0,235.41757867193857,155,6,1517.3600000000001,3,4,4,11,Loyal Customers
17214.0,235.36272037646194,60,6,1059.1200000000001,3,4,3,10,Loyal Customers
17600.0,235.35851968251245,18,1,161.67000000000002,5,2,1,8,Needs Attention
13146.0,235.23924591333756,26,1,228.91,4,1,1,6,New Customers
16916.0,235.2279711356701,24,4,902.02,4,4,3,11,Loyal Customers
13167.0,235.20451183752118,19,5,1125.15,5,4,3,12,Loyal Customers
18005.0,235.14345016274765,4,2,226.47,5,3,1,9,Needs Attention
17034.0,234.61974641497403,16,5,1276.42,5,4,4,13,Champions
17979.0,234.4814561847215,36,4,732.41,4,4,3,11,Loyal Customers
15232.0,234.3023954933497,113,2,612.06,3,2,3,8,Needs Attention
14775.0,234.2146929287504,58,3,1011.9,4,3,3,10,Loyal Customers
16430.0,234.1483698231939,57,7,1117.94,4,4,3,11,Loyal Customers
18277.0,234.11948736159945,58,5,1180.05,4,4,3,11,Loyal Customers
13308.0,234.03669003506963,23,4,1670.3700000000001,4,3,4,11,Loyal Customers
12535.0,233.9906849846374,92,2,716.35,3,2,3,8,Needs Attention
13038.0,233.87973145007206,80,3,908.46,3,3,3,9,Loyal Customers
15739.0,233.86258542150964,66,1,449.12,3,1,2,6,Needs Attention
13649.0,233.80853073549696,257,6,1453.68,2,4,4,10,Loyal Customers
17555.0,233.61427816881167,20,5,1045.74,4,4,3,11,Loyal Customers
17904.0,233.48113987501793,21,1,181.07,4,2,1,7,Needs Attention
14899.0,233.35936553315545,395,1,1331.38,2,1,4,7,Needs Attention
15074.0,233.2961575279869,105,3,1553.1299999999999,3,3,4,10,Loyal Customers
16627.0,233.17329241573248,79,1,322.8,3,1,2,6,Needs Attention
17179.0,233.05230703146438,178,6,1507.26,3,4,4,11,Loyal Customers
12367.0,232.91930483148593,4,1,168.9,5,1,1,7,New Customers
16031.0,232.86203294831012,92,2,547.9,3,2,2,7,Needs Attention
16501.0,232.85569100744968,383,1,1191.23,2,1,3,6,Needs Attention
12816.0,232.8316999264794,96,2,572.2,3,2,2,7,Needs Attention
13925.0,232.78759298575616,93,4,678.25,3,3,3,9,Loyal Customers
13636.0,232.71181692732586,37,5,949.12,4,4,3,11,Loyal Customers
18160.0,232.70052556676413,57,3,1003.88,4,3,3,10,Loyal Customers
14860.0,232.68787263267674,19,1,170.32,5,1,1,7,New Customers
16181.0,232.66634381297277,73,1,305.54,3,1,2,6,Needs Attention
15516.0,232.5880608702727,45,3,62.43,4,3,1,8,Needs Attention
16309.0,232.57583112241312,106,2,706.57,3,2,3,8,Needs Attention
14025.0,232.40342350811548,465,8,4057.9,1,4,5,10,Loyal Customers
16835.0,232.29278297830382,128,6,1456.66,3,4,4,11,Loyal Customers
13017.0,232.22621540519975,7,1,204.0,5,1,1,7,New Customers
13360.0,232.07844558404983,432,4,1553.65,1,3,4,8,Loyal Customers
17817.0,231.98473999279676,4,6,788.15,5,4,3,12,Loyal Customers
14201.0,231.97604853448163,60,10,1193.54,3,5,3,11,Loyal Customers
18222.0,231.71751046766818,93,1,443.0,3,2,2,7,Needs Attention
14601.0,231.64937774530011,11,1,213.96,5,1,1,7,New Customers
15171.0,231.55384068777494,331,1,1289.5,2,1,4,7,Needs Attention
12616.0,231.43950348147823,95,3,1131.1,3,3,3,9,Loyal Customers
13549.0,231.43239911391316,26,8,1005.8,4,4,3,11,Loyal Customers
12436.0,231.2292326010046,100,1,509.01,3,1,2,6,Needs Attention
13075.0,231.0094184992133,130,1,919.61,3,1,3,7,Needs Attention
16415.0,230.77472143082835,44,3,696.76,4,3,3,10,Loyal Customers
13000.0,230.65484576726377,107,4,1032.5,3,3,3,9,Loyal Customers
16167.0,230.5786317666569,414,5,1386.1200000000001,1,4,4,9,Loyal Customers
17423.0,230.57701438620643,46,3,1118.95,4,3,3,10,Loyal Customers
12703.0,230.5320895279992,71,4,1006.53,3,3,3,9,Loyal Customers
15567.0,230.36671027516428,19,1,186.01,5,1,1,7,New Customers
15599.0,230.27293691178195,27,3,1250.06,4,3,4,11,Loyal Customers
17438.0,230.24462373607147,254,5,1422.77,2,4,4,10,Loyal Customers
15638.0,230.20295675647077,379,6,2265.2,2,4,4,10,Loyal Customers
16284.0,229.98742103899684,31,3,1018.48,4,3,3,10,Loyal Customers
13546.0,229.88236559073786,12,5,1086.24,5,4,3,12,Loyal Customers
16668.0,229.85701705691991,15,13,862.42,5,5,3,13,Loyal Customers
17984.0,229.7651876782977,145,5,1152.19,3,4,3,10,Loyal Customers
16222.0,229.71455323337398,318,2,1272.05,2,2,4,8,At Risk - Low Value
18059.0,229.6948487654475,23,3,306.46,4,3,2,9,Needs Attention
14966.0,229.2715899446613,15,6,1064.26,5,4,3,12,Loyal Customers
12587.0,229.12574476484133,8,1,144.0,5,1,1,7,New Customers
14780.0,229.11075480476995,55,2,447.68,4,2,2,8,Potential Loyalists
14951.0,228.7846214416289,79,1,311.69,3,1,2,6,Needs Attention
15355.0,228.69902862267637,29,2,277.05,4,2,1,7,Needs Attention
12579.0,228.55304383591647,78,1,440.42,3,1,2,6,Needs Attention
15467.0,228.45149849119096,9,3,524.88,5,3,2,10,Needs Attention
14618.0,228.39580691406687,9,7,1342.32,5,4,4,13,Champions
14802.0,228.05502965335612,438,2,1502.98,1,2,4,7,At Risk - Low Value
14265.0,228.0006352210125,109,4,1373.35,3,3,4,10,Loyal Customers
16418.0,227.93888264909407,45,5,1028.74,4,4,3,11,Loyal Customers
17582.0,227.90441911490177,236,5,1446.95,2,4,4,10,Loyal Customers
13827.0,227.86911063437583,58,3,409.8,4,3,2,9,Needs Attention
12884.0,227.47960242748584,88,1,309.05,3,1,2,6,Needs Attention
13601.0,227.36392324270395,45,4,1159.99,4,3,3,10,Loyal Customers
15483.0,227.33641828160626,161,10,817.8199999999999,3,5,3,11,Loyal Customers
16054.0,227.28231628237788,145,4,2111.88,3,4,4,11,Loyal Customers
15800.0,227.1936874109743,107,7,1227.07,3,4,4,11,Loyal Customers
17896.0,227.15213151095858,23,1,256.32,4,2,1,7,Needs Attention
13443.0,226.7722224205595,449,6,1273.16,1,4,4,9,Loyal Customers
13933.0,226.74430206814125,109,2,608.7900000000001,3,2,2,7,Needs Attention
15475.0,226.6519393412237,77,1,454.10999999999996,3,1,2,6,Needs Attention
18034.0,226.42718257600902,22,3,754.2,4,3,3,10,Loyal Customers
16236.0,226.37456218466536,78,1,432.2,3,1,2,6,Needs Attention
14933.0,226.2975350794635,444,4,1770.0,1,3,4,8,Loyal Customers
13525.0,226.0523687878129,15,2,628.78,5,2,3,10,Potential Loyalists
16629.0,225.88038053236102,74,2,408.63,3,2,2,7,Needs Attention
15406.0,225.7506059312382,31,4,975.87,4,3,3,10,Loyal Customers
17007.0,225.69038681609905,51,7,1120.1,4,4,3,11,Loyal Customers
14240.0,225.64964463867838,30,3,1247.49,4,3,4,11,Loyal Customers
16969.0,225.5333103792573,39,3,650.41,4,3,3,10,Loyal Customers
14757.0,225.49450291044718,75,1,420.5,3,1,2,6,Needs Attention
17153.0,225.47227665616384,24,1,213.78,4,2,1,7,Needs Attention
12545.0,225.34394513714534,75,2,1000.39,3,2,3,8,Needs Attention
17496.0,225.27839011888145,359,4,1412.89,2,4,4,10,Loyal Customers
15099.0,225.27615323197548,84,1,410.48,3,1,2,6,Needs Attention
13828.0,225.26836128187128,22,1,209.49,4,1,1,6,New Customers
14108.0,225.2069319051152,31,4,1044.96,4,3,3,10,Loyal Customers
15028.0,225.1915294697707,8,6,962.94,5,4,3,12,Loyal Customers
12743.0,224.86832736423628,134,2,540.13,3,2,2,7,Needs Attention
15036.0,224.85688878822228,72,3,429.56,3,3,2,8,Needs Attention
13359.0,224.83398730141877,64,2,1043.31,3,2,3,8,Needs Attention
15806.0,224.7955465990231,46,3,784.58,4,3,3,10,Loyal Customers
16978.0,224.78584213547543,78,3,768.88,3,3,3,9,Loyal Customers
14171.0,224.51236389207082,98,2,498.79,3,2,2,7,Needs Attention
13294.0,224.39669910163775,190,3,1689.53,2,3,4,9,Loyal Customers
12966.0,224.34858419028248,10,1,160.18,5,1,1,7,New Customers
12890.0,224.20878403047925,24,2,706.02,4,2,3,9,Potential Loyalists
17664.0,224.1314698088126,19,4,1166.23,5,4,3,12,Loyal Customers
14023.0,224.09606795805118,7,2,584.07,5,2,2,9,Potential Loyalists
15343.0,223.94011278652673,87,1,364.5,3,1,2,6,Needs Attention
15154.0,223.86232416942758,75,3,1343.72,3,3,4,10,Loyal Customers
16796.0,223.79613901048725,89,1,305.62,3,2,2,7,Needs Attention
14725.0,223.7817293459327,25,4,1252.74,4,3,4,11,Loyal Customers
17537.0,223.7147242153596,30,2,887.67,4,3,3,10,Loyal Customers
13926.0,223.37876786526195,23,1,223.85000000000002,4,1,1,6,New Customers
18196.0,223.25600005917968,95,4,1457.19,3,4,4,11,Loyal Customers
13783.0,223.08813055608377,488,4,1542.09,1,3,4,8,Loyal Customers
14666.0,223.01309862896258,24,1,195.25,4,1,1,6,New Customers
15068.0,222.97377121015603,46,4,1174.9,4,3,3,10,Loyal Customers
16354.0,222.9231014879215,63,5,1119.46,3,4,3,10,Loyal Customers
14675.0,222.91187655843876,16,2,1015.58,5,2,3,10,Potential Loyalists
18135.0,222.83880718644588,29,10,1249.6200000000001,4,5,4,13,Champions
17154.0,222.69693242857358,75,1,329.34,3,2,2,7,Needs Attention
17822.0,222.65945891977165,420,5,2162.93,1,4,4,9,Loyal Customers
14357.0,222.51561219323796,43,1,225.12,4,1,1,6,New Customers
14124.0,222.23099688890866,84,1,419.58000000000004,3,1,2,6,Needs Attention
15071.0,222.08161285460955,94,4,1455.56,3,3,4,10,Loyal Customers
16854.0,221.9545246998928,417,2,1408.96,1,3,4,8,Loyal Customers
14362.0,221.9206990929272,22,1,151.5,4,1,1,6,New Customers
14695.0,221.85490571727152,519,3,1534.22,1,3,4,8,Loyal Customers
15798.0,221.85490571727152,493,3,1535.37,1,3,4,8,Loyal Customers
17649.0,221.8516350611351,138,3,1578.89,3,3,4,10,Loyal Customers
13509.0,221.73110634304476,9,8,1114.72,5,4,3,12,Loyal Customers
15464.0,221.7095879056371,338,1,1044.65,2,1,3,6,Needs Attention
15850.0,221.6814053125896,19,6,1006.75,5,4,3,12,Loyal Customers
15870.0,221.64175865530953,33,4,857.46,4,3,3,10,Loyal Customers
13372.0,221.3644440199454,90,1,378.64,3,1,2,6,Needs Attention
13892.0,221.08136651751954,27,6,1267.6499999999999,4,4,4,12,Champions
18126.0,220.95658234057385,61,1,200.92000000000002,3,2,1,6,Needs Attention
16023.0,220.88001840383143,46,3,719.81,4,3,3,10,Loyal Customers
13548.0,220.67091289060963,96,3,901.44,3,3,3,9,Loyal Customers
15758.0,220.64168255011643,25,1,205.25,4,1,1,6,New Customers
15115.0,220.42481813670156,18,2,531.85,5,2,2,9,Potential Loyalists
15471.0,220.39102942468438,2,3,1292.01,5,3,4,12,Loyal Customers
16654.0,220.33173499132303,141,8,1484.07,3,5,4,12,Loyal Customers
12638.0,220.3212898592293,33,2,921.49,4,2,3,9,Potential Loyalists
13774.0,220.26576541963078,82,1,345.0,3,1,2,6,Needs Attention
17255.0,220.22375119432496,41,4,781.7,4,4,3,11,Loyal Customers
15400.0,220.2110766412281,92,8,1302.3,3,4,4,11,Loyal Customers
12582.0,220.16450169947595,239,4,1980.4,2,3,4,9,Loyal Customers
12566.0,220.0483588531508,86,1,351.65,3,1,2,6,Needs Attention
16211.0,219.9293571605124,89,3,1090.59,3,3,3,9,Loyal Customers
15957.0,219.92231890731478,32,3,921.25,4,3,3,10,Loyal Customers
15975.0,219.75379209968054,84,1,371.01,3,1,2,6,Needs Attention
16761.0,219.66622753787465,97,1,316.62,3,2,2,7,Needs Attention
17329.0,219.53375177411343,14,5,998.53,5,4,3,12,Loyal Customers
18006.0,219.49304565632735,23,4,969.51,4,4,3,11,Loyal Customers
12596.0,219.31010998696277,51,2,618.27,4,2,3,9,Potential Loyalists
15435.0,219.2885630822531,22,1,149.29,4,1,1,6,New Customers
15677.0,218.92226791495142,49,3,1305.63,4,3,4,11,Loyal Customers
16621.0,218.83617649495568,52,4,813.48,4,4,3,11,Loyal Customers
16872.0,218.65375320006646,77,6,1213.13,3,4,3,10,Loyal Customers
13603.0,218.49300812103345,26,1,164.34,4,1,1,6,New Customers
16936.0,218.28515323292916,26,2,548.29,4,3,2,9,Needs Attention
15026.0,218.24247211654898,80,5,1048.8899999999999,3,4,3,10,Loyal Customers
15651.0,218.19124511414242,37,5,1259.06,4,4,4,12,Champions
12363.0,218.1789679931097,110,2,552.0,3,2,2,7,Needs Attention
15720.0,218.10735787087614,24,2,739.22,4,2,3,9,Potential Loyalists
16980.0,218.00830964148068,255,3,1422.8300000000002,2,3,4,9,Loyal Customers
15636.0,217.97887410571212,90,4,1444.58,3,3,4,10,Loyal Customers
15006.0,217.86488766519034,51,2,757.78,4,2,3,9,Potential Loyalists
17506.0,217.70643394309937,76,1,302.2,3,2,2,7,Needs Attention
12430.0,217.59310867722135,43,1,256.4,4,1,1,6,New Customers
15835.0,217.4192027769349,44,4,954.09,4,3,3,10,Loyal Customers
16903.0,217.40962730903505,29,3,1041.75,4,3,3,10,Loyal Customers
16603.0,217.39332236716726,75,2,482.47,3,2,2,7,Needs Attention
17733.0,217.3254745218779,39,2,692.19,4,3,3,10,Loyal Customers
16461.0,217.1260324664911,178,3,1545.83,3,3,4,10,Loyal Customers
16793.0,217.1005220158649,57,1,243.84,4,2,1,7,Needs Attention
16340.0,217.0967329648663,107,3,1496.24,3,3,4,10,Loyal Customers
16573.0,217.07760118975358,85,2,663.61,3,2,3,8,Needs Attention
13670.0,216.85867940677144,75,1,349.7,3,1,2,6,Needs Attention
15384.0,216.663920731861,170,4,2027.79,3,3,4,10,Loyal Customers
17237.0,216.531651099261,11,4,994.13,5,4,3,12,Loyal Customers
17433.0,216.38514701659463,88,2,569.96,3,3,2,8,Needs Attention
13074.0,216.35084702991043,511,4,1378.74,1,3,4,8,Loyal Customers
17081.0,216.12095135318873,25,6,949.39,4,4,3,11,Loyal Customers
15700.0,216.0563330183376,172,2,696.68,3,2,3,8,Needs Attention
16188.0,216.04719592131462,45,5,1087.66,4,4,3,11,Loyal Customers
13228.0,216.0281491271807,81,1,358.0,3,1,2,6,Needs Attention
18014.0,215.94142679259826,28,1,162.22,4,2,1,7,Needs Attention
17883.0,215.73856921211345,3,7,988.42,5,4,3,12,Loyal Customers
12507.0,215.5217476675239,134,4,1844.06,3,3,4,10,Loyal Customers
13210.0,215.4908809049792,94,1,353.48,3,1,2,6,Needs Attention
12815.0,215.10177958063178,148,2,1063.46,3,2,3,8,Needs Attention
16183.0,215.06876167937511,67,4,1077.81,3,4,3,10,Loyal Customers
14714.0,215.04280174653425,24,4,906.24,4,3,3,10,Loyal Customers
13950.0,214.95707605755655,11,4,745.06,5,3,3,11,Loyal Customers
16141.0,214.81242616569492,88,2,955.94,3,2,3,8,Needs Attention
15645.0,214.5763525772745,19,3,1055.17,5,3,3,11,Loyal Customers
18258.0,214.5341371079382,464,6,2059.67,1,4,4,9,Loyal Customers
16495.0,214.35701426852168,3,3,648.26,5,3,3,11,Loyal Customers
16753.0,214.3034514715823,58,1,223.92000000000002,4,2,1,7,Needs Attention
14909.0,214.28443635521307,437,3,1404.68,1,3,4,8,Loyal Customers
12389.0,214.10647357719355,403,3,1433.33,2,3,4,9,Loyal Customers
16887.0,214.03473070743954,35,3,658.17,4,3,3,10,Loyal Customers
14222.0,213.96462875680695,177,1,683.17,3,1,3,7,Needs Attention
15809.0,213.88599565849216,36,7,1274.44,4,4,4,12,Champions
17125.0,213.83667992725162,50,1,230.5,4,2,1,7,Needs Attention
15364.0,213.82635725533464,96,2,913.19,3,2,3,8,Needs Attention
17221.0,213.80025055731846,7,5,976.62,5,4,3,12,Loyal Customers
12687.0,213.30375479115324,481,2,2138.91,1,2,4,7,At Risk - Low Value
14789.0,213.0869522911125,29,1,197.64,4,1,1,6,New Customers
18058.0,213.04777229426816,10,3,774.06,5,3,3,11,Loyal Customers
16805.0,213.0310396906196,174,5,1091.34,3,4,3,10,Loyal Customers
14304.0,212.94350521245914,223,3,1725.01,2,3,4,9,Loyal Customers
16292.0,212.88547562008654,122,5,1253.76,3,4,4,11,Loyal Customers
14111.0,212.70692968190136,14,4,692.85,5,3,3,11,Loyal Customers
13638.0,212.52750152346374,16,1,122.64,5,1,1,7,New Customers
13278.0,212.37926679662303,41,4,1435.85,4,3,4,11,Loyal Customers
13513.0,212.30978787253613,127,3,824.59,3,3,3,9,Loyal Customers
17814.0,212.24818307435615,375,2,1609.37,2,3,4,9,Loyal Customers
18189.0,212.24426691519204,78,3,1403.73,3,3,4,10,Loyal Customers
16026.0,212.23820577420216,43,1,236.09,4,1,1,6,New Customers
12812.0,212.2182611546899,45,1,229.64000000000001,4,1,1,6,New Customers
14778.0,212.2120249735145,127,2,730.86,3,2,3,8,Needs Attention
16136.0,212.20636872054476,60,4,946.8,3,4,3,10,Loyal Customers
12832.0,212.1931392935305,32,2,383.03,4,2,2,8,Potential Loyalists
12904.0,212.18711304064828,18,2,496.06,5,2,2,9,Potential Loyalists
13720.0,212.12911089916375,117,4,799.9,3,3,3,9,Loyal Customers
14323.0,212.08767136390432,115,2,605.0600000000001,3,2,2,7,Needs Attention
16730.0,212.05804930660076,52,3,743.11,4,3,3,10,Loyal Customers
17650.0,212.0295651936408,21,1,166.08,4,2,1,7,Needs Attention
12715.0,211.8720582212188,106,1,343.36,3,1,2,6,Needs Attention
14067.0,211.7865153822163,64,2,374.7,3,2,2,7,Needs Attention
16642.0,211.75581570250603,5,3,1077.45,5,3,3,11,Loyal Customers
14400.0,211.75180169851842,149,3,1732.47,3,3,4,10,Loyal Customers
15582.0,211.66723774259842,25,3,682.9100000000001,4,3,3,10,Loyal Customers
16689.0,211.6565372666006,76,2,422.59999999999997,3,2,2,7,Needs Attention
12728.0,211.52234428455031,71,5,1070.17,3,4,3,10,Loyal Customers
15972.0,211.47465361495443,456,5,1769.33,1,4,4,9,Loyal Customers
13046.0,211.4522159343093,31,3,949.25,4,3,3,10,Loyal Customers
18001.0,211.44681026435865,12,6,924.14,5,4,3,12,Loyal Customers
14753.0,211.44029439050257,87,2,869.51,3,2,3,8,Needs Attention
15817.0,211.4017185596201,421,3,2766.4,1,3,4,8,Loyal Customers
14504.0,211.38849898068645,47,4,673.26,4,3,3,10,Loyal Customers
15994.0,211.37651477248502,55,3,1175.68,4,3,3,10,Loyal Customers
13030.0,211.32923876984628,11,2,752.4399999999999,5,2,3,10,Potential Loyalists
13023.0,211.2895020354719,64,3,1449.03,3,3,4,10,Loyal Customers
16442.0,211.2851363117209,2,5,891.98,5,4,3,12,Loyal Customers
17684.0,211.12397046352103,44,1,239.41,4,2,1,7,Needs Attention
14427.0,211.01793002598404,50,4,1263.52,4,3,4,11,Loyal Customers
18030.0,210.97996679969634,4,2,230.64999999999998,5,3,1,9,Needs Attention
18156.0,210.52781775710253,13,2,675.64,5,3,3,11,Loyal Customers
12427.0,210.02797986245375,22,3,825.8,4,3,3,10,Loyal Customers
12581.0,209.88387948531133,40,1,197.71,4,1,1,6,New Customers
12805.0,209.81338897895452,382,4,1434.95,2,3,4,9,Loyal Customers
14381.0,209.6211708304155,52,2,625.9399999999999,4,2,3,9,Potential Loyalists
14052.0,209.59783628291314,20,2,466.66,4,2,2,8,Potential Loyalists
14485.0,209.5825067327121,39,1,162.8,4,1,1,6,New Customers
15969.0,209.54003765530248,3,5,1127.05,5,4,3,12,Loyal Customers
15604.0,209.5075369340733,52,1,216.39,4,1,1,6,New Customers
12893.0,209.46933427801116,31,1,176.55,4,1,1,6,New Customers
16863.0,209.46333474193895,31,3,834.27,4,3,3,10,Loyal Customers
16846.0,209.4107147180842,50,3,842.41,4,3,3,10,Loyal Customers
14788.0,209.28536148755,7,3,1156.32,5,3,3,11,Loyal Customers
16898.0,209.26625381302776,26,5,885.21,4,4,3,11,Loyal Customers
13730.0,209.14556980138738,136,2,752.6,3,2,3,8,Needs Attention
14976.0,208.99780749134158,57,7,790.86,4,4,3,11,Loyal Customers
16261.0,208.99246153715475,17,6,1041.16,5,4,3,12,Loyal Customers
17561.0,208.92721816535834,19,4,703.02,5,4,3,12,Loyal Customers
12618.0,208.7738662683419,22,1,177.31,4,1,1,6,New Customers
16096.0,208.73454349971368,264,4,1584.97,2,4,4,10,Loyal Customers
18084.0,208.69453706432836,16,3,795.2299999999999,5,3,3,11,Loyal Customers
12895.0,208.48208783830032,42,2,372.8,4,2,2,8,Potential Loyalists
17274.0,208.43222540238216,35,2,573.22,4,3,2,9,Needs Attention
16644.0,208.2241502538731,178,2,833.78,3,2,3,8,Needs Attention
12654.0,208.20449627296583,11,5,601.98,5,4,2,11,Needs Attention
16776.0,208.19861765039576,60,2,592.51,3,2,2,7,Needs Attention
15254.0,208.02676063356708,127,3,1088.35,3,3,3,9,Loyal Customers
15626.0,207.99165672634177,75,3,1067.52,3,3,3,9,Loyal Customers
15574.0,207.9518668370764,178,6,1101.44,3,4,3,10,Loyal Customers
17169.0,207.8936476915522,58,3,1156.73,4,3,3,10,Loyal Customers
16429.0,207.77026334892588,106,1,284.55,3,1,1,5,Needs Attention
15634.0,207.73910524505453,17,2,554.65,5,2,2,9,Potential Loyalists
13741.0,207.70009288535257,72,3,668.4300000000001,3,3,3,9,Loyal Customers
15692.0,207.5475908849465,28,1,191.04,4,1,1,6,New Customers
14352.0,207.48233761774958,157,4,1078.96,3,3,3,9,Loyal Customers
13188.0,207.10969390219486,11,1,114.60000000000001,5,1,1,7,New Customers
13506.0,207.04056665130437,316,5,1338.08,2,4,4,10,Loyal Customers
16278.0,207.0144024087649,100,3,1117.84,3,3,3,9,Loyal Customers
13140.0,206.93547105613666,108,5,1054.92,3,4,3,10,Loyal Customers
12413.0,206.84665643144288,67,4,999.45,3,3,3,9,Loyal Customers
15096.0,206.84041190112325,43,1,219.39000000000001,4,1,1,6,New Customers
15469.0,206.76587426173822,50,3,874.25,4,3,3,10,Loyal Customers
14196.0,206.67375546818823,107,1,335.52,3,1,2,6,Needs Attention
16298.0,206.6731809882441,23,7,1085.7,4,4,3,11,Loyal Customers
15773.0,206.57900579356723,6,2,774.52,5,2,3,10,Potential Loyalists
15419.0,206.5035410945773,25,1,135.86,4,1,1,6,New Customers
12729.0,206.49557337462292,114,1,453.01,3,1,2,6,Needs Attention
14029.0,206.33233791118025,63,2,467.66,3,2,2,7,Needs Attention
16750.0,206.2417199427945,45,5,623.93,4,4,3,11,Loyal Customers
16667.0,206.0277645810998,68,2,567.1800000000001,3,2,2,7,Needs Attention
12984.0,206.0143133058782,19,1,97.5,5,1,1,7,New Customers
13544.0,205.82827740287033,40,6,790.2,4,4,3,11,Loyal Customers
14885.0,205.68246273893067,132,3,1598.12,3,3,4,10,Loyal Customers
15053.0,205.649984306456,5,3,693.95,5,3,3,11,Loyal Customers
14300.0,205.19768934042156,19,1,43.2,5,1,1,7,New Customers
15286.0,205.19049829143597,50,1,240.55,4,1,1,6,New Customers
14687.0,205.11450096636779,107,3,1402.06,3,3,4,10,Loyal Customers
14954.0,205.09416032288982,12,2,462.12,5,2,2,9,Potential Loyalists
16488.0,205.08821492482383,33,3,498.8,4,3,2,9,Needs Attention
12765.0,205.0825560252047,472,6,1404.58,1,4,4,9,Loyal Customers
16616.0,205.0165388234858,15,2,500.42,5,2,2,9,Potential Loyalists
14073.0,204.99653891236096,32,1,151.04,4,1,1,6,New Customers
14354.0,204.8712698735621,6,2,163.62,5,2,1,8,Needs Attention
16469.0,204.79158752425275,24,5,803.9,4,4,3,11,Loyal Customers
17038.0,204.77666425969676,30,2,743.17,4,3,3,10,Loyal Customers
13419.0,204.73848085409858,64,1,221.06,3,1,1,5,Needs Attention
16892.0,204.72908619769598,1,7,754.75,5,4,3,12,Loyal Customers
15017.0,204.72330185418488,34,1,125.58,4,1,1,6,New Customers
13806.0,204.64851622416737,64,1,256.38,3,1,1,5,Needs Attention
13858.0,204.6374212459509,57,1,216.17,4,1,1,6,New Customers
15992.0,204.61605509449765,4,3,896.6,5,3,3,11,Loyal Customers
17420.0,204.58543677091203,50,6,953.58,4,4,3,11,Loyal Customers
12538.0,204.40487974530154,29,2,640.45,4,2,3,9,Potential Loyalists
15025.0,204.16497988250472,33,2,979.79,4,2,3,9,Potential Loyalists
18261.0,204.1599636352893,43,2,324.24,4,3,2,9,Needs Attention
14830.0,203.98288068103363,53,1,188.88,4,1,1,6,New Customers
16597.0,203.94353973284666,4,1,90.04,5,1,1,7,New Customers
17770.0,203.88763588173387,199,5,1143.27,2,4,3,9,Loyal Customers
16882.0,203.83981453692155,67,3,705.12,3,3,3,9,Loyal Customers
14174.0,203.74991790061995,33,1,134.46,4,1,1,6,New Customers
15208.0,203.7201130513889,1,6,970.52,5,4,3,12,Loyal Customers
18249.0,203.67321288461952,17,1,95.34,5,2,1,8,Needs Attention
14801.0,203.58234504365737,61,1,189.34,3,1,1,5,Needs Attention
15211.0,203.47867907649524,60,2,894.4100000000001,3,2,3,8,Needs Attention
13832.0,203.36742555303763,19,2,609.89,5,2,3,10,Potential Loyalists
18045.0,203.28186308284143,45,1,178.34,4,2,1,7,Needs Attention
16357.0,203.23202677110925,33,4,868.37,4,4,3,11,Loyal Customers
16914.0,203.15239727009703,36,1,183.76,4,2,1,7,Needs Attention
15012.0,203.0633667895131,54,3,646.26,4,3,3,10,Loyal Customers
13348.0,203.04182093726425,64,1,233.76,3,1,1,5,Needs Attention
14098.0,202.74855689104237,37,1,147.35,4,1,1,6,New Customers
12769.0,202.7347393596877,239,1,1143.6,2,1,3,6,Needs Attention
17498.0,202.67733580757783,76,1,272.22,3,2,1,6,Needs Attention
16179.0,202.63617788968318,61,1,215.83,3,1,1,5,Needs Attention
14636.0,202.61296963921828,36,2,609.85,4,2,3,9,Potential Loyalists
15327.0,202.29218347375937,53,1,208.75,4,1,1,6,New Customers
18274.0,202.14743260241298,30,1,175.92,4,2,1,7,Needs Attention
13109.0,202.0863821374524,60,3,1134.03,3,3,3,9,Loyal Customers
14508.0,202.06310070779037,22,5,822.92,4,4,3,11,Loyal Customers
17513.0,201.9011053516664,72,3,1158.8,3,3,3,9,Loyal Customers
17371.0,201.85757709245547,17,6,655.37,5,4,3,12,Loyal Customers
13402.0,201.82463130513298,127,4,1226.8500000000001,3,3,4,10,Loyal Customers
17265.0,201.80519755413775,139,2,550.01,3,3,2,8,Needs Attention
17206.0,201.58968090359946,53,1,204.24,4,2,1,7,Needs Attention
13721.0,201.48357456959175,36,2,741.54,4,2,3,9,Potential Loyalists
14793.0,201.1575743889297,21,2,625.9,4,2,3,9,Potential Loyalists
17832.0,201.11701838999002,50,1,155.37,4,2,1,7,Needs Attention
16582.0,201.0703382938386,113,1,313.62,3,1,2,6,Needs Attention
14902.0,201.03535148035792,26,3,1035.6200000000001,4,3,3,10,Loyal Customers
12962.0,200.9625159051652,7,2,266.39,5,2,1,8,Needs Attention
15526.0,200.88408034798218,33,2,148.44,4,2,1,7,Needs Attention
15076.0,200.72691696610698,173,3,1447.74,3,3,4,10,Loyal Customers
15690.0,200.72510698031076,4,2,239.76,5,2,1,8,Needs Attention
15656.0,200.7077720144547,45,4,748.5,4,3,3,10,Loyal Customers
17198.0,200.6864744746071,24,3,692.22,4,3,3,10,Loyal Customers
13514.0,200.6178526597143,74,4,815.9000000000001,3,3,3,9,Loyal Customers
17812.0,200.56284277467793,13,7,911.99,5,4,3,12,Loyal Customers
17462.0,200.4970997260069,60,2,675.69,3,3,3,9,Loyal Customers
14231.0,200.4751892372071,184,4,1235.6200000000001,3,3,4,10,Loyal Customers
14316.0,200.4577441761803,422,5,1370.34,1,4,4,9,Loyal Customers
13524.0,200.44740941416038,41,5,680.1800000000001,4,4,3,11,Loyal Customers
13978.0,200.12783199193632,15,2,196.79000000000002,5,2,1,8,Needs Attention
16038.0,200.10132853494625,8,3,471.78000000000003,5,3,2,10,Needs Attention
16566.0,199.998824635269,15,5,614.66,5,4,3,12,Loyal Customers
15919.0,199.90094102744916,20,2,525.69,4,2,2,8,Potential Loyalists
13245.0,199.792054114836,51,2,989.22,4,2,3,9,Potential Loyalists
14946.0,199.7415935934238,14,1,100.9,5,1,1,7,New Customers
14139.0,199.7404335856628,46,4,1086.8,4,3,3,10,Loyal Customers
13780.0,199.67254683311126,7,3,732.07,5,3,3,11,Loyal Customers
15243.0,199.6305462772603,74,2,927.2800000000001,3,2,3,8,Needs Attention
13886.0,199.4534026707541,71,1,243.56,3,1,1,5,Needs Attention
15248.0,199.45313330303154,411,3,1893.93,1,3,4,8,Loyal Customers
12953.0,199.4393064782809,10,2,828.8100000000001,5,2,3,10,Potential Loyalists
16885.0,199.31889805944792,15,4,684.6,5,4,3,12,Loyal Customers
15097.0,199.29610111679528,4,3,908.35,5,3,3,11,Loyal Customers
12781.0,199.18208824746586,64,2,826.74,3,2,3,8,Needs Attention
18169.0,199.17777632773152,61,1,202.65,3,2,1,6,Needs Attention
16406.0,199.1615396507813,19,3,528.36,5,3,2,10,Needs Attention
17934.0,198.99313520062765,52,3,1049.15,4,3,3,10,Loyal Customers
17480.0,198.95950436896405,78,2,882.23,3,3,3,9,Loyal Customers
13441.0,198.91158517395428,92,2,720.9,3,2,3,8,Needs Attention
12718.0,198.83201817020637,71,1,238.25,3,1,1,5,Needs Attention
14273.0,198.80707775701114,51,4,559.97,4,3,2,9,Needs Attention
13292.0,198.78835520529262,39,5,994.51,4,4,3,11,Loyal Customers
18209.0,198.72021485942182,29,1,139.10000000000002,4,2,1,7,Needs Attention
14658.0,198.55814849247503,5,2,247.15,5,2,1,8,Needs Attention
17942.0,198.43444228253057,8,1,77.50000000000001,5,2,1,8,Needs Attention
17694.0,198.26932990419965,142,3,1695.97,3,3,4,10,Loyal Customers
13258.0,198.2419560838359,12,5,1009.43,5,4,3,12,Loyal Customers
13243.0,198.21270318231214,203,5,1220.38,2,4,3,9,Loyal Customers
13569.0,198.13146082328066,17,4,726.54,5,3,3,11,Loyal Customers
12521.0,198.03277294046737,143,1,599.68,3,1,2,6,Needs Attention
16789.0,197.9328014371015,8,1,80.8,5,2,1,8,Needs Attention
17011.0,197.89700557834271,30,3,671.7,4,3,3,10,Loyal Customers
16198.0,197.84318672954763,75,2,1030.0410000000002,3,2,3,8,Needs Attention
14805.0,197.79386068810803,15,7,1082.55,5,4,3,12,Loyal Customers
15264.0,197.62035763633594,64,2,848.4,3,2,3,8,Needs Attention
17495.0,197.55797961169085,8,3,806.72,5,3,3,11,Loyal Customers
14880.0,197.21089734743535,77,3,690.59,3,3,3,9,Loyal Customers
14851.0,197.1081323969475,23,3,829.4100000000001,4,3,3,10,Loyal Customers
17947.0,197.1079723161702,37,1,176.68,4,2,1,7,Needs Attention
13496.0,196.95636466351434,11,2,653.33,5,2,3,10,Potential Loyalists
14013.0,196.90861576093326,110,5,1084.57,3,4,3,10,Loyal Customers
16506.0,196.7981223631387,20,2,90.30000000000001,4,2,1,7,Needs Attention
14128.0,196.69045615272032,61,3,924.21,3,3,3,9,Loyal Customers
16806.0,196.48595177200798,103,4,762.16,3,4,3,10,Loyal Customers
16399.0,196.3515356691604,19,3,630.22,5,3,3,11,Loyal Customers
12787.0,196.34852658427127,10,4,862.18,5,3,3,11,Loyal Customers
16602.0,196.31279933971683,36,2,763.33,4,2,3,9,Potential Loyalists
15837.0,196.15870154846203,65,2,777.01,3,2,3,8,Needs Attention
13368.0,196.0604681113932,257,4,1121.5,2,3,3,8,Loyal Customers
15463.0,195.65710698487092,29,1,126.14,4,1,1,6,New Customers
17674.0,195.59545728130982,74,2,551.04,3,3,2,8,Needs Attention
13189.0,195.52712776693244,19,2,260.68,5,2,1,8,Needs Attention
13778.0,195.36576691249218,103,4,1124.49,3,3,3,9,Loyal Customers
13522.0,195.284549333421,30,1,125.80000000000001,4,1,1,6,New Customers
15857.0,195.23546394761118,19,2,570.48,5,2,2,9,Potential Loyalists
14157.0,195.19769631436017,20,5,978.69,4,4,3,11,Loyal Customers
12944.0,194.96706774791045,36,2,604.51,4,2,2,8,Potential Loyalists
16411.0,194.89113040199558,19,4,756.39,5,4,3,12,Loyal Customers
13697.0,194.88688195863844,39,1,151.29999999999998,4,1,1,6,New Customers
12711.0,194.77789120143962,612,2,1339.05,1,2,4,7,At Risk - Low Value
13170.0,194.5767841507649,27,1,108.81,4,1,1,6,New Customers
13127.0,194.5317798006529,78,1,259.17,3,1,1,5,Needs Attention
16337.0,194.33510807754132,37,1,151.05,4,1,1,6,New Customers
17344.0,194.20294738318162,46,2,457.36,4,3,2,9,Needs Attention
15335.0,193.864844138807,54,1,170.22,4,1,1,6,New Customers
18184.0,193.85742216543716,15,1,49.8,5,2,1,8,Needs Attention
14053.0,193.68242333663554,124,4,572.3,3,3,2,8,Needs Attention
17299.0,193.36390210703624,12,6,993.23,5,4,3,12,Loyal Customers
18150.0,193.18495960704462,32,3,566.58,4,3,2,9,Needs Attention
13272.0,193.18232544554962,31,2,276.56,4,2,1,7,Needs Attention
17398.0,193.13449652399993,115,3,653.38,3,3,3,9,Loyal Customers
16362.0,192.9137732565567,32,6,922.16,4,4,3,11,Loyal Customers
13959.0,192.86177962599393,79,6,1064.77,3,4,3,10,Loyal Customers
14997.0,192.54336771581868,46,4,776.5999999999999,4,3,3,10,Loyal Customers
16272.0,192.48715745432813,117,1,411.7,3,1,2,6,Needs Attention
18211.0,192.46495901261343,26,5,600.07,4,4,2,10,Needs Attention
14929.0,192.46144112256687,32,2,836.69,4,2,3,9,Potential Loyalists
15590.0,192.14443705747294,382,5,1496.6,2,4,4,10,Loyal Customers
16884.0,192.13897459551936,38,4,1070.97,4,4,3,11,Loyal Customers
14891.0,192.0741213313362,148,4,1106.73,3,3,3,9,Loyal Customers
14320.0,192.0383577661603,207,5,1346.75,2,4,4,10,Loyal Customers
17999.0,191.9912232779642,37,3,528.46,4,3,2,9,Needs Attention
14150.0,191.83539993463472,36,2,658.64,4,2,3,9,Potential Loyalists
15175.0,191.795160487899,72,1,224.14,3,1,1,5,Needs Attention
13927.0,191.7430749971011,75,2,708.26,3,2,3,8,Needs Attention
15669.0,191.69435330292586,40,4,684.34,4,3,3,10,Loyal Customers
13727.0,191.67348667712074,29,8,1074.15,4,4,3,11,Loyal Customers
17254.0,191.6349510772178,5,3,469.48,5,3,2,10,Needs Attention
13974.0,191.62737476516773,49,2,677.72,4,2,3,9,Potential Loyalists
13061.0,191.62115878307543,72,1,248.61,3,1,1,5,Needs Attention
17458.0,191.36882263359695,15,2,529.58,5,3,2,10,Needs Attention
13440.0,191.29935413671308,423,7,1295.25,1,4,4,9,Loyal Customers
15508.0,191.24759641044264,189,6,1000.27,3,4,3,10,Loyal Customers
16445.0,191.08768395870894,34,4,583.16,4,4,2,10,Needs Attention
17864.0,190.93340480667737,13,5,876.57,5,4,3,12,Loyal Customers
12519.0,190.82026568939625,64,2,716.54,3,2,3,8,Needs Attention
16636.0,190.64752183644163,438,4,3802.04,1,4,5,10,Loyal Customers
12938.0,190.5453611190155,26,1,114.14,4,1,1,6,New Customers
12421.0,190.5176796488347,16,6,1098.6,5,4,3,12,Loyal Customers
14208.0,190.2654903784502,95,2,567.05,3,2,2,7,Needs Attention
16500.0,190.1953243512044,5,9,843.9100000000001,5,5,3,13,Loyal Customers
12911.0,190.16001856473642,552,1,1651.72,1,1,4,6,Needs Attention
16441.0,190.01831966486276,67,5,1019.13,3,4,3,10,Loyal Customers
12991.0,189.8948639355846,23,3,764.82,4,3,3,10,Loyal Customers
18088.0,189.84331248133276,61,1,166.03,3,2,1,6,Needs Attention
14956.0,189.8246733510539,421,1,1325.0,1,1,4,6,Needs Attention
15368.0,189.44846531069268,21,2,722.74,4,2,3,9,Potential Loyalists
16468.0,189.42003943825392,74,3,787.52,3,3,3,9,Loyal Customers
18121.0,189.2028066232732,149,2,653.3,3,3,3,9,Loyal Customers
16608.0,189.1613202546507,454,2,1286.6200000000001,1,2,4,7,At Risk - Low Value
17418.0,189.00898677229634,42,3,670.0600000000001,4,3,3,10,Loyal Customers
14002.0,188.95458678194362,134,2,529.73,3,2,2,7,Needs Attention
18105.0,188.49495884084615,38,1,113.48000000000002,4,2,1,7,Needs Attention
15900.0,188.4039279601019,24,4,886.5699999999999,4,3,3,10,Loyal Customers
17189.0,188.33485173691068,106,5,953.63,3,4,3,10,Loyal Customers
16591.0,188.2295378387096,69,1,213.5,3,1,1,5,Needs Attention
16593.0,188.17079822182805,51,8,1071.1399999999999,4,5,3,12,Loyal Customers
13045.0,188.06668709132703,99,3,808.92,3,3,3,9,Loyal Customers
16518.0,187.80226722046237,61,4,959.37,3,4,3,10,Loyal Customers
17631.0,187.75549570615078,2,7,998.49,5,4,3,12,Loyal Customers
13427.0,187.75435580445745,19,6,1006.53,5,4,3,12,Loyal Customers
14218.0,187.68584324689118,43,1,169.48000000000002,4,1,1,6,New Customers
13460.0,187.50034693211353,29,2,183.44,4,2,1,7,Needs Attention
14690.0,187.2777946406504,44,4,777.68,4,3,3,10,Loyal Customers
13169.0,187.21150367452327,64,3,840.08,3,3,3,9,Loyal Customers
12354.0,186.97397504881548,232,1,1079.4,2,1,3,6,Needs Attention
15886.0,186.92342536059573,60,4,1052.8700000000001,3,3,3,9,Loyal Customers
17279.0,186.78872650914738,58,1,187.82999999999998,4,2,1,7,Needs Attention
14803.0,186.70634100917405,162,3,845.55,3,3,3,9,Loyal Customers
12629.0,186.61297100589536,386,2,1558.22,2,2,4,8,At Risk - Low Value
15173.0,186.60860224489454,381,7,1494.6,2,4,4,10,Loyal Customers
17608.0,186.58571567210407,33,4,488.06,4,4,2,10,Needs Attention
12469.0,186.51112908222538,523,2,3070.54,1,2,5,8,At Risk - Low Value
15276.0,186.47929168265108,66,4,619.8,3,3,3,9,Loyal Customers
15597.0,186.26652850922628,35,2,563.37,4,2,2,8,Potential Loyalists
16784.0,186.22599858841238,20,5,892.33,4,4,3,11,Loyal Customers
14641.0,186.13624851695226,22,1,110.46,4,1,1,6,New Customers
16413.0,185.97610246913254,57,2,522.03,4,2,2,8,Potential Loyalists
13337.0,185.78507826964957,546,1,1575.26,1,1,4,6,Needs Attention
16368.0,185.78477441951938,2,3,621.44,5,3,3,11,Loyal Customers
15946.0,185.69292291529877,503,3,2304.18,1,3,4,8,Loyal Customers
15310.0,185.6899350740283,479,1,1634.64,1,1,4,6,Needs Attention
13034.0,185.43370616434424,55,3,756.82,4,3,3,10,Loyal Customers
14089.0,185.43009836907967,57,1,158.75,4,1,1,6,New Customers
16588.0,185.30163935373378,386,4,1361.28,2,4,4,10,Loyal Customers
16330.0,185.29186751214615,18,7,625.38,5,4,3,12,Loyal Customers
16847.0,185.27610799911508,43,2,614.89,4,3,3,10,Loyal Customers
14537.0,185.24550755854696,58,2,641.4,4,2,3,9,Potential Loyalists
18142.0,185.20981922487132,157,2,1019.52,3,3,3,9,Loyal Customers
16715.0,185.11693204238168,78,2,625.52,3,2,3,8,Needs Attention
17737.0,184.98898450731858,9,2,168.24,5,3,1,9,Needs Attention
16961.0,184.96766431257458,116,3,794.56,3,3,3,9,Loyal Customers
13145.0,184.8071303185784,40,7,1128.52,4,4,3,11,Loyal Customers
12522.0,184.77026899728838,39,2,192.72,4,2,1,7,Needs Attention
18081.0,184.67983653456014,36,3,343.45,4,3,2,9,Needs Attention
17248.0,184.3059794287725,120,2,500.54,3,3,2,8,Needs Attention
14938.0,184.28406759499128,562,2,2322.43,1,2,4,7,At Risk - Low Value
13598.0,184.12869196967281,47,5,761.96,4,4,3,11,Loyal Customers
12492.0,184.09526333055075,63,3,715.21,3,3,3,9,Loyal Customers
15901.0,184.06209128304175,17,7,687.72,5,4,3,12,Loyal Customers
17205.0,184.05170552320783,54,3,999.35,4,3,3,10,Loyal Customers
15740.0,184.03733818828763,49,1,154.88,4,1,1,6,New Customers
14920.0,184.0294233493302,213,3,1607.17,2,3,4,9,Loyal Customers
15168.0,183.97316069176875,26,1,106.56,4,1,1,6,New Customers
13602.0,183.74701780449135,65,4,1025.17,3,3,3,9,Loyal Customers
17538.0,183.70394961225446,26,1,98.42,4,2,1,7,Needs Attention
12602.0,183.68979842805652,59,1,153.12,4,1,1,6,New Customers
14272.0,183.62382621045722,74,4,920.81,3,3,3,9,Loyal Customers
17549.0,183.62064238108186,24,2,148.86,4,3,1,8,Needs Attention
12369.0,183.47771723158638,413,3,1791.15,1,3,4,8,Loyal Customers
18232.0,183.45908692884436,82,4,592.97,3,4,2,9,Needs Attention
14470.0,183.42809215330928,12,3,712.04,5,3,3,11,Loyal Customers
15158.0,183.3084220896474,45,2,606.02,4,2,2,8,Potential Loyalists
13835.0,183.2051132229212,25,7,1095.27,4,4,3,11,Loyal Customers
14024.0,183.20150342565034,122,3,645.74,3,3,3,9,Loyal Customers
15836.0,183.19956588815285,50,1,137.37,4,1,1,6,New Customers
12981.0,183.01065127526525,30,2,372.21999999999997,4,2,2,8,Potential Loyalists
18217.0,182.8432966481855,29,4,945.04,4,4,3,11,Loyal Customers
18286.0,182.80423826837458,477,2,1296.43,1,3,4,8,Loyal Customers
14489.0,182.7898246948539,207,4,1574.93,2,3,4,9,Loyal Customers
16824.0,182.59946512328793,16,3,686.24,5,3,3,11,Loyal Customers
13377.0,182.59710637828962,397,2,1552.88,2,2,4,8,At Risk - Low Value
13960.0,182.5299713393649,21,2,230.22,4,2,1,7,Needs Attention
17361.0,182.42711526908985,49,5,871.79,4,4,3,11,Loyal Customers
13690.0,182.42562276434523,59,1,172.25,4,1,1,6,New Customers
12666.0,182.42485834756192,394,1,1248.42,2,1,4,7,Needs Attention
14661.0,182.36030894952862,27,1,107.95,4,1,1,6,New Customers
13339.0,182.19745728417112,201,1,860.12,2,1,3,6,Needs Attention
15141.0,182.15719301340033,458,7,1388.47,1,4,4,9,Loyal Customers
15872.0,181.73299760714372,15,4,729.25,5,3,3,11,Loyal Customers
15127.0,181.495347425083,66,2,711.5,3,2,3,8,Needs Attention
15844.0,181.47541668519915,46,1,130.73999999999998,4,1,1,6,New Customers
14968.0,181.16427385287557,30,2,501.24,4,2,2,8,Potential Loyalists
17908.0,180.9921089346688,374,5,1142.47,2,4,3,9,Loyal Customers
12403.0,180.85906819817583,50,2,1019.36,4,2,3,9,Potential Loyalists
15657.0,180.7936458191418,23,1,30.0,4,1,1,6,New Customers
17791.0,180.60696059632016,30,1,106.1,4,2,1,7,Needs Attention
15598.0,180.60151481562116,53,2,548.02,4,2,2,8,Potential Loyalists
15304.0,180.49252983782202,61,9,796.4000000000001,3,5,3,11,Loyal Customers
18101.0,180.37276797268038,11,5,622.01,5,4,3,12,Loyal Customers
14517.0,180.31828924311833,33,2,330.45,4,2,2,8,Potential Loyalists
12923.0,180.24119483691524,64,3,770.42,3,3,3,9,Loyal Customers
13930.0,180.15199582148514,58,2,337.34,4,2,2,8,Potential Loyalists
17852.0,180.06138110963525,12,5,657.8100000000001,5,4,3,12,Loyal Customers
16680.0,180.018179085694,43,3,821.45,4,3,3,10,Loyal Customers
15393.0,179.9921584937108,16,5,891.34,5,4,3,12,Loyal Customers
14551.0,179.82177577065548,18,7,878.09,5,4,3,12,Loyal Customers
16343.0,179.75305405713036,16,3,614.12,5,3,3,11,Loyal Customers
15440.0,179.68564637378984,55,3,383.68,4,3,2,9,Needs Attention
15593.0,179.67307488447594,71,1,199.8,3,1,1,5,Needs Attention
13182.0,179.56392154661683,45,1,121.18,4,1,1,6,New Customers
17964.0,179.49623963124503,32,2,463.21,4,3,2,9,Needs Attention
18043.0,179.49465905597185,25,3,529.29,4,3,2,9,Needs Attention
16946.0,179.43936722731092,383,5,1222.04,2,4,4,10,Loyal Customers
13980.0,179.27039510577902,60,5,768.82,3,4,3,10,Loyal Customers
16780.0,178.95697867748797,100,3,596.4,3,3,2,8,Needs Attention
14974.0,178.81869916861206,37,1,89.94,4,1,1,6,New Customers
16336.0,178.78624260196912,421,4,3517.69,1,4,5,10,Loyal Customers
17148.0,178.46576734369012,52,1,124.88,4,2,1,7,Needs Attention
14345.0,178.43072444237546,39,1,108.97999999999999,4,1,1,6,New Customers
15396.0,178.00363550541175,113,2,796.38,3,2,3,8,Needs Attention
14460.0,177.95097191578566,110,9,1093.5,3,5,3,11,Loyal Customers
12402.0,177.91024827446213,323,6,1256.9,2,4,4,10,Loyal Customers
15287.0,177.87558314575023,22,5,856.03,4,4,3,11,Loyal Customers
14518.0,177.80859061028735,64,1,174.37,3,1,1,5,Needs Attention
16412.0,177.69979390276558,54,5,593.19,4,4,2,10,Needs Attention
17499.0,177.67566782622654,290,2,1341.39,2,3,4,9,Loyal Customers
17343.0,177.6400911730114,355,6,1259.94,2,4,4,10,Loyal Customers
17142.0,177.5930275718602,239,4,1275.25,2,4,4,10,Loyal Customers
15247.0,177.58643269286893,122,3,976.06,3,3,3,9,Loyal Customers
15428.0,177.45609980200894,15,4,762.75,5,3,3,11,Loyal Customers
14619.0,177.27683323832795,246,2,1291.24,2,2,4,8,At Risk - Low Value
13428.0,177.19237726199484,10,3,478.54,5,3,2,10,Needs Attention
16516.0,177.17075553248358,30,1,101.69999999999999,4,1,1,6,New Customers
16521.0,176.99062685535245,415,3,1140.11,1,3,3,7,Loyal Customers
17155.0,176.81102032370956,18,7,892.46,5,4,3,12,Loyal Customers
16215.0,176.69040477668057,81,1,242.35,3,1,1,5,Needs Attention
16189.0,176.53821559797626,16,2,215.48,5,2,1,8,Needs Attention
12871.0,176.51998981148637,84,3,744.02,3,3,3,9,Loyal Customers
15258.0,176.4251038150752,169,2,623.16,3,2,3,8,Needs Attention
13235.0,176.2791871631825,212,1,1031.07,2,1,3,6,Needs Attention
14452.0,176.2707523430879,11,4,658.95,5,3,3,11,Loyal Customers
15524.0,176.19802582811215,25,2,591.4,4,2,2,8,Potential Loyalists
13160.0,176.0752113660906,22,1,91.8,4,1,1,6,New Customers
14219.0,176.01717485156198,4,3,633.83,5,3,3,11,Loyal Customers
18123.0,175.9920813026142,24,3,666.64,4,3,3,10,Loyal Customers
15390.0,175.9085651416751,396,2,1216.66,2,2,3,7,At Risk - Low Value
12930.0,175.8556222747359,78,2,415.8,3,2,2,7,Needs Attention
13487.0,175.8254222470694,58,5,846.87,4,4,3,11,Loyal Customers
15216.0,175.76621647501184,88,2,486.09,3,2,2,7,Needs Attention
12605.0,175.6699981376606,376,4,1232.95,2,3,4,9,Loyal Customers
13865.0,175.6634655082503,58,4,501.56,4,3,2,9,Needs Attention
16385.0,175.6455031269005,60,5,881.35,3,4,3,10,Loyal Customers
15121.0,175.59425287159758,50,2,457.72,4,2,2,8,Potential Loyalists
16804.0,175.49806402132057,23,3,536.99,4,3,2,9,Needs Attention
16953.0,175.27806710454544,30,1,20.8,4,2,1,7,Needs Attention
13301.0,175.16006517780266,104,4,618.09,3,3,3,9,Loyal Customers
17233.0,175.14161687478668,35,3,560.86,4,3,2,9,Needs Attention
15637.0,175.08586241308518,53,5,797.59,4,4,3,11,Loyal Customers
16737.0,175.049111756946,53,2,835.1999999999999,4,2,3,9,Potential Loyalists
15184.0,175.0339976177107,29,4,685.39,4,3,3,10,Loyal Customers
14375.0,175.02788362056316,185,3,1106.82,3,3,3,9,Loyal Customers
15612.0,174.92452261816752,36,2,195.15,4,2,1,7,Needs Attention
14681.0,174.87817454815294,71,6,875.1500000000001,3,4,3,10,Loyal Customers
16952.0,174.85888868766963,109,5,795.83,3,4,3,10,Loyal Customers
12591.0,174.76116460939582,317,3,1338.95,2,3,4,9,Loyal Customers
17836.0,174.71891409522814,47,1,110.21000000000001,4,2,1,7,Needs Attention
17831.0,174.68330326470138,33,1,35.400000000000006,4,2,1,7,Needs Attention
17805.0,174.52109568389227,74,2,927.03,3,3,3,9,Loyal Customers
15866.0,174.5060913314544,101,1,211.89,3,1,1,5,Needs Attention
12925.0,174.46653170801576,5,3,729.3299999999999,5,3,3,11,Loyal Customers
17312.0,174.41088096491822,139,3,644.3,3,3,3,9,Loyal Customers
12588.0,174.4006653421843,39,4,958.78,4,3,3,10,Loyal Customers
17186.0,174.1917368459785,47,2,144.0,4,3,1,8,Needs Attention
15277.0,174.16639145812834,47,2,476.34,4,2,2,8,Potential Loyalists
16122.0,173.96372981345283,73,6,895.62,3,4,3,10,Loyal Customers
16185.0,173.9402181903448,17,3,644.72,5,3,3,11,Loyal Customers
14660.0,173.76250523619353,87,2,285.74,3,2,2,7,Needs Attention
15333.0,173.74826589450257,208,1,1028.56,2,1,3,6,Needs Attention
18154.0,173.52135783660913,3,5,932.6,5,4,3,12,Loyal Customers
16306.0,173.41922595817366,214,7,1124.72,2,4,3,9,Loyal Customers
14512.0,173.37224439455522,188,7,1215.97,3,4,3,10,Loyal Customers
16836.0,173.27486588367253,40,4,782.37,4,4,3,11,Loyal Customers
15035.0,173.26220842514016,90,1,252.73000000000002,3,1,1,5,Needs Attention
15828.0,173.24558584152433,375,1,1108.82,2,1,3,6,Needs Attention
16861.0,173.10158192377972,60,5,946.59,3,4,3,10,Loyal Customers
14731.0,173.05601372987613,47,3,380.02,4,3,2,9,Needs Attention
15879.0,172.8112159135401,404,4,1137.8,2,3,3,8,Loyal Customers
16256.0,172.7962721906534,267,3,1629.37,2,3,4,9,Loyal Customers
16248.0,172.6925079240273,62,1,152.94,3,1,1,5,Needs Attention
16601.0,172.56281739396925,41,3,677.0,4,3,3,10,Loyal Customers
16018.0,172.50601520447933,39,4,698.13,4,4,3,11,Loyal Customers
13594.0,172.4649029683289,53,2,533.32,4,2,2,8,Potential Loyalists
13255.0,172.29092663165278,9,3,678.76,5,3,3,11,Loyal Customers
15683.0,172.01651083063393,117,2,524.54,3,2,2,7,Needs Attention
14634.0,171.91799986359078,438,4,2124.46,1,3,4,8,Loyal Customers
15748.0,171.8177318005059,40,3,609.8100000000001,4,3,3,10,Loyal Customers
12659.0,171.60945034061368,30,1,91.68,4,1,1,6,New Customers
14582.0,171.4487101840061,41,1,114.11,4,1,1,6,New Customers
13894.0,171.43708568937632,24,3,564.62,4,3,2,9,Needs Attention
16756.0,171.4135071009042,215,7,1312.3700000000001,2,4,4,10,Loyal Customers
13811.0,171.12030207533806,184,3,814.5,3,3,3,9,Loyal Customers
16475.0,171.0984255807496,88,4,544.3,3,4,2,9,Needs Attention
14213.0,171.03929116476792,405,1,1192.2,2,1,3,6,Needs Attention
14959.0,170.7628820574273,64,4,695.42,3,3,3,9,Loyal Customers
17472.0,170.7419821849712,191,4,922.35,2,4,3,9,Loyal Customers
17510.0,170.6395106341459,25,2,514.56,4,3,2,9,Needs Attention
15629.0,170.6383194546684,450,4,2240.9,1,3,4,8,Loyal Customers
17529.0,170.58113297099453,610,2,1240.25,1,3,4,8,Loyal Customers
18112.0,170.57029424662986,12,4,773.36,5,4,3,12,Loyal Customers
16557.0,170.56300440630952,24,2,281.85,4,2,1,7,Needs Attention
16648.0,170.30803042830806,43,3,672.8,4,3,3,10,Loyal Customers
17134.0,170.2773970102787,107,3,625.3,3,3,3,9,Loyal Customers
13573.0,170.27622756618103,50,6,904.52,4,4,3,11,Loyal Customers
16324.0,170.20010805195804,128,3,408.59000000000003,3,3,2,8,Needs Attention
13938.0,170.19252252234944,35,1,71.66,4,1,1,6,New Customers
17030.0,169.93060658536328,64,1,146.87,3,2,1,6,Needs Attention
14463.0,169.68933132537924,98,4,786.5699999999999,3,3,3,9,Loyal Customers
15853.0,169.65525505973338,52,1,110.8,4,1,1,6,New Customers
16203.0,169.59781946123448,59,6,943.84,4,4,3,11,Loyal Customers
13657.0,169.49777443939155,11,2,382.14,5,2,2,9,Potential Loyalists
12942.0,169.14045628254254,131,3,675.6,3,3,3,9,Loyal Customers
15937.0,168.92578112516304,64,1,145.35,3,1,1,5,Needs Attention
14947.0,168.85218923298558,72,6,1049.79,3,4,3,10,Loyal Customers
13177.0,168.84138664013196,65,2,512.2,3,2,2,7,Needs Attention
18133.0,168.79891826473417,212,1,931.4999999999999,2,2,3,7,At Risk - Low Value
13238.0,168.76905490925603,17,6,1006.63,5,4,3,12,Loyal Customers
17760.0,168.73568501543383,22,6,746.39,4,4,3,11,Loyal Customers
13497.0,168.72283180871904,283,6,1166.83,2,4,3,9,Loyal Customers
13855.0,168.6958068571926,501,4,1310.3400000000001,1,3,4,8,Loyal Customers
15624.0,168.5685016199187,117,4,588.13,3,3,2,8,Needs Attention
13193.0,168.5640205608511,61,1,112.08,3,1,1,5,Needs Attention
17382.0,168.42602679683267,65,8,902.28,3,5,3,11,Loyal Customers
15206.0,168.218644699504,10,4,420.29999999999995,5,3,2,10,Needs Attention
12750.0,168.15922625087418,129,1,275.88,3,1,1,5,Needs Attention
14975.0,168.1394042022921,57,2,472.39,4,2,2,8,Potential Loyalists
14479.0,167.76749604072134,254,4,1124.71,2,3,3,8,Loyal Customers
14077.0,167.65550549553294,41,6,615.0799999999999,4,4,3,11,Loyal Customers
18176.0,167.61032411330334,358,1,476.35,2,2,2,6,At Risk - Low Value
16216.0,167.59733262081045,267,1,914.9300000000001,2,1,3,6,Needs Attention
17070.0,167.56328718669695,114,2,437.42,3,3,2,8,Needs Attention
17163.0,167.53752869687176,22,4,699.78,4,4,3,11,Loyal Customers
13934.0,167.3980438290583,264,1,922.1,2,1,3,6,Needs Attention
13103.0,167.24082184251785,40,3,709.64,4,3,3,10,Loyal Customers
12512.0,167.22238390412215,66,2,132.18,3,2,1,6,Needs Attention
14523.0,167.21709795233724,108,1,241.09,3,1,1,5,Needs Attention
16077.0,167.09083822301136,626,1,2300.4,1,1,4,6,Needs Attention
12808.0,167.07494494162307,37,5,776.7,4,4,3,11,Loyal Customers
17370.0,167.0035790734449,73,4,446.18,3,4,2,9,Needs Attention
13217.0,166.8073775351143,122,4,666.48,3,3,3,9,Loyal Customers
14411.0,166.74174289842406,311,1,1063.0,2,1,3,6,Needs Attention
13873.0,166.68672209510197,120,8,1038.92,3,4,3,10,Loyal Customers
17347.0,166.41394019901045,86,1,228.96,3,2,1,6,Needs Attention
14672.0,166.26990356429218,235,4,1113.14,2,3,3,8,Loyal Customers
14821.0,166.2043739514731,367,7,1230.15,2,4,4,10,Loyal Customers
15610.0,166.08755125450915,52,1,112.46000000000001,4,1,1,6,New Customers
18026.0,166.03879873446755,501,2,2074.07,1,3,4,8,Loyal Customers
16414.0,165.8291930564002,22,5,551.21,4,4,2,10,Needs Attention
15003.0,165.79183049613624,473,6,1027.03,1,4,3,8,Loyal Customers
14490.0,165.65190438418878,406,2,1273.47,2,2,4,8,At Risk - Low Value
13371.0,165.3801165716615,505,2,2297.66,1,2,4,7,At Risk - Low Value
15832.0,165.3164124893651,254,1,836.79,2,1,3,6,Needs Attention
18246.0,165.25415777159765,24,3,758.8199999999999,4,3,3,10,Loyal Customers
15377.0,165.24412203775168,383,4,1211.75,2,3,3,8,Loyal Customers
17866.0,165.09199567857908,143,3,1134.95,3,3,3,9,Loyal Customers
17557.0,165.08164036283208,14,4,575.46,5,4,2,11,Needs Attention
14342.0,165.06609973649086,21,6,918.44,4,4,3,11,Loyal Customers
14220.0,164.9072663549268,247,4,1515.0,2,3,4,9,Loyal Customers
18071.0,164.87496977070035,258,6,1169.68,2,4,3,9,Loyal Customers
13171.0,164.85050730661305,22,3,468.41,4,3,2,9,Needs Attention
15045.0,164.82772055596033,152,2,735.66,3,2,3,8,Needs Attention
13411.0,164.61074057856138,107,1,213.55,3,1,1,5,Needs Attention
16377.0,164.56907863010812,267,2,1308.48,2,2,4,8,At Risk - Low Value
17704.0,164.5389324476553,169,2,885.19,3,3,3,9,Loyal Customers
13462.0,164.52232069825124,253,5,1153.85,2,4,3,9,Loyal Customers
17579.0,164.33520756718536,5,4,753.28,5,4,3,12,Loyal Customers
17895.0,164.2437150464431,44,1,95.45,4,2,1,7,Needs Attention
15714.0,164.1641338228741,12,5,783.96,5,4,3,12,Loyal Customers
13876.0,164.05218301485115,64,1,122.7,3,1,1,5,Needs Attention
17111.0,163.9623077563754,47,2,459.58,4,3,2,9,Needs Attention
16363.0,163.92601836015217,53,1,109.36000000000001,4,1,1,6,New Customers
17514.0,163.56557687069255,128,2,522.0,3,3,2,8,Needs Attention
12995.0,163.52674030529744,85,1,211.32,3,1,1,5,Needs Attention
17080.0,163.45232521841973,22,7,957.53,4,4,3,11,Loyal Customers
15349.0,163.03811377065145,158,2,463.90999999999997,3,2,2,7,Needs Attention
17267.0,163.00445242947444,127,2,317.2,3,3,2,8,Needs Attention
16024.0,162.86720619003998,12,3,483.99,5,3,2,10,Needs Attention
16586.0,162.83372353071337,249,3,1462.78,2,3,4,9,Loyal Customers
17229.0,162.65337395146025,96,2,318.76,3,3,2,8,Needs Attention
17053.0,162.5611486836778,131,1,498.48,3,2,2,7,Needs Attention
13645.0,162.37204051758326,120,1,252.1,3,1,1,5,Needs Attention
16302.0,162.351065502695,127,1,233.22,3,1,1,5,Needs Attention
15565.0,162.34942253177988,50,2,173.16,4,2,1,7,Needs Attention
15540.0,162.25600056675373,11,2,460.68,5,2,2,9,Potential Loyalists
16955.0,162.11277544219186,185,6,1120.31,3,4,3,10,Loyal Customers
17250.0,162.02237989442648,4,2,381.97,5,3,2,10,Needs Attention
15221.0,161.91080563751788,366,4,2062.2000000000003,2,3,4,9,Loyal Customers
12990.0,161.64670232053248,31,7,955.5,4,4,3,11,Loyal Customers
13483.0,161.4378312096612,66,1,140.34,3,1,1,5,Needs Attention
12648.0,161.40629790467582,155,4,1112.0,3,3,3,9,Loyal Customers
14370.0,161.40298393696744,451,6,1175.78,1,4,3,8,Loyal Customers
14173.0,161.32207027267964,11,6,586.0,5,4,2,11,Needs Attention
16943.0,161.30621915522275,212,5,1299.49,2,4,4,10,Loyal Customers
15659.0,161.05541373748147,44,3,532.49,4,3,2,9,Needs Attention
13621.0,161.0000164825451,117,1,213.85,3,1,1,5,Needs Attention
12504.0,160.93952466988748,18,4,779.05,5,3,3,11,Loyal Customers
13951.0,160.91788948243044,176,3,674.45,3,3,3,9,Loyal Customers
18193.0,160.84421001213894,165,3,1207.35,3,3,3,9,Loyal Customers
17298.0,160.80884140013882,101,5,954.26,3,4,3,10,Loyal Customers
15995.0,160.63526336875154,414,1,694.54,1,1,3,5,Needs Attention
13079.0,160.39924483703186,4,6,419.18,5,4,2,11,Needs Attention
16494.0,160.369316000008,297,1,826.53,2,1,3,6,Needs Attention
15347.0,160.10247734646987,366,4,1162.0,2,3,3,8,Loyal Customers
13388.0,160.0600523054301,131,3,1185.65,3,3,3,9,Loyal Customers
15876.0,159.97243278664016,409,2,1449.1399999999999,2,2,4,8,At Risk - Low Value
17039.0,159.94787080742532,604,1,1954.99,1,2,4,7,At Risk - Low Value
18127.0,159.7391685905944,19,4,556.13,5,4,2,11,Needs Attention
12920.0,159.70900879681588,17,4,486.64,5,3,2,10,Needs Attention
17987.0,159.68706573080385,185,5,965.4399999999999,3,4,3,10,Loyal Customers
15307.0,159.6729210441367,96,1,205.3,3,1,1,5,Needs Attention
14765.0,159.64803246179625,29,3,254.11,4,3,1,8,Needs Attention
15151.0,159.5233944502839,423,2,2085.61,1,2,4,7,At Risk - Low Value
14133.0,159.4888851303424,130,4,911.14,3,3,3,9,Loyal Customers
14716.0,159.4562613025723,43,3,543.28,4,3,2,9,Needs Attention
13293.0,159.42238040004256,392,6,1192.94,2,4,3,9,Loyal Customers
13019.0,159.38784349581118,379,6,1229.95,2,4,4,10,Loyal Customers
17252.0,159.3134321457949,117,2,348.91,3,3,2,8,Needs Attention
17331.0,159.08219763402505,124,1,175.2,3,2,1,6,Needs Attention
13395.0,159.06938084008877,185,3,1180.23,3,3,3,9,Loyal Customers
15198.0,158.93283860381027,92,5,571.35,3,4,2,9,Needs Attention
13976.0,158.89915620350664,207,4,1192.36,2,3,3,8,Loyal Customers
14670.0,158.84817199531886,280,3,583.33,2,3,2,7,At Risk - Low Value
15847.0,158.80780361759344,38,5,822.57,4,4,3,11,Loyal Customers
13502.0,158.74725561829243,17,5,780.5,5,4,3,12,Loyal Customers
13099.0,158.67757662020674,99,1,207.35999999999999,3,1,1,5,Needs Attention
12960.0,158.67721076101793,414,4,1322.07,1,3,4,8,Loyal Customers
13731.0,158.46431883759632,219,2,610.59,2,2,3,7,At Risk - Low Value
16894.0,158.30470083500322,502,3,1306.96,1,3,4,8,Loyal Customers
16838.0,158.2839234946348,197,4,1159.61,2,4,3,9,Loyal Customers
16230.0,158.2014435147554,190,2,542.03,2,2,2,6,At Risk - Low Value
16282.0,158.19507101316535,340,3,1307.58,2,3,4,9,Loyal Customers
13893.0,158.1863478474194,298,1,821.1,2,1,3,6,Needs Attention
14027.0,158.17468366578314,61,1,104.82,3,1,1,5,Needs Attention
17391.0,157.4212334249498,164,2,508.8,3,3,2,8,Needs Attention
13341.0,157.3565930749645,261,1,775.85,2,1,3,6,Needs Attention
15882.0,157.34419826109766,199,8,1124.66,2,4,3,9,Loyal Customers
12844.0,157.3271746551353,29,4,648.6,4,3,3,10,Loyal Customers
14624.0,157.19746835374437,57,6,814.07,4,4,3,11,Loyal Customers
16696.0,157.1412400913459,135,4,657.9000000000001,3,4,3,10,Loyal Customers
13058.0,157.11885321701183,25,3,271.40000000000003,4,3,1,8,Needs Attention
16769.0,156.6512527459,260,4,1117.05,2,4,3,9,Loyal Customers
14206.0,156.43559373589764,239,3,1185.01,2,3,3,8,Loyal Customers
17620.0,156.3377685502549,60,1,81.44,3,2,1,6,Needs Attention
14656.0,156.25628726104307,169,5,790.0,3,4,3,10,Loyal Customers
12439.0,156.1419922647987,683,2,1142.88,1,2,3,6,At Risk - Low Value
13304.0,156.13797188765824,351,4,1217.99,2,3,3,8,Loyal Customers
17105.0,156.07276325250086,159,2,665.78,3,3,3,9,Loyal Customers
17986.0,155.97223810699168,56,1,20.8,4,2,1,7,Needs Attention
17980.0,155.95845972420253,166,4,1012.72,3,4,3,10,Loyal Customers
17572.0,155.95322793882147,71,10,652.21,3,5,3,11,Loyal Customers
17045.0,155.88580168729683,113,5,827.6800000000001,3,4,3,10,Loyal Customers
17266.0,155.79702401807123,2,5,501.71999999999997,5,4,2,11,Needs Attention
18019.0,155.7404742319219,52,1,38.45,4,2,1,7,Needs Attention
17436.0,155.63121977728989,2,5,534.06,5,4,2,11,Needs Attention
14642.0,155.10598297085102,59,1,96.12,4,1,1,6,New Customers
15303.0,154.9504437624666,290,3,1224.18,2,3,4,9,Loyal Customers
13723.0,154.93797164331073,217,6,1194.08,2,4,3,9,Loyal Customers
17539.0,154.6003551892863,618,4,1176.84,1,4,3,8,Loyal Customers
12767.0,154.58175919546036,376,1,949.82,2,1,3,6,Needs Attention
17489.0,154.36987793730634,59,2,376.64,4,3,2,9,Needs Attention
15661.0,154.28871301183884,317,8,1215.95,2,4,3,9,Loyal Customers
17892.0,154.28037279202434,56,3,244.1,4,3,1,8,Needs Attention
16766.0,154.23931858788578,273,2,1145.6,2,2,3,7,At Risk - Low Value
14500.0,154.13755276763905,88,3,356.85,3,3,2,8,Needs Attention
13366.0,154.11290568845374,50,1,56.160000000000004,4,1,1,6,New Customers
13665.0,154.0995673932284,386,3,1711.6599999999999,2,3,4,9,Loyal Customers
16296.0,153.92053167858433,626,4,1313.67,1,4,4,9,Loyal Customers
18282.0,153.9014121810918,8,2,178.05,5,3,1,9,Needs Attention
18218.0,153.90109342561948,211,4,1121.84,2,4,3,9,Loyal Customers
14603.0,153.7857383736467,275,1,660.0,2,1,3,6,Needs Attention
14798.0,153.73202536060597,53,8,724.31,4,4,3,11,Loyal Customers
13856.0,153.50953212248177,169,11,1142.03,3,5,3,11,Loyal Customers
17137.0,153.47439526767803,416,6,1099.81,1,4,3,8,Loyal Customers
17711.0,153.46990154630146,11,2,385.1,5,3,2,10,Needs Attention
12717.0,153.39585511349856,151,3,1308.91,3,3,4,10,Loyal Customers
14768.0,153.3286660350058,17,2,192.60000000000002,5,2,1,8,Needs Attention
13899.0,153.23934551100683,16,2,388.52,5,2,2,9,Potential Loyalists
17854.0,153.06230089973204,185,6,1068.5,3,4,3,10,Loyal Customers
16993.0,153.01411405764642,464,2,1950.9499999999998,1,3,4,8,Loyal Customers
15542.0,152.93278263368268,512,3,855.71,1,3,3,7,Loyal Customers
13006.0,152.93213124034426,56,1,81.57,4,1,1,6,New Customers
13261.0,152.7871761532964,269,2,944.1,2,2,3,7,At Risk - Low Value
16589.0,152.69774931899892,71,4,612.36,3,4,3,10,Loyal Customers
15710.0,152.63863937635597,417,1,898.87,1,1,3,5,Needs Attention
14847.0,152.58320193655953,149,3,1348.95,3,3,4,10,Loyal Customers
16159.0,152.26991109401246,282,4,1232.79,2,4,4,10,Loyal Customers
17024.0,152.20741324790907,45,3,95.85,4,3,1,8,Needs Attention
16321.0,152.19672232356692,72,7,604.5500000000001,3,4,2,9,Needs Attention
15840.0,152.03910876978046,59,2,355.56,4,2,2,8,Potential Loyalists
12593.0,151.96768420729668,109,3,418.09999999999997,3,3,2,8,Needs Attention
12803.0,151.90455343238648,393,1,1092.81,2,1,3,6,Needs Attention
17430.0,151.78876033459653,33,4,622.57,4,4,3,11,Loyal Customers
15104.0,151.7834527921096,197,2,993.54,2,2,3,7,At Risk - Low Value
18025.0,151.6369746739584,380,6,1177.72,2,4,3,9,Loyal Customers
18057.0,151.54491362249303,393,3,1188.46,2,3,3,8,Loyal Customers
15643.0,151.45322095668777,192,3,664.0,2,3,3,8,Loyal Customers
15018.0,151.12912454738952,39,3,496.21000000000004,4,3,2,9,Needs Attention
16471.0,150.93435049867938,275,4,1189.98,2,4,3,9,Loyal Customers
13916.0,150.85672525207687,464,4,1275.81,1,3,4,8,Loyal Customers
14994.0,150.84026342330486,382,5,946.72,2,4,3,9,Loyal Customers
16171.0,150.7178687086264,59,1,73.2,4,1,1,6,New Customers
16932.0,150.6302562567234,53,3,412.55,4,3,2,9,Needs Attention
15348.0,150.6225996252227,72,1,158.04,3,1,1,5,Needs Attention
12445.0,150.6165993575673,22,2,434.98,4,2,2,8,Potential Loyalists
17483.0,150.4476464336264,65,4,591.73,3,4,2,9,Needs Attention
17767.0,150.39227028486107,15,2,413.05,5,3,2,10,Needs Attention
15462.0,150.30281928882408,94,4,737.05,3,3,3,9,Loyal Customers
16342.0,150.16103936587416,75,4,322.41,3,4,2,9,Needs Attention
16001.0,150.11579239620352,381,1,583.39,2,1,2,5,Hibernating
16022.0,149.87113212286687,260,1,602.63,2,1,2,5,Hibernating
12878.0,149.8427793665211,236,2,854.99,2,2,3,7,At Risk - Low Value
17830.0,149.82033571523053,2,3,398.7,5,3,2,10,Needs Attention
14693.0,149.77888450196272,265,7,1165.36,2,4,3,9,Loyal Customers
18017.0,149.70251965490522,81,4,688.0,3,4,3,10,Loyal Customers
14287.0,149.54792686857243,8,3,176.63,5,3,1,9,Needs Attention
13885.0,149.5081872119581,189,2,506.8,3,2,2,7,Needs Attention
14581.0,149.2439540855603,17,2,409.65,5,2,2,9,Potential Loyalists
16447.0,149.13750462666076,136,3,727.1,3,3,3,9,Loyal Customers
17708.0,149.1334762974332,188,4,884.1800000000001,3,4,3,10,Loyal Customers
17475.0,149.06948157371582,79,1,194.37,3,2,1,6,Needs Attention
13116.0,149.0349378794096,138,1,501.14,3,1,2,6,Needs Attention
12527.0,148.8728212339258,82,5,735.51,3,4,3,10,Loyal Customers
15535.0,148.79655782305892,173,6,1044.3700000000001,3,4,3,10,Loyal Customers
16290.0,148.79025602295496,465,4,1957.7,1,4,4,9,Loyal Customers
17630.0,148.66548320711928,170,2,503.59999999999997,3,3,2,8,Needs Attention
15912.0,148.63819883977413,178,9,1074.7,3,5,3,11,Loyal Customers
18110.0,148.58282190935145,20,2,392.28000000000003,4,3,2,9,Needs Attention
14377.0,148.43388738388433,191,2,617.05,2,2,3,7,At Risk - Low Value
16129.0,148.23772811055622,407,3,1396.05,2,3,4,9,Loyal Customers
13364.0,148.21025457759274,71,1,134.95999999999998,3,1,1,5,Needs Attention
14598.0,148.06727635144597,44,2,384.04,4,2,2,8,Potential Loyalists
13920.0,147.94746519933375,432,4,1774.68,1,3,4,8,Loyal Customers
16926.0,147.8940986379745,371,5,1169.6100000000001,2,4,3,9,Loyal Customers
13817.0,147.8761461916688,29,2,382.98,4,2,2,8,Potential Loyalists
18147.0,147.7581155472178,46,2,179.33999999999997,4,3,1,8,Needs Attention
15648.0,147.60346645429095,204,2,639.5,2,2,3,7,At Risk - Low Value
13370.0,147.51008226101328,372,1,754.87,2,1,3,6,Needs Attention
14478.0,147.28971110680087,382,4,1276.66,2,3,4,9,Loyal Customers
13005.0,147.12618273466217,174,4,999.68,3,3,3,9,Loyal Customers
14036.0,147.09640764921548,285,1,626.65,2,1,3,6,Needs Attention
17869.0,146.99209421119355,107,7,813.64,3,4,3,10,Loyal Customers
16080.0,146.96122444489598,82,4,602.5600000000001,3,4,2,9,Needs Attention
15695.0,146.91584558179034,267,4,1131.04,2,3,3,8,Loyal Customers
17604.0,146.86321396906325,217,6,942.38,2,4,3,9,Loyal Customers
16763.0,146.83733136743894,199,2,964.6999999999999,2,2,3,7,At Risk - Low Value
13242.0,146.7100573781577,112,7,699.4,3,4,3,10,Loyal Customers
13361.0,146.62744929900848,472,2,1450.5,1,2,4,7,At Risk - Low Value
16262.0,146.42085486146266,378,1,755.15,2,1,3,6,Needs Attention
14109.0,146.38523745090896,73,1,144.2,3,1,1,5,Needs Attention
16146.0,145.99803873184445,157,4,946.38,3,4,3,10,Loyal Customers
13592.0,145.70478588516508,36,4,247.95999999999998,4,3,1,8,Needs Attention
12972.0,145.67131018792486,414,4,1161.2,1,3,3,7,Loyal Customers
14009.0,145.6657667271119,198,3,1099.91,2,3,3,8,Loyal Customers
17277.0,145.61201052331378,228,2,1065.3500000000001,2,3,3,8,Loyal Customers
17978.0,145.5728006050055,365,4,1159.99,2,4,3,9,Loyal Customers
14048.0,145.5164580942635,305,3,748.69,2,3,3,8,Loyal Customers
14569.0,145.49900942982322,1,4,597.3299999999999,5,3,2,10,Needs Attention
15342.0,145.49878084549667,130,1,406.09,3,1,2,6,Needs Attention
14037.0,145.48531272548465,176,6,836.95,3,4,3,10,Loyal Customers
17507.0,145.37355009263112,262,2,605.58,2,3,2,7,At Risk - Low Value
16646.0,145.29593292443798,449,1,678.8,1,1,3,5,Needs Attention
16116.0,145.22080443208196,212,1,612.78,2,1,3,6,Needs Attention
15147.0,145.20524476408744,240,1,623.5,2,1,3,6,Needs Attention
16927.0,145.1595876940856,116,3,543.05,3,3,2,8,Needs Attention
15163.0,145.13669178229983,18,2,304.47,5,2,2,9,Potential Loyalists
17957.0,145.06387001375606,66,1,111.68,3,2,1,6,Needs Attention
15855.0,144.93507820140712,137,6,1052.72,3,4,3,10,Loyal Customers
14792.0,144.77291577566874,64,1,6.2,3,1,1,5,Needs Attention
15825.0,144.65719356094024,172,1,532.94,3,1,2,6,Needs Attention
15064.0,144.61061052835404,410,4,1254.41,2,3,4,9,Loyal Customers
18278.0,144.5254995052087,74,2,414.20000000000005,3,3,2,8,Needs Attention
17239.0,144.51384388596975,313,4,1189.45,2,4,3,9,Loyal Customers
15507.0,144.40560844075426,172,1,475.86,3,1,2,6,Needs Attention
13526.0,144.30348322272567,738,2,1182.0,1,2,3,6,At Risk - Low Value
16034.0,144.1522053073103,196,6,911.3199999999999,2,4,3,9,Loyal Customers
12493.0,144.01697516778302,166,2,433.74,3,2,2,7,Needs Attention
16567.0,143.99521845336454,194,2,865.6,2,2,3,7,At Risk - Low Value
18053.0,143.99492639700742,71,3,571.07,3,3,2,8,Needs Attention
12515.0,143.8512291693859,353,1,383.7,2,1,2,5,Hibernating
15442.0,143.81879564510226,249,1,594.0,2,1,2,5,Hibernating
13803.0,143.81079366716784,255,3,1338.91,2,3,4,9,Loyal Customers
17403.0,143.77180000881415,36,2,382.87,4,3,2,9,Needs Attention
14343.0,143.68093705704575,421,4,1079.66,1,3,3,7,Loyal Customers
16449.0,143.663089173068,198,2,707.69,2,2,3,7,At Risk - Low Value
12373.0,143.654959775913,311,3,1127.65,2,3,3,8,Loyal Customers
12866.0,143.59653978736958,283,3,1227.35,2,3,4,9,Loyal Customers
15048.0,143.26351840058285,65,4,381.0,3,3,2,8,Needs Attention
17970.0,143.21732837364206,211,1,562.79,2,2,2,6,At Risk - Low Value
18033.0,143.19565470926094,65,1,93.82000000000001,3,2,1,6,Needs Attention
12763.0,143.1599399880219,138,2,494.08,3,2,2,7,Needs Attention
17862.0,143.10729451295117,324,4,1254.89,2,4,4,10,Loyal Customers
14686.0,142.96448477451122,414,5,852.53,1,4,3,8,Loyal Customers
13459.0,142.86995794009593,625,2,1160.4099999999999,1,2,3,6,At Risk - Low Value
13675.0,142.82864345964467,151,2,486.82000000000005,3,2,2,7,Needs Attention
14722.0,142.74730257461573,147,3,489.52,3,3,2,8,Needs Attention
18040.0,142.63066109129292,19,2,357.20000000000005,5,3,2,10,Needs Attention
12707.0,142.41141995733125,292,1,603.42,2,1,2,5,Hibernating
17122.0,142.40899219045158,119,4,570.5,3,4,2,9,Needs Attention
16594.0,142.39023785302055,75,1,181.09,3,1,1,5,Needs Attention
17926.0,142.367457811125,133,5,1035.49,3,4,3,10,Loyal Customers
14450.0,142.26659680557796,181,7,1128.44,3,4,3,10,Loyal Customers
17871.0,142.16704052732473,205,5,1068.95,2,4,3,9,Loyal Customers
16988.0,142.12538798484044,5,2,382.67,5,3,2,10,Needs Attention
16991.0,142.05662166518627,421,1,1041.21,1,2,3,6,At Risk - Low Value
13864.0,142.01884163040674,387,1,662.4000000000001,2,1,3,6,Needs Attention
13270.0,141.9911974137529,366,1,590.0,2,1,2,5,Hibernating
13937.0,141.8598431030573,169,2,880.13,3,2,3,8,Needs Attention
14742.0,141.82337384205547,435,1,579.85,1,1,2,4,Hibernating
12870.0,141.52107539608136,375,3,1676.95,2,3,4,9,Loyal Customers
15675.0,141.48099342168464,81,4,542.04,3,3,2,8,Needs Attention
13237.0,141.4475689268443,388,1,643.0,2,1,3,6,Needs Attention
12639.0,141.44728412812998,239,3,1312.37,2,3,4,9,Loyal Customers
16702.0,141.39377514392297,415,4,1110.83,1,4,3,8,Loyal Customers
15639.0,141.29502616231656,134,3,1065.08,3,3,3,9,Loyal Customers
16106.0,140.8508611605473,66,1,108.38,3,1,1,5,Needs Attention
17874.0,140.4647333230536,185,6,683.46,3,4,3,10,Loyal Customers
17286.0,140.40227053429834,22,3,389.18,4,3,2,9,Needs Attention
18214.0,140.26678154299432,531,4,1780.34,1,4,4,9,Loyal Customers
13106.0,140.20198347252807,133,2,603.46,3,2,2,7,Needs Attention
15439.0,140.17026796155844,405,4,1269.05,2,3,4,9,Loyal Customers
13300.0,140.08673643638866,169,3,1285.51,3,3,4,10,Loyal Customers
16100.0,139.99371202563472,463,1,582.64,1,1,2,4,Hibernating
15802.0,139.9568966710967,143,1,451.42,3,1,2,6,Needs Attention
16958.0,139.85948859574336,435,1,778.49,1,2,3,6,At Risk - Low Value
17962.0,139.83692866228236,142,4,666.96,3,4,3,10,Loyal Customers
15938.0,139.6461321544203,112,9,734.81,3,5,3,11,Loyal Customers
17384.0,139.63598401124858,19,3,507.55,5,3,2,10,Needs Attention
14104.0,139.50590255860303,155,5,743.53,3,4,3,10,Loyal Customers
12742.0,139.50579663060287,626,1,1201.52,1,1,3,5,Needs Attention
16433.0,139.4605160007916,28,2,384.52,4,2,2,8,Potential Loyalists
18085.0,139.40996677110468,330,4,1341.8500000000001,2,4,4,10,Loyal Customers
16088.0,139.20971399956173,576,2,1437.43,1,2,4,7,At Risk - Low Value
13453.0,139.09154586607517,166,3,781.6899999999999,3,3,3,9,Loyal Customers
18183.0,139.06616495916205,227,2,632.07,2,3,3,8,Loyal Customers
16997.0,139.03771024325206,288,3,702.0,2,3,3,8,Loyal Customers
14513.0,138.9722483043045,101,6,788.01,3,4,3,10,Loyal Customers
15433.0,138.96951108013408,214,2,533.3,2,2,2,6,At Risk - Low Value
13067.0,138.95015329659833,82,3,508.51,3,3,2,8,Needs Attention
13936.0,138.94768969042664,180,3,939.66,3,3,3,9,Loyal Customers
13221.0,138.83879706887643,240,2,847.41,2,2,3,7,At Risk - Low Value
15219.0,138.44772253966318,176,2,685.45,3,2,3,8,Needs Attention
12365.0,138.41275859836702,291,2,641.38,2,2,3,7,At Risk - Low Value
16545.0,137.77821928533436,165,2,689.82,3,2,3,8,Needs Attention
14054.0,137.76664675384922,65,1,92.46,3,1,1,5,Needs Attention
14784.0,137.65210108406254,26,3,449.93,4,3,2,9,Needs Attention
13877.0,137.63124243905114,86,3,449.68,3,3,2,8,Needs Attention
16178.0,137.59400244795395,138,2,612.6,3,2,3,8,Needs Attention
18024.0,137.55063554924817,153,2,389.78,3,3,2,8,Needs Attention
17680.0,137.5373888050856,24,3,497.45,4,3,2,9,Needs Attention
14819.0,137.53542611902276,64,4,456.41,3,3,2,8,Needs Attention
12735.0,137.4599839197209,315,2,779.5699999999999,2,2,3,7,At Risk - Low Value
14275.0,137.45000381097643,396,6,1189.3799999999999,2,4,3,9,Loyal Customers
17890.0,137.4475560607169,323,2,586.89,2,3,2,7,At Risk - Low Value
14199.0,137.3816491794345,218,4,1091.7,2,3,3,8,Loyal Customers
12485.0,137.31385043374738,529,1,708.1,1,1,3,5,Needs Attention
17948.0,137.2536407324763,147,1,358.56000000000006,3,2,2,7,Needs Attention
15014.0,137.22196076975277,43,2,257.67,4,2,1,7,Needs Attention
16391.0,137.21611100361415,401,4,1052.26,2,4,3,9,Loyal Customers
13840.0,137.1928641555054,416,1,651.4,1,1,3,5,Needs Attention
15781.0,137.1322872544182,25,3,345.46,4,3,2,9,Needs Attention
17375.0,137.0996571547885,199,4,660.55,2,4,3,9,Loyal Customers
14679.0,137.00307968211706,382,3,1289.44,2,3,4,9,Loyal Customers
17362.0,136.9952077275537,239,7,1024.04,2,4,3,9,Loyal Customers
13947.0,136.88007714953739,65,1,90.6,3,1,1,5,Needs Attention
13277.0,136.85455961197786,16,7,523.3,5,4,2,11,Needs Attention
13797.0,136.8042643219908,437,3,1179.45,1,3,3,7,Loyal Customers
17815.0,136.63819449133396,393,1,591.96,2,2,2,6,At Risk - Low Value
14270.0,136.51062438946786,332,1,492.65000000000003,2,1,2,5,Hibernating
15415.0,136.47164620056722,313,1,559.61,2,1,2,5,Hibernating
17062.0,136.4440400658782,314,6,889.75,2,4,3,9,Loyal Customers
13833.0,136.35031461275983,159,2,700.41,3,2,3,8,Needs Attention
13917.0,136.3250787388984,50,2,272.04,4,2,1,7,Needs Attention
14556.0,136.26799521498742,596,3,815.69,1,3,3,7,Loyal Customers
12811.0,136.12412349912162,261,5,1033.9,2,4,3,9,Loyal Customers
17544.0,136.09683001996785,390,3,944.82,2,3,3,8,Loyal Customers
16431.0,136.0222515714485,213,3,623.28,2,3,3,8,Loyal Customers
12652.0,135.85939046732577,331,2,1017.03,2,2,3,7,At Risk - Low Value
17021.0,135.8541950112658,442,6,1182.22,1,4,3,8,Loyal Customers
16269.0,135.61017532045992,438,1,717.57,1,1,3,5,Needs Attention
12903.0,135.60594182999543,429,1,833.53,1,1,3,5,Needs Attention
15713.0,135.55440262866682,143,4,839.64,3,3,3,9,Loyal Customers
17477.0,135.4692193512182,613,2,1144.3,1,3,3,7,Loyal Customers
17291.0,135.39604374899164,308,1,550.8000000000001,2,2,2,6,At Risk - Low Value
12396.0,135.19737469856756,674,1,931.43,1,1,3,5,Needs Attention
15190.0,135.06281384927672,434,1,834.4399999999999,1,1,3,5,Needs Attention
17127.0,135.0490107106775,429,5,1155.0300000000002,1,4,3,8,Loyal Customers
12486.0,135.00195904041067,432,1,1037.28,1,1,3,5,Needs Attention
15559.0,134.96879191717275,568,1,1109.4,1,1,3,5,Needs Attention
18270.0,134.95589407037014,38,3,444.55,4,3,2,9,Needs Attention
15646.0,134.93336497560355,158,5,784.8100000000001,3,4,3,10,Loyal Customers
14960.0,134.86219178728248,8,2,221.27,5,2,1,8,Needs Attention
15588.0,134.76461542645796,678,1,579.6,1,1,2,4,Hibernating
17269.0,134.68627092833802,386,1,491.81,2,2,2,6,At Risk - Low Value
15124.0,134.6813382568959,23,4,450.82,4,3,2,9,Needs Attention
12505.0,134.63740334613024,409,1,955.2,2,1,3,6,Needs Attention
13194.0,134.5500767758985,136,2,472.78,3,2,2,7,Needs Attention
13404.0,134.52004026632557,1,2,252.49,5,2,1,8,Needs Attention
15655.0,134.47956768688448,243,1,560.67,2,1,2,5,Hibernating
17156.0,134.32264414143398,492,1,591.87,1,2,2,5,At Risk - Low Value
12543.0,134.2393717246871,448,1,980.25,1,1,3,5,Needs Attention
15891.0,134.10161932943075,227,1,511.68,2,1,2,5,Hibernating
15334.0,134.0994985173378,157,3,350.82,3,3,2,8,Needs Attention
16344.0,134.05109794294606,158,4,842.42,3,4,3,10,Loyal Customers
14958.0,134.03038679909753,147,6,941.99,3,4,3,10,Loyal Customers
17161.0,133.99990249811538,444,1,856.01,1,2,3,6,At Risk - Low Value
13424.0,133.98535239778707,450,1,572.77,1,1,2,4,Hibernating
12699.0,133.98091792475083,418,1,638.11,1,1,3,5,Needs Attention
16314.0,133.9782426025427,390,3,1491.4,2,3,4,9,Loyal Customers
15204.0,133.94113481480412,357,1,316.58,2,1,2,5,Hibernating
13710.0,133.90231911210432,32,3,509.52,4,3,2,9,Needs Attention
15689.0,133.8673532801604,120,3,521.03,3,3,2,8,Needs Attention
16596.0,133.8581865715526,16,4,458.98,5,4,2,11,Needs Attention
13656.0,133.80432432165227,165,4,1078.85,3,3,3,9,Loyal Customers
14612.0,133.74299983281924,415,1,877.7,1,1,3,5,Needs Attention
12559.0,133.71660196298194,311,2,561.71,2,2,2,6,At Risk - Low Value
16287.0,133.48010657665375,170,5,1006.98,3,4,3,10,Loyal Customers
12537.0,133.4773154472878,409,1,732.94,2,1,3,6,Needs Attention
13955.0,133.30067247192386,154,3,544.0699999999999,3,3,2,8,Needs Attention
13493.0,133.22932223915186,275,2,618.63,2,2,3,7,At Risk - Low Value
16176.0,133.19658429568162,421,4,2052.69,1,4,4,9,Loyal Customers
13479.0,133.1835824389323,201,4,851.37,2,3,3,8,Loyal Customers
17132.0,133.1740160359688,452,2,1220.9099999999999,1,3,4,8,Loyal Customers
12833.0,133.13550056339167,145,1,417.38,3,1,2,6,Needs Attention
17342.0,133.0983293380811,380,4,1227.54,2,4,4,10,Loyal Customers
12801.0,133.04821884605346,501,1,1071.82,1,1,3,5,Needs Attention
15177.0,132.99274316573766,426,1,948.93,1,1,3,5,Needs Attention
14338.0,132.83155055765803,161,3,928.1,3,3,3,9,Loyal Customers
13667.0,132.76594438106414,149,1,299.05,3,1,2,6,Needs Attention
12859.0,132.73843725085854,459,1,575.1,1,1,2,4,Hibernating
13863.0,132.64743741259815,248,4,1239.55,2,3,4,9,Loyal Customers
17772.0,132.5648807602635,11,3,360.75,5,3,2,10,Needs Attention
16773.0,132.52192134083228,57,3,421.24,4,3,2,9,Needs Attention
17525.0,132.51180687508008,360,3,1161.9,2,3,3,8,Loyal Customers
13264.0,132.4595074230116,443,1,722.5600000000001,1,1,3,5,Needs Attention
17376.0,132.38126351023874,71,4,453.64,3,4,2,9,Needs Attention
12988.0,132.20311107850966,292,1,505.82,2,1,2,5,Hibernating
14568.0,132.0703924528257,435,1,919.7,1,1,3,5,Needs Attention
14549.0,132.01489972719492,311,4,913.6,2,3,3,8,Loyal Customers
15314.0,131.94696708060343,199,3,820.4499999999999,2,3,3,8,Loyal Customers
16484.0,131.9114903136275,174,2,404.3,3,2,2,7,Needs Attention
16829.0,131.88230050040002,157,2,513.32,3,2,2,7,Needs Attention
13207.0,131.873754600814,15,4,535.86,5,3,2,10,Needs Attention
17099.0,131.67678187328846,533,1,582.17,1,2,2,5,At Risk - Low Value
15210.0,131.63165731860659,225,3,1176.19,2,3,3,8,Loyal Customers
13567.0,131.51502798334056,428,4,1079.29,1,3,3,7,Loyal Customers
17301.0,131.3451569883487,21,2,294.39,4,3,2,9,Needs Attention
15441.0,131.20292690894942,396,3,1254.21,2,3,4,9,Loyal Customers
17715.0,131.11668214285672,201,2,489.59999999999997,2,3,2,7,At Risk - Low Value
13299.0,131.07002460078854,268,3,1218.7,2,3,3,8,Loyal Customers
13529.0,131.05836181414912,79,2,307.76,3,2,2,7,Needs Attention
15920.0,130.8824193067565,154,9,569.14,3,5,2,10,Needs Attention
17917.0,130.7513111862335,45,3,335.03,4,3,2,9,Needs Attention
15259.0,130.66992696869457,513,4,1182.3799999999999,1,3,3,7,Loyal Customers
15120.0,130.65459648477423,134,1,358.82,3,1,2,6,Needs Attention
17615.0,130.40845351910713,130,6,721.8,3,4,3,10,Loyal Customers
15942.0,130.17765519913644,134,1,337.44,3,1,2,6,Needs Attention
13642.0,130.14852217741506,216,4,472.2,2,3,2,7,At Risk - Low Value
14761.0,130.08278023186548,59,3,447.92,4,3,2,9,Needs Attention
12573.0,129.9633810116805,227,5,717.41,2,4,3,9,Loyal Customers
13606.0,129.6665265988357,29,3,276.75,4,3,1,8,Needs Attention
12915.0,129.58672790474859,149,4,975.1,3,3,3,9,Loyal Customers
15016.0,129.38798319941347,173,5,620.89,3,4,3,10,Loyal Customers
16810.0,129.36641749469752,192,2,842.0400000000001,2,2,3,7,At Risk - Low Value
16519.0,129.33733048082883,25,4,439.06,4,4,2,10,Needs Attention
13439.0,129.28038852895938,255,3,986.61,2,3,3,8,Loyal Customers
15958.0,129.26452452323235,74,4,462.12,3,4,2,9,Needs Attention
12503.0,129.01750449429775,584,1,1126.0,1,1,3,5,Needs Attention
15585.0,128.99992690756923,177,1,455.3,3,1,2,6,Needs Attention
13904.0,128.96503527102016,37,2,332.64,4,2,2,8,Potential Loyalists
13398.0,128.88473425987937,192,2,670.34,2,2,3,7,At Risk - Low Value
17369.0,128.80873116587853,456,1,979.1999999999999,1,2,3,6,At Risk - Low Value
17492.0,128.78330572689717,248,3,1122.42,2,3,3,8,Loyal Customers
12837.0,128.7499929499157,173,2,662.66,3,2,3,8,Needs Attention
13622.0,128.64090140299697,696,1,658.95,1,1,3,5,Needs Attention
13474.0,128.61468703212677,236,3,646.59,2,3,3,8,Loyal Customers
14350.0,128.60401954719765,274,3,972.03,2,3,3,8,Loyal Customers
16614.0,128.45011021032644,183,3,1179.79,3,3,3,9,Loyal Customers
16305.0,128.402844175291,139,1,361.21999999999997,3,1,2,6,Needs Attention
17551.0,128.37771173031936,359,1,290.34,2,2,2,6,At Risk - Low Value
16828.0,128.32902758893005,93,2,128.5,3,2,1,6,Needs Attention
12793.0,128.2655791390144,335,3,885.53,2,3,3,8,Loyal Customers
13466.0,128.10555654425818,184,5,1013.35,3,4,3,10,Loyal Customers
17123.0,128.0488231220451,162,3,977.17,3,3,3,9,Loyal Customers
17531.0,127.99878217980023,190,3,1266.82,2,3,4,9,Loyal Customers
17358.0,127.99016636312054,303,5,861.01,2,4,3,9,Loyal Customers
17443.0,127.85587397663812,220,1,534.24,2,2,2,6,At Risk - Low Value
14799.0,127.66759112034927,51,2,338.15,4,2,2,8,Potential Loyalists
12790.0,127.57952116436944,192,2,591.85,2,2,2,6,At Risk - Low Value
13223.0,127.57741259227645,200,6,969.1200000000001,2,4,3,9,Loyal Customers
18155.0,127.51331411425184,75,3,371.62,3,3,2,8,Needs Attention
15107.0,127.45112888989667,311,9,824.35,2,5,3,10,Loyal Customers
13204.0,127.40550486052611,731,1,966.6600000000001,1,1,3,5,Needs Attention
12891.0,127.32844100765956,186,11,840.5,3,5,3,11,Loyal Customers
14254.0,127.3081914943353,433,1,601.03,1,1,2,4,Hibernating
17040.0,127.26574276023297,138,2,463.25,3,3,2,8,Needs Attention
14969.0,127.01124582491973,704,1,906.23,1,1,3,5,Needs Attention
13489.0,126.99262901452212,105,4,449.52,3,3,2,8,Needs Attention
14908.0,126.97012967405666,74,2,381.9,3,2,2,7,Needs Attention
13745.0,126.8814443170156,162,2,777.36,3,2,3,8,Needs Attention
17176.0,126.87065285754892,202,3,902.3199999999999,2,3,3,8,Loyal Customers
17256.0,126.69112758874127,107,5,498.93,3,4,2,9,Needs Attention
18264.0,126.62797942403525,499,1,603.25,1,2,2,5,At Risk - Low Value
17749.0,126.47308028452134,178,3,1026.18,3,3,3,9,Loyal Customers
12922.0,126.36813609859249,161,1,405.38,3,1,2,6,Needs Attention
17955.0,126.23970823162277,199,6,949.9,2,4,3,9,Loyal Customers
13626.0,126.2052736145331,253,2,707.04,2,2,3,7,At Risk - Low Value
12447.0,126.1557013634128,243,1,476.49,2,1,2,5,Hibernating
17616.0,126.10446026610016,174,4,734.4,3,4,3,10,Loyal Customers
15176.0,126.09328012798986,668,1,988.04,1,1,3,5,Needs Attention
14600.0,126.00282796616101,306,2,865.1700000000001,2,2,3,7,At Risk - Low Value
13699.0,125.99315205801828,155,2,764.15,3,2,3,8,Needs Attention
18203.0,125.9886020147693,157,4,492.52,3,4,2,9,Needs Attention
16834.0,125.89450348227835,228,2,898.96,2,3,3,8,Loyal Customers
12450.0,125.74308788969364,156,5,688.2,3,4,3,10,Loyal Customers
12601.0,125.7203721968958,190,6,681.26,2,4,3,9,Loyal Customers
13393.0,125.71745406198764,584,4,1131.45,1,3,3,7,Loyal Customers
16948.0,125.70740946295605,139,7,868.77,3,4,3,10,Loyal Customers
13565.0,125.66904268630296,19,3,414.8,5,3,2,10,Needs Attention
17374.0,125.64630117672961,219,3,727.11,2,3,3,8,Loyal Customers
17935.0,125.5384517009461,138,7,686.14,3,4,3,10,Loyal Customers
16739.0,125.29888679258416,177,2,786.43,3,2,3,8,Needs Attention
16142.0,124.90755433272935,250,1,535.34,2,1,2,5,Hibernating
18159.0,124.8622648599734,301,1,530.15,2,2,2,6,At Risk - Low Value
13385.0,124.54039409892488,330,1,534.57,2,1,2,5,Hibernating
13095.0,124.43733752464541,71,1,74.39999999999999,3,1,1,5,Needs Attention
13866.0,124.38460994192185,74,1,145.67000000000002,3,1,1,5,Needs Attention
14645.0,124.3789158594334,157,3,876.89,3,3,3,9,Loyal Customers
17726.0,124.35338567764782,395,7,1092.06,2,4,3,9,Loyal Customers
15586.0,124.06428461717604,593,3,1139.1,1,3,3,7,Loyal Customers
17427.0,123.96833226498049,72,1,100.8,3,2,1,6,Needs Attention
13470.0,123.91713625241275,99,2,165.0,3,2,1,6,Needs Attention
13043.0,123.89562575579794,273,1,516.42,2,1,2,5,Hibernating
15230.0,123.82206406208631,239,2,429.6,2,2,2,6,At Risk - Low Value
17765.0,123.74532994605418,159,4,524.0,3,4,2,9,Needs Attention
12410.0,123.69414185361876,309,3,1013.71,2,3,3,8,Loyal Customers
17464.0,123.56612925467341,158,3,907.14,3,3,3,9,Loyal Customers
13452.0,123.53320221196239,259,3,729.8,2,3,3,8,Loyal Customers
13857.0,123.44424879984906,393,6,1001.01,2,4,3,9,Loyal Customers
12730.0,123.4167144950896,522,1,829.25,1,1,3,5,Needs Attention
17578.0,123.39441592219029,218,7,1047.33,2,4,3,9,Loyal Customers
13296.0,123.36954422246599,137,6,792.51,3,4,3,10,Loyal Customers
18280.0,123.30610701605796,278,2,488.15000000000003,2,3,2,7,At Risk - Low Value
14247.0,123.17355620625104,278,5,753.56,2,4,3,9,Loyal Customers
15092.0,123.17045488600905,215,3,776.46,2,3,3,8,Loyal Customers
16213.0,123.12972887263795,79,1,159.0,3,1,1,5,Needs Attention
16149.0,123.02858395624276,5,3,422.22,5,3,2,10,Needs Attention
17889.0,122.91613129474722,212,7,746.42,2,4,3,9,Loyal Customers
14494.0,122.75988980957302,26,3,401.46,4,3,2,9,Needs Attention
13604.0,122.75442067202563,659,1,717.62,1,1,3,5,Needs Attention
17349.0,122.58940334218889,179,5,772.41,3,4,3,10,Loyal Customers
13166.0,122.54453745848198,283,2,875.93,2,2,3,7,At Risk - Low Value
17194.0,122.38445356459577,274,3,812.5,2,3,3,8,Loyal Customers
16947.0,122.17820843386527,236,5,955.21,2,4,3,9,Loyal Customers
14423.0,122.1705203856571,218,3,916.6099999999999,2,3,3,8,Loyal Customers
16223.0,122.0444452974541,375,2,1087.05,2,2,3,7,At Risk - Low Value
13279.0,122.0432894617981,78,1,137.75,3,1,1,5,Needs Attention
17212.0,122.03104953366858,253,3,794.41,2,3,3,8,Loyal Customers
13922.0,121.96420865388087,352,3,865.2,2,3,3,8,Loyal Customers
13068.0,121.9373158165966,10,2,344.0,5,2,2,9,Potential Loyalists
12414.0,121.92319584722415,217,6,952.41,2,4,3,9,Loyal Customers
16643.0,121.88341476073224,246,2,923.11,2,2,3,7,At Risk - Low Value
17548.0,121.77760282103321,234,4,731.26,2,4,3,9,Loyal Customers
16922.0,121.5641580262584,573,1,611.08,1,2,3,6,At Risk - Low Value
16193.0,121.55577818416617,237,2,630.43,2,2,3,7,At Risk - Low Value
16228.0,121.52097059060655,385,3,885.71,2,3,3,8,Loyal Customers
16921.0,121.49678477489016,61,3,409.21,3,3,2,8,Needs Attention
14497.0,121.17273875565675,309,2,697.0600000000001,2,2,3,7,At Risk - Low Value
17330.0,121.14711032509479,23,4,423.8,4,4,2,10,Needs Attention
16109.0,121.12082673603432,219,3,939.48,2,3,3,8,Loyal Customers
15109.0,121.1121701994127,246,3,983.1,2,3,3,8,Loyal Customers
17166.0,121.09861012257502,39,2,206.34,4,3,1,8,Needs Attention
12817.0,121.01666999469946,281,3,690.98,2,3,3,8,Loyal Customers
14448.0,120.8318142401868,9,2,375.35,5,2,2,9,Potential Loyalists
16392.0,120.77421729626923,270,3,756.7,2,3,3,8,Loyal Customers
18108.0,120.71765099089635,254,3,848.8100000000001,2,3,3,8,Loyal Customers
14248.0,120.64161645470985,318,3,1032.95,2,3,3,8,Loyal Customers
17771.0,120.61658589745345,57,4,387.41,4,4,2,10,Needs Attention
12785.0,120.5072557166421,364,3,1100.4,2,3,3,8,Loyal Customers
15257.0,120.4939837565835,283,2,685.9,2,2,3,7,At Risk - Low Value
16226.0,120.46489654554571,203,5,672.1700000000001,2,4,3,9,Loyal Customers
14552.0,120.3794387329509,152,3,507.93,3,3,2,8,Needs Attention
15448.0,120.3397732766366,313,2,788.81,2,2,3,7,At Risk - Low Value
13898.0,120.28961502040099,326,2,686.4,2,2,3,7,At Risk - Low Value
14176.0,120.2859397977281,297,5,756.46,2,4,3,9,Loyal Customers
12734.0,120.20693286305045,353,3,639.65,2,3,3,8,Loyal Customers
17226.0,120.06220908372124,309,3,895.47,2,3,3,8,Loyal Customers
15589.0,120.01807222851474,256,3,478.53000000000003,2,3,2,7,At Risk - Low Value
14022.0,119.95767004656584,225,2,792.15,2,2,3,7,At Risk - Low Value
14890.0,119.95651365635473,254,3,817.25,2,3,3,8,Loyal Customers
16526.0,119.84088612671457,172,2,717.21,3,2,3,8,Needs Attention
16117.0,119.80711330932358,190,3,654.4,2,3,3,8,Loyal Customers
16765.0,119.73750747461959,294,2,454.75,2,2,2,6,At Risk - Low Value
14570.0,119.73144004751576,281,3,613.75,2,3,3,8,Loyal Customers
18060.0,119.67450698213999,408,2,1185.46,2,3,3,8,Loyal Customers
15780.0,119.62725483995419,184,3,475.28000000000003,3,3,2,8,Needs Attention
12945.0,119.62558989300744,288,2,900.11,2,2,3,7,At Risk - Low Value
15504.0,119.60196783755356,81,4,402.7,3,3,2,8,Needs Attention
15863.0,119.55796054434187,26,5,355.1,4,4,2,10,Needs Attention
18262.0,119.53666730621553,140,3,577.54,3,3,2,8,Needs Attention
13781.0,119.48244089584286,251,3,778.83,2,3,3,8,Loyal Customers
14339.0,119.33841699806639,243,2,620.27,2,2,3,7,At Risk - Low Value
17356.0,119.19759115634966,312,5,946.47,2,4,3,9,Loyal Customers
13809.0,119.18783525127498,305,3,679.7,2,3,3,8,Loyal Customers
17223.0,118.90763753775153,310,3,558.04,2,3,2,7,At Risk - Low Value
14594.0,118.75946461427154,7,2,363.33,5,2,2,9,Potential Loyalists
17392.0,118.66867527059246,307,3,585.92,2,3,2,7,At Risk - Low Value
14873.0,118.51098549741955,210,2,854.13,2,2,3,7,At Risk - Low Value
13669.0,118.46900639656513,51,3,413.55,4,3,2,9,Needs Attention
13083.0,118.24202900961279,4,3,395.43,5,3,2,10,Needs Attention
14520.0,118.17154490427934,2,2,270.6,5,2,1,8,Needs Attention
16091.0,118.15850003416264,155,2,315.06,3,2,2,7,Needs Attention
13775.0,118.07599759823275,591,1,1049.66,1,1,3,5,Needs Attention
15776.0,117.98628199020277,133,1,241.62,3,1,1,5,Needs Attention
15888.0,117.91137896716049,81,3,429.16,3,3,2,8,Needs Attention
13179.0,117.9074479804214,619,1,572.3100000000001,1,1,2,4,Hibernating
16816.0,117.86748296535879,103,4,417.06,3,4,2,9,Needs Attention
17456.0,117.82494566844795,365,2,975.5600000000001,2,3,3,8,Loyal Customers
14326.0,117.59091851794433,242,3,940.98,2,3,3,8,Loyal Customers
14823.0,117.48098030323618,180,3,321.43,3,3,2,8,Needs Attention
17580.0,117.27233891151614,253,5,541.02,2,4,2,8,At Risk - Low Value
14998.0,117.18413250902456,170,4,753.18,3,3,3,9,Loyal Customers
13792.0,117.16392445659822,66,3,383.95,3,3,2,8,Needs Attention
15921.0,117.16150473618254,173,4,775.26,3,3,3,9,Loyal Customers
16792.0,117.07653721840002,282,5,623.46,2,4,3,9,Loyal Customers
15405.0,117.03618897484426,189,2,659.84,3,2,3,8,Needs Attention
17785.0,117.02962361122428,53,3,403.38,4,3,2,9,Needs Attention
17816.0,117.01634988491114,37,6,96.11,4,4,1,9,Needs Attention
16246.0,117.00410322396107,460,2,821.35,1,2,3,6,At Risk - Low Value
17849.0,116.97586624060787,218,8,1063.76,2,5,3,10,Loyal Customers
18165.0,116.91154002819187,177,1,302.46000000000004,3,2,2,7,Needs Attention
13070.0,116.90290588824905,192,4,751.7,2,3,3,8,Loyal Customers
13295.0,116.83239510859411,360,4,1101.97,2,3,3,8,Loyal Customers
17639.0,116.82077392400404,276,6,615.17,2,4,3,9,Loyal Customers
15424.0,116.7751152641099,254,3,597.78,2,3,2,7,At Risk - Low Value
15090.0,116.76120417657515,308,1,381.32,2,1,2,5,Hibernating
16387.0,116.63074137081513,323,5,882.46,2,4,3,9,Loyal Customers
15488.0,116.6290659178513,93,5,431.92,3,4,2,9,Needs Attention
15386.0,116.57545792859746,186,1,394.14,3,1,2,6,Needs Attention
15143.0,116.45901234168443,226,2,563.63,2,2,2,6,At Risk - Low Value
17709.0,116.40390305296671,170,5,671.01,3,4,3,10,Loyal Customers
18190.0,116.35599582701224,192,5,745.62,2,4,3,9,Loyal Customers
16227.0,116.32026589875522,225,3,1027.22,2,3,3,8,Loyal Customers
15545.0,116.1598572724456,54,2,288.96999999999997,4,2,2,8,Potential Loyalists
13201.0,116.03473708843211,502,4,1233.06,1,3,4,8,Loyal Customers
14310.0,115.96131048039533,433,1,492.1,1,1,2,4,Hibernating
16852.0,115.87707509652527,10,2,144.91000000000003,5,3,1,9,Needs Attention
16473.0,115.85353717157568,165,4,470.83,3,4,2,9,Needs Attention
14308.0,115.53546728731538,549,2,1147.02,1,2,3,6,At Risk - Low Value
12641.0,115.43701390454555,115,1,185.9,3,1,1,5,Needs Attention
15759.0,115.26978296146878,218,7,830.9300000000001,2,4,3,9,Loyal Customers
17359.0,115.26904524643551,11,2,284.46,5,3,1,9,Needs Attention
12977.0,115.16745655594063,156,4,513.88,3,3,2,8,Needs Attention
15224.0,115.1280136632605,358,5,871.36,2,4,3,9,Loyal Customers
12999.0,115.05300463652755,196,3,455.88,2,3,2,7,At Risk - Low Value
17334.0,115.03490508449671,302,3,635.15,2,3,3,8,Loyal Customers
17665.0,114.93588826542162,493,1,563.1,1,2,2,5,At Risk - Low Value
14413.0,114.91712505890823,362,4,764.52,2,3,3,8,Loyal Customers
14417.0,114.78385353717712,388,1,524.65,2,1,2,5,Hibernating
16787.0,114.65533182029532,398,4,1017.53,2,4,3,9,Loyal Customers
15935.0,114.59493497670519,239,2,416.86,2,2,2,6,At Risk - Low Value
17251.0,114.54159117424193,363,3,798.98,2,3,3,8,Loyal Customers
15130.0,114.34949797431385,170,1,330.11,3,1,2,6,Needs Attention
17478.0,114.22570874524648,408,2,1272.8,2,3,4,9,Loyal Customers
16798.0,114.16668245173113,554,3,841.16,1,3,3,7,Loyal Customers
17079.0,114.15553213263748,78,1,118.80000000000001,3,2,1,6,Needs Attention
16534.0,114.09162659705763,642,1,635.9,1,1,3,5,Needs Attention
18200.0,114.00763805177684,106,1,150.35,3,2,1,6,Needs Attention
15160.0,114.00087367523416,357,4,589.27,2,3,2,7,At Risk - Low Value
14647.0,113.83844771132503,201,2,506.04,2,2,2,6,At Risk - Low Value
15917.0,113.73653885549638,248,5,530.17,2,4,2,8,At Risk - Low Value
14255.0,113.73493715068398,546,1,1000.63,1,1,3,5,Needs Attention
14652.0,113.56876694087504,77,1,114.18,3,1,1,5,Needs Attention
17366.0,113.4117647642986,432,2,1077.24,1,3,3,7,Loyal Customers
17783.0,113.33969707082099,72,3,376.96,3,3,2,8,Needs Attention
14605.0,113.33816160790919,374,4,921.5600000000001,2,3,3,8,Loyal Customers
16623.0,113.27851258722609,246,4,1015.24,2,4,3,9,Loyal Customers
15562.0,113.21117706907253,352,3,671.4300000000001,2,3,3,8,Loyal Customers
13003.0,113.20675437330661,106,3,149.05,3,3,1,7,Needs Attention
12792.0,113.19741904539323,257,2,827.01,2,2,3,7,At Risk - Low Value
14663.0,113.109816932445,430,2,490.6,1,2,2,5,At Risk - Low Value
16111.0,113.0845989044523,428,1,549.33,1,1,2,4,Hibernating
17051.0,113.08454099188347,194,4,706.49,2,4,3,9,Loyal Customers
13343.0,113.07213100066947,178,1,353.43,3,1,2,6,Needs Attention
17707.0,113.02424943694561,185,8,609.3000000000001,3,5,3,11,Loyal Customers
12690.0,112.99854587551344,206,1,389.01,2,1,2,5,Hibernating
14510.0,112.93202534671427,376,3,979.85,2,3,3,8,Loyal Customers
16319.0,112.92865581851227,218,1,404.40000000000003,2,1,2,5,Hibernating
15246.0,112.83376456319618,238,3,780.4,2,3,3,8,Loyal Customers
15346.0,112.74575269488763,333,3,596.12,2,3,2,7,At Risk - Low Value
16250.0,112.7179442157658,261,3,565.24,2,3,2,7,At Risk - Low Value
15118.0,112.65675562984839,134,1,244.8,3,1,1,5,Needs Attention
15263.0,112.54854656294175,107,1,156.51,3,1,1,5,Needs Attention
15609.0,112.38009287308557,184,1,298.48,3,1,2,6,Needs Attention
14838.0,111.932724282872,423,2,769.9200000000001,1,2,3,6,At Risk - Low Value
12756.0,111.8971249693148,87,1,112.07999999999998,3,1,1,5,Needs Attention
13962.0,111.85238233600957,22,3,362.8,4,3,2,9,Needs Attention
16424.0,111.7754183514398,191,2,443.06,2,2,2,6,At Risk - Low Value
17713.0,111.74880538605922,382,4,1198.09,2,4,3,9,Loyal Customers
12580.0,111.74719459562307,247,2,1052.9,2,2,3,7,At Risk - Low Value
13008.0,111.68842840584367,323,3,612.13,2,3,3,8,Loyal Customers
12355.0,111.68324048068763,214,2,947.61,2,2,3,7,At Risk - Low Value
17195.0,111.553862486124,655,1,562.98,1,2,2,5,At Risk - Low Value
14932.0,111.3539698716116,366,2,666.13,2,2,3,7,At Risk - Low Value
17995.0,111.33949081139522,282,3,495.48,2,3,2,7,At Risk - Low Value
14995.0,111.29575065975267,39,2,231.98000000000002,4,2,1,7,Needs Attention
15266.0,111.24616599978316,338,5,852.21,2,4,3,9,Loyal Customers
18191.0,111.23604590239302,262,2,529.4,2,3,2,7,At Risk - Low Value
16959.0,111.21634145334157,87,1,117.35000000000001,3,2,1,6,Needs Attention
12564.0,111.18655587519682,261,1,456.9,2,1,2,5,Hibernating
17140.0,111.17165760791853,247,1,454.12,2,2,2,6,At Risk - Low Value
18163.0,111.0135805901633,584,1,728.84,1,2,3,6,At Risk - Low Value
14149.0,110.86580877444169,221,1,446.62,2,1,2,5,Hibernating
17746.0,110.83193776212087,240,4,904.1800000000001,2,4,3,9,Loyal Customers
18233.0,110.81775976594828,326,1,440.0,2,2,2,6,At Risk - Low Value
14454.0,110.79561136111353,376,5,977.3,2,4,3,9,Loyal Customers
15663.0,110.7889130407917,106,1,138.14,3,1,1,5,Needs Attention
15929.0,110.77831251724815,644,1,594.0,1,1,2,4,Hibernating
14288.0,110.7628540050025,213,1,426.6,2,1,2,5,Hibernating
18098.0,110.74836909796312,396,1,527.94,2,2,2,6,At Risk - Low Value
16435.0,110.7160820843398,512,3,1003.0699999999999,1,3,3,7,Loyal Customers
14699.0,110.70265080998213,214,4,702.6,2,3,3,8,Loyal Customers
13101.0,110.66170875345284,234,4,695.4,2,3,3,8,Loyal Customers
17782.0,110.64782062192572,383,2,679.02,2,3,3,8,Loyal Customers
16856.0,110.64717704772437,15,3,358.49,5,3,2,10,Needs Attention
12862.0,110.64248394065496,426,2,984.62,1,2,3,6,At Risk - Low Value
17332.0,110.4964020268774,528,5,838.27,1,4,3,8,Loyal Customers
16699.0,110.49409679452299,380,7,994.6,2,4,3,9,Loyal Customers
15631.0,110.49354363574385,642,1,596.67,1,1,2,4,Hibernating
12604.0,110.43582766760335,79,2,254.18,3,2,1,6,Needs Attention
16084.0,110.40076128835231,299,1,436.18,2,1,2,5,Hibernating
12786.0,110.31178678751891,610,1,728.5,1,1,3,5,Needs Attention
12855.0,110.29149567089914,373,4,612.84,2,3,3,8,Loyal Customers
13244.0,110.13267723755729,93,1,121.74000000000001,3,1,1,5,Needs Attention
17383.0,110.09224356243399,4,2,304.09,5,3,2,10,Needs Attention
18187.0,110.07458313368646,632,1,724.89,1,2,3,6,At Risk - Low Value
17363.0,110.01113836263231,395,3,920.46,2,3,3,8,Loyal Customers
14170.0,109.93442761666913,375,3,570.18,2,3,2,7,At Risk - Low Value
15970.0,109.9017984000419,304,2,1017.32,2,2,3,7,At Risk - Low Value
17124.0,109.87360018688814,185,1,294.24,3,2,2,7,Needs Attention
15986.0,109.85642133018666,30,2,354.42,4,2,2,8,Potential Loyalists
17756.0,109.78073263671331,376,3,728.75,2,3,3,8,Loyal Customers
12368.0,109.76496610789378,628,1,917.6999999999999,1,1,3,5,Needs Attention
17701.0,109.73168372998984,253,1,417.95,2,2,2,6,At Risk - Low Value
13358.0,109.66855094967832,269,1,439.03,2,1,2,5,Hibernating
13273.0,109.54370499233914,113,1,138.98,3,1,1,5,Needs Attention
17786.0,109.52851383527216,85,2,266.85,3,3,1,7,Needs Attention
17431.0,109.49207074626133,313,1,403.3,2,2,2,6,At Risk - Low Value
18212.0,109.43463203911766,326,2,514.37,2,3,2,7,At Risk - Low Value
17322.0,109.38698907574495,376,5,922.59,2,4,3,9,Loyal Customers
13612.0,109.34114743880453,633,1,818.29,1,1,3,5,Needs Attention
15225.0,109.2867598582287,234,1,409.40000000000003,2,1,2,5,Hibernating
14622.0,109.27632244080736,185,1,320.58000000000004,3,1,2,6,Needs Attention
17474.0,109.25525511170225,600,1,1047.0,1,2,3,6,At Risk - Low Value
15458.0,109.2381988766013,25,2,370.43999999999994,4,2,2,8,Potential Loyalists
17486.0,109.11969307868264,261,1,396.87,2,2,2,6,At Risk - Low Value
14348.0,109.10593483754464,260,1,409.57,2,1,2,5,Hibernating
14924.0,109.06735435168972,246,3,931.01,2,3,3,8,Loyal Customers
13345.0,109.00414501538138,288,1,389.5,2,1,2,5,Hibernating
14406.0,108.91571761375427,119,1,156.75,3,1,1,5,Needs Attention
13706.0,108.85471626749181,303,2,631.17,2,2,3,7,At Risk - Low Value
13065.0,108.85421326266022,373,5,1055.05,2,4,3,9,Loyal Customers
15165.0,108.81223463490349,373,1,487.75,2,1,2,5,Hibernating
15723.0,108.7701108383828,365,4,930.7,2,3,3,8,Loyal Customers
17309.0,108.66164977175472,95,3,320.39,3,3,2,8,Needs Attention
17421.0,108.56687533073433,386,3,1059.41,2,3,3,8,Loyal Customers
17141.0,108.53301073061297,418,4,727.58,1,4,3,8,Loyal Customers
16967.0,108.510934319646,189,1,319.02,3,2,2,7,Needs Attention
17167.0,108.37891799719102,380,3,867.11,2,3,3,8,Loyal Customers
16135.0,108.31652041888135,263,2,819.45,2,2,3,7,At Risk - Low Value
12789.0,108.26401373435189,65,3,273.35,3,3,1,7,Needs Attention
17968.0,108.20676626529882,374,4,590.4399999999999,2,4,2,8,At Risk - Low Value
17407.0,108.17786355537501,412,1,552.9,1,2,2,5,At Risk - Low Value
13062.0,108.1649047115707,191,1,346.98,2,1,2,5,Hibernating
16808.0,108.12650596664477,99,2,288.42,3,2,2,7,Needs Attention
13286.0,108.12151002549388,600,1,734.91,1,1,3,5,Needs Attention
13161.0,107.89900651601025,313,2,472.13,2,2,2,6,At Risk - Low Value
13712.0,107.80329183994776,247,2,766.42,2,2,3,7,At Risk - Low Value
16690.0,107.6268277805841,72,4,353.03,3,4,2,9,Needs Attention
13484.0,107.60220155763618,241,3,790.72,2,3,3,8,Loyal Customers
14816.0,107.58600796660416,197,1,271.85,2,1,1,4,Hibernating
15174.0,107.4392476225788,323,2,481.46,2,2,2,6,At Risk - Low Value
14772.0,107.37719472988384,112,1,139.26,3,1,1,5,Needs Attention
12814.0,107.34863331554814,102,1,125.92,3,1,1,5,Needs Attention
14620.0,107.30485455673174,206,2,412.78000000000003,2,2,2,6,At Risk - Low Value
17647.0,107.27565977096313,65,3,331.65999999999997,3,3,2,8,Needs Attention
14671.0,107.21643047846318,549,2,1127.45,1,2,3,6,At Risk - Low Value
17281.0,107.19580184218559,374,6,797.8499999999999,2,4,3,9,Loyal Customers
17035.0,107.16300367959349,246,4,613.59,2,4,3,9,Loyal Customers
18018.0,107.12714721475757,108,4,297.99,3,4,2,9,Needs Attention
16866.0,106.91198900035924,141,3,207.73999999999998,3,3,1,7,Needs Attention
17678.0,106.90006807918213,264,2,599.76,2,3,2,7,At Risk - Low Value
15918.0,106.80935557227961,191,3,582.88,2,3,2,7,At Risk - Low Value
17691.0,106.79720936336685,358,4,637.5500000000001,2,4,3,9,Loyal Customers
17143.0,106.71874950917812,417,2,880.97,1,3,3,7,Loyal Customers
17524.0,106.66607718197342,361,3,539.14,2,3,2,7,At Risk - Low Value
15881.0,106.6535368609789,312,5,501.39000000000004,2,4,2,8,At Risk - Low Value
16307.0,106.63375519171542,429,3,1194.92,1,3,3,7,Loyal Customers
14888.0,106.6269485759164,207,1,369.2,2,1,2,5,Hibernating
17187.0,106.58390196485207,227,2,467.71,2,3,2,7,At Risk - Low Value
17476.0,106.32279999586453,396,2,489.86,2,3,2,7,At Risk - Low Value
16264.0,106.24795946208009,438,2,823.53,1,2,3,6,At Risk - Low Value
13972.0,106.2425030347253,71,2,190.25,3,2,1,6,Needs Attention
15717.0,106.2226393164171,234,5,607.0,2,4,2,8,At Risk - Low Value
15691.0,105.96235033195501,252,4,571.3,2,3,2,7,At Risk - Low Value
16647.0,105.95725265613677,170,4,541.9,3,4,2,9,Needs Attention
16428.0,105.86278576801654,414,3,638.49,1,3,3,7,Loyal Customers
13415.0,105.75170854171415,473,4,784.17,1,3,3,7,Loyal Customers
12675.0,105.71899327346988,554,2,957.25,1,2,3,6,At Risk - Low Value
18099.0,105.6051489876529,127,1,168.31,3,2,1,6,Needs Attention
18207.0,105.46356683582641,499,1,544.47,1,2,2,5,At Risk - Low Value
17106.0,105.44183891721504,389,1,481.58,2,2,2,6,At Risk - Low Value
13737.0,105.41751907605975,200,1,339.59999999999997,2,1,2,5,Hibernating
17635.0,105.38508140567747,424,3,1265.58,1,3,4,8,Loyal Customers
13684.0,105.36982606816503,286,4,594.88,2,3,2,7,At Risk - Low Value
17860.0,105.35263116073635,369,4,717.39,2,4,3,9,Loyal Customers
13121.0,105.33180299747693,269,1,283.73,2,1,1,4,Hibernating
13708.0,105.33180299747693,271,1,285.33,2,1,1,4,Hibernating
13613.0,105.30030120682713,453,5,1039.8500000000001,1,4,3,8,Loyal Customers
13859.0,105.20695841344805,326,2,515.86,2,2,2,6,At Risk - Low Value
14065.0,105.19382460626035,389,3,891.02,2,3,3,8,Loyal Customers
18056.0,105.0552080197023,288,2,554.6,2,3,2,7,At Risk - Low Value
15973.0,105.03152437485507,367,3,680.62,2,3,3,8,Loyal Customers
13887.0,104.87664217394455,204,1,349.55,2,1,2,5,Hibernating
17638.0,104.85035076611939,647,2,842.4,1,3,3,7,Loyal Customers
14986.0,104.75516847818177,376,2,563.1,2,2,2,6,At Risk - Low Value
14839.0,104.66970001166983,418,3,915.28,1,3,3,7,Loyal Customers
13996.0,104.65726597672568,386,2,895.76,2,2,3,7,At Risk - Low Value
13754.0,104.62910568534544,152,3,447.05,3,3,2,8,Needs Attention
17801.0,104.61185980972058,451,3,770.03,1,3,3,7,Loyal Customers
12440.0,104.5776520149611,462,2,859.2,1,2,3,6,At Risk - Low Value
17020.0,104.56675287016122,542,2,935.62,1,3,3,7,Loyal Customers
18078.0,104.48548904661696,217,4,725.53,2,4,3,9,Loyal Customers
13678.0,104.46526337891939,152,1,232.6,3,1,1,5,Needs Attention
18273.0,104.46133329374511,2,4,357.0,5,4,2,11,Needs Attention
15432.0,104.4419736980114,23,2,320.76,4,2,2,8,Potential Loyalists
14148.0,104.33014325174616,234,2,466.29,2,2,2,6,At Risk - Low Value
15744.0,104.27054921692917,78,1,34.8,3,1,1,5,Needs Attention
18027.0,104.09188992794658,99,1,115.31,3,2,1,6,Needs Attention
13512.0,103.99946890779857,261,4,713.39,2,3,3,8,Loyal Customers
17880.0,103.90339598897408,365,3,824.9200000000001,2,3,3,8,Loyal Customers
15200.0,103.84328415178702,495,1,549.05,1,1,2,4,Hibernating
16957.0,103.72813665288625,239,2,416.64,2,3,2,7,At Risk - Low Value
15350.0,103.69583358250458,373,2,547.6,2,2,2,6,At Risk - Low Value
15063.0,103.61215880633395,213,1,370.79999999999995,2,1,2,5,Hibernating
18050.0,103.60014994436963,359,2,412.06,2,3,2,7,At Risk - Low Value
13519.0,103.5459939105393,78,2,343.21,3,2,2,7,Needs Attention
13987.0,103.46970439691675,380,2,682.54,2,2,3,7,At Risk - Low Value
13288.0,103.38515950145178,443,5,927.61,1,4,3,8,Loyal Customers
17501.0,103.23748673181487,221,2,288.6,2,3,2,7,At Risk - Low Value
16878.0,103.23120057642737,84,1,13.3,3,2,1,6,Needs Attention
13990.0,103.09584588513577,213,1,311.3,2,1,2,5,Hibernating
13961.0,103.07317395024761,392,1,538.4,2,1,2,5,Hibernating
12968.0,102.97906770848253,112,1,135.95,3,1,1,5,Needs Attention
14615.0,102.96279993225517,394,5,951.76,2,4,3,9,Loyal Customers
14311.0,102.93813767793415,243,2,516.45,2,2,2,6,At Risk - Low Value
13820.0,102.92680377130795,418,3,652.75,1,3,3,7,Loyal Customers
12761.0,102.92097665810397,458,2,782.95,1,2,3,6,At Risk - Low Value
15600.0,102.90251183027645,428,4,1199.31,1,3,3,7,Loyal Customers
12983.0,102.86572995897878,598,1,490.08000000000004,1,1,2,4,Hibernating
13553.0,102.79439847797795,675,1,499.6,1,1,2,4,Hibernating
17110.0,102.78441119025335,165,3,499.9,3,3,2,8,Needs Attention
13970.0,102.54199428556008,386,2,846.55,2,2,3,7,At Risk - Low Value
15666.0,102.53832099835596,472,2,632.9399999999999,1,2,3,6,At Risk - Low Value
14779.0,102.53636888553675,281,3,386.15,2,3,2,7,At Risk - Low Value
18255.0,102.48924020083155,89,2,303.15,3,3,2,8,Needs Attention
13600.0,102.38607330618994,312,2,518.42,2,2,2,6,At Risk - Low Value
15794.0,102.20376824140703,736,2,777.0,1,2,3,6,At Risk - Low Value
17120.0,102.16228149442263,233,1,307.46,2,2,2,6,At Risk - Low Value
15430.0,102.12681177216419,468,2,954.75,1,2,3,6,At Risk - Low Value
14746.0,102.09163323705779,406,4,593.5,2,3,2,7,At Risk - Low Value
16677.0,102.08011224977614,411,2,880.62,1,2,3,6,At Risk - Low Value
14813.0,102.04265104618402,370,4,888.91,2,3,3,8,Loyal Customers
15087.0,101.98145647373858,282,1,306.94,2,1,2,5,Hibernating
18185.0,101.98145647373858,249,1,304.25,2,2,2,6,At Risk - Low Value
13060.0,101.98145647373858,254,1,307.53,2,1,2,5,Hibernating
15308.0,101.98145647373858,274,1,310.47,2,1,2,5,Hibernating
12834.0,101.97511859539814,283,1,312.38,2,1,2,5,Hibernating
13932.0,101.96470923705806,295,1,307.4,2,1,2,5,Hibernating
12852.0,101.95837135871764,295,1,311.55,2,1,2,5,Hibernating
14886.0,101.95541754347103,253,1,364.8,2,1,2,5,Hibernating
16509.0,101.93867030679051,297,1,363.7,2,1,2,5,Hibernating
17912.0,101.93034896188794,310,6,374.55,2,4,2,8,At Risk - Low Value
13651.0,101.89844786501247,35,3,226.85,4,3,1,8,Needs Attention
16975.0,101.86895250197642,423,3,926.12,1,3,3,7,Loyal Customers
16155.0,101.82557245380826,382,5,796.9,2,4,3,9,Loyal Customers
12998.0,101.80480965315826,493,3,920.08,1,3,3,7,Loyal Customers
13751.0,101.7861373725146,288,1,296.25,2,1,2,5,Hibernating
12881.0,101.7861373725146,276,1,298.0,2,1,2,5,Hibernating
17628.0,101.78426250848973,81,1,75.75,3,2,1,6,Needs Attention
12905.0,101.77974863502463,577,2,1018.42,1,2,3,6,At Risk - Low Value
16721.0,101.76534192916897,262,1,292.47,2,2,2,6,At Risk - Low Value
16297.0,101.76534192916897,269,1,301.9,2,1,2,5,Hibernating
17963.0,101.69584741524739,471,4,643.16,1,4,3,8,Loyal Customers
13283.0,101.66330684701839,60,4,373.36,3,3,2,8,Needs Attention
15169.0,101.50467434697529,382,2,569.22,2,2,2,6,At Risk - Low Value
14806.0,101.48266330898291,75,2,303.43,3,2,2,7,Needs Attention
12956.0,101.46377299199057,306,4,521.89,2,3,2,7,At Risk - Low Value
13333.0,101.45988626811821,411,3,1015.74,1,3,3,7,Loyal Customers
14996.0,101.45870719048042,481,2,442.28999999999996,1,2,2,5,At Risk - Low Value
16425.0,101.4486292134929,302,1,302.7,2,1,2,5,Hibernating
17325.0,101.39032882594955,280,3,609.5699999999999,2,3,3,8,Loyal Customers
14455.0,101.38182305518468,432,4,617.72,1,3,3,7,Loyal Customers
13948.0,101.3395232917084,361,4,548.76,2,3,2,7,At Risk - Low Value
13666.0,101.31061283137574,60,5,127.89999999999999,3,4,1,8,Needs Attention
14616.0,101.22072735798987,243,5,527.78,2,4,2,8,At Risk - Low Value
12614.0,101.16806418308819,278,1,315.6,2,1,2,5,Hibernating
15236.0,101.15131694640769,299,1,321.05,2,1,2,5,Hibernating
14633.0,101.11068409047076,266,1,344.90000000000003,2,1,2,5,Hibernating
18037.0,100.969121078261,154,15,167.42,3,5,1,9,Needs Attention
15138.0,100.95329430295752,394,1,502.52,2,1,2,5,Hibernating
16778.0,100.93170572664376,74,2,245.94,3,2,1,6,Needs Attention
17697.0,100.89792787370651,236,1,338.95,2,2,2,6,At Risk - Low Value
16063.0,100.89792787370651,260,1,335.32,2,1,2,5,Hibernating
15047.0,100.89792787370651,270,1,343.62,2,1,2,5,Hibernating
13776.0,100.7645998779844,428,2,623.98,1,2,3,6,At Risk - Low Value
17898.0,100.69968305752872,85,4,299.18,3,4,2,9,Needs Attention
13739.0,100.68872005951317,18,2,292.2,5,2,2,9,Potential Loyalists
13494.0,100.63523692284252,312,1,316.26000000000005,2,1,2,5,Hibernating
13216.0,100.61155243908024,268,1,333.74,2,1,2,5,Hibernating
17693.0,100.58548887662218,137,1,200.47,3,2,1,6,Needs Attention
18250.0,100.57785683022507,310,1,349.27,2,2,2,6,At Risk - Low Value
13641.0,100.5262228422236,641,5,1016.47,1,4,3,8,Loyal Customers
17928.0,100.517783541789,45,3,341.24,4,3,2,9,Needs Attention
17219.0,100.46721405003449,32,2,259.13,4,3,1,8,Needs Attention
18074.0,100.43929683272626,374,2,1019.44,2,3,3,8,Loyal Customers
16462.0,100.41946471885116,74,3,136.0,3,3,1,7,Needs Attention
15420.0,100.40174915159582,434,6,743.0,1,4,3,8,Loyal Customers
16785.0,100.2478973397734,410,1,533.78,2,2,2,6,At Risk - Low Value
13768.0,100.2377325956312,727,2,875.97,1,2,3,6,At Risk - Low Value
14747.0,100.16823053685535,249,1,328.2,2,1,2,5,Hibernating
14437.0,100.14243080553149,366,5,873.34,2,4,3,9,Loyal Customers
17660.0,100.10205033164034,141,2,342.22,3,3,2,8,Needs Attention
12350.0,100.05792973548893,310,1,334.4,2,1,2,5,Hibernating
16030.0,100.05792973548893,310,1,331.24,2,1,2,5,Hibernating
12791.0,100.04446449912075,374,6,863.51,2,4,3,9,Loyal Customers
17952.0,100.00011479664909,378,4,788.46,2,4,3,9,Loyal Customers
13108.0,99.9228424949147,373,2,748.46,2,2,3,7,At Risk - Low Value
14012.0,99.87958102139747,278,1,328.8,2,1,2,5,Hibernating
13945.0,99.84969361832786,395,2,854.15,2,2,3,7,At Risk - Low Value
18042.0,99.78431119602624,54,2,281.15,4,3,1,8,Needs Attention
12361.0,99.73662484776868,287,4,511.25,2,3,2,7,At Risk - Low Value
15617.0,99.67063261387669,396,3,828.5500000000001,2,3,3,8,Loyal Customers
12845.0,99.64218885545533,267,4,354.09,2,3,2,7,At Risk - Low Value
13891.0,99.62274907673769,378,3,859.21,2,3,3,8,Loyal Customers
14151.0,99.59599828384502,673,2,679.45,1,2,3,6,At Risk - Low Value
14008.0,99.57583038224392,432,1,509.04,1,1,2,4,Hibernating
16199.0,99.50938193244184,392,7,942.75,2,4,3,9,Loyal Customers
14319.0,99.3976755503715,424,1,494.85,1,1,2,4,Hibernating
18140.0,99.37999534198401,474,1,536.41,1,2,2,5,At Risk - Low Value
16781.0,99.30315683478214,372,2,623.0,2,2,3,7,At Risk - Low Value
13386.0,99.2964690390736,414,2,835.46,1,2,3,6,At Risk - Low Value
14169.0,99.1645528216274,431,2,621.51,1,2,3,6,At Risk - Low Value
12897.0,99.15513094360958,205,4,514.25,2,3,2,7,At Risk - Low Value
13262.0,99.14004888883495,263,3,573.45,2,3,2,7,At Risk - Low Value
14324.0,99.11616449866979,410,2,701.61,2,2,3,7,At Risk - Low Value
15784.0,99.05843896460397,468,2,848.3299999999999,1,2,3,6,At Risk - Low Value
17844.0,98.9979445043047,107,1,51.559999999999995,3,2,1,6,Needs Attention
12777.0,98.96556557670071,458,1,519.45,1,1,2,4,Hibernating
16972.0,98.93225595841218,383,2,749.0,2,3,3,8,Loyal Customers
13175.0,98.85135063186982,582,2,831.45,1,2,3,6,At Risk - Low Value
12851.0,98.77746930419126,97,2,280.76,3,2,1,6,Needs Attention
13977.0,98.70917600826466,411,1,519.8100000000001,1,1,2,4,Hibernating
13965.0,98.70180869172555,477,3,996.61,1,3,3,7,Loyal Customers
17276.0,98.61391805409339,402,1,502.49,2,2,2,6,At Risk - Low Value
16998.0,98.56880372143542,150,5,402.0,3,4,2,9,Needs Attention
13039.0,98.56415745466367,584,4,1010.73,1,3,3,7,Loyal Customers
13480.0,98.4941398482538,417,2,627.82,1,2,3,6,At Risk - Low Value
13595.0,98.45650835351566,517,3,784.48,1,3,3,7,Loyal Customers
16704.0,98.43623829494337,618,2,664.16,1,2,3,6,At Risk - Low Value
17468.0,98.35262604660441,10,3,194.8,5,3,1,9,Needs Attention
14430.0,98.33547467588652,512,3,1220.9,1,3,3,7,Loyal Customers
13130.0,98.3345095752419,94,1,64.0,3,1,1,5,Needs Attention
13367.0,98.26873294452811,432,1,510.20000000000005,1,1,2,4,Hibernating
14365.0,98.25415355503975,395,2,634.68,2,2,3,7,At Risk - Low Value
12819.0,98.24581747344592,458,1,540.52,1,1,2,4,Hibernating
15908.0,98.19990097668244,491,2,758.62,1,2,3,6,At Risk - Low Value
12376.0,98.13627479502631,390,2,503.15,2,2,2,6,At Risk - Low Value
16338.0,98.1181542199292,157,1,214.79999999999998,3,1,1,5,Needs Attention
17834.0,98.11322197158033,415,2,689.6700000000001,1,3,3,7,Loyal Customers
15361.0,98.08201702411431,362,4,689.07,2,3,3,8,Loyal Customers
16465.0,98.0570429815543,421,2,746.24,1,2,3,6,At Risk - Low Value
14473.0,98.0125744436899,74,2,234.34000000000003,3,2,1,6,Needs Attention
18243.0,97.95491895822228,414,1,515.78,1,2,2,5,At Risk - Low Value
12797.0,97.95103529619622,366,2,552.08,2,2,2,6,At Risk - Low Value
14429.0,97.90579834913947,404,1,516.28,2,1,2,5,Hibernating
13836.0,97.87898043357913,399,2,620.37,2,2,3,7,At Risk - Low Value
17003.0,97.8666232218711,402,4,828.21,2,4,3,9,Loyal Customers
14162.0,97.82103299965605,174,2,289.36,3,2,2,7,Needs Attention
17569.0,97.80352819047458,332,1,344.14,2,2,2,6,At Risk - Low Value
17023.0,97.80062352510159,417,3,800.18,1,3,3,7,Loyal Customers
13537.0,97.75251992721418,426,2,717.85,1,2,3,6,At Risk - Low Value
16231.0,97.67895568886601,379,4,1074.47,2,4,3,9,Loyal Customers
17310.0,97.60243249610804,387,2,1025.1,2,3,3,8,Loyal Customers
15362.0,97.51548028189288,449,2,613.08,1,2,3,6,At Risk - Low Value
16850.0,97.49635731250265,334,1,332.41,2,2,2,6,At Risk - Low Value
12489.0,97.49635731250265,336,1,334.93,2,1,2,5,Hibernating
12634.0,97.41535510353081,536,2,490.0,1,2,2,5,At Risk - Low Value
15541.0,97.33514491993017,114,1,85.13000000000001,3,1,1,5,Needs Attention
15137.0,97.29012969036629,521,2,823.4,1,2,3,6,At Risk - Low Value
14922.0,97.26383805655212,394,2,843.74,2,2,3,7,At Risk - Low Value
16661.0,97.24060409315304,540,4,932.76,1,4,3,8,Loyal Customers
16378.0,97.21877015090125,247,3,362.95,2,3,2,7,At Risk - Low Value
17270.0,97.20276781884935,469,2,601.4499999999999,1,3,2,6,At Risk - Low Value
16093.0,97.19789251435783,107,1,17.0,3,1,1,5,Needs Attention
13444.0,97.05591358843284,374,2,619.08,2,2,3,7,At Risk - Low Value
12696.0,97.00209425467543,435,2,851.91,1,2,3,6,At Risk - Low Value
17016.0,96.95168765205713,577,1,552.4,1,2,2,5,At Risk - Low Value
12745.0,96.87811540165332,487,3,925.41,1,3,3,7,Loyal Customers
17547.0,96.875373459246,376,2,727.85,2,3,3,8,Loyal Customers
15363.0,96.8571760059688,373,2,678.11,2,2,3,7,At Risk - Low Value
17181.0,96.83470010304772,57,3,309.85,4,3,2,9,Needs Attention
16590.0,96.76776930532013,401,2,605.9,2,2,2,6,At Risk - Low Value
18271.0,96.76076005717505,610,2,680.85,1,3,3,7,Loyal Customers
17891.0,96.75288513128517,162,1,203.85999999999999,3,2,1,6,Needs Attention
15945.0,96.55322304756494,365,4,646.27,2,4,3,9,Loyal Customers
17473.0,96.46500616431723,409,2,607.0,2,3,2,7,At Risk - Low Value
13533.0,96.3845342555474,183,3,269.09,3,3,1,7,Needs Attention
15447.0,96.35314167376971,331,5,492.88,2,4,2,8,At Risk - Low Value
13872.0,96.26785630986186,527,3,919.57,1,3,3,7,Loyal Customers
18039.0,96.24165671090658,374,4,548.22,2,4,2,8,At Risk - Low Value
13677.0,96.22339141233174,405,2,551.24,2,2,2,6,At Risk - Low Value
17795.0,96.21186022411759,180,2,342.83,3,3,2,8,Needs Attention
17622.0,96.20494614945831,598,2,1130.21,1,3,3,7,Loyal Customers
14061.0,96.10446255392898,507,3,917.4300000000001,1,3,3,7,Loyal Customers
18275.0,96.09935254730826,578,2,741.85,1,3,3,7,Loyal Customers
14115.0,96.09554167196525,502,2,622.6700000000001,1,2,3,6,At Risk - Low Value
17104.0,95.94813610318279,424,1,474.03,1,2,2,5,At Risk - Low Value
16158.0,95.87893406344206,522,9,628.32,1,5,3,9,Loyal Customers
15771.0,95.8599265335611,604,3,1006.54,1,3,3,7,Loyal Customers
17998.0,95.8280764055923,380,3,639.24,2,3,3,8,Loyal Customers
17022.0,95.80795736097829,31,2,260.0,4,3,1,8,Needs Attention
16802.0,95.77797143721408,679,2,582.61,1,2,2,5,At Risk - Low Value
13403.0,95.73425460079228,18,3,229.5,5,3,1,9,Needs Attention
17877.0,95.6244400910802,170,1,237.61,3,2,1,6,Needs Attention
12979.0,95.58307697873133,729,1,517.7,1,1,2,4,Hibernating
16675.0,95.48236846106917,442,2,608.86,1,2,2,5,At Risk - Low Value
16666.0,95.43461455488196,19,2,217.71,5,2,1,8,Needs Attention
17773.0,95.4173714474917,514,2,575.37,1,3,2,6,At Risk - Low Value
16658.0,95.40650987491989,368,6,690.83,2,4,3,9,Loyal Customers
14039.0,95.37114366590768,33,2,267.28000000000003,4,2,1,7,Needs Attention
17923.0,95.31296344420022,282,3,497.0,2,3,2,7,At Risk - Low Value
16635.0,95.30756881590543,407,1,473.0,2,1,2,5,Hibernating
12874.0,95.15365507579554,385,2,948.42,2,2,3,7,At Risk - Low Value
14771.0,95.1363954173775,621,2,594.62,1,2,2,5,At Risk - Low Value
15956.0,95.13265398194065,551,2,617.6,1,2,3,6,At Risk - Low Value
15309.0,95.12251247434126,611,4,797.96,1,3,3,7,Loyal Customers
14734.0,94.9565442418565,426,4,1056.42,1,3,3,7,Loyal Customers
13597.0,94.91178485680054,400,2,396.71,2,2,2,6,At Risk - Low Value
12888.0,94.81799820815182,214,2,354.12,2,2,2,6,At Risk - Low Value
15070.0,94.65366613174527,373,3,737.0500000000001,2,3,3,8,Loyal Customers
12525.0,94.62754019990854,498,3,973.73,1,3,3,7,Loyal Customers
15084.0,94.60709446207689,380,2,965.2,2,2,3,7,At Risk - Low Value
12554.0,94.60656449480794,449,1,468.5,1,1,2,4,Hibernating
17683.0,94.47983618577545,386,3,819.01,2,3,3,8,Loyal Customers
13729.0,94.34700557706519,436,3,724.73,1,3,3,7,Loyal Customers
13020.0,93.89886600157787,563,2,618.96,1,2,3,6,At Risk - Low Value
15313.0,93.88359807452183,110,1,52.0,3,1,1,5,Needs Attention
15055.0,93.86548624332066,475,3,549.12,1,3,2,6,At Risk - Low Value
14302.0,93.79643832198772,431,3,742.9000000000001,1,3,3,7,Loyal Customers
15408.0,93.73360943429321,264,1,267.18,2,1,1,4,Hibernating
13287.0,93.67304274199839,603,3,781.59,1,3,3,7,Loyal Customers
13559.0,93.6448034346307,513,2,990.0,1,2,3,6,At Risk - Low Value
17681.0,93.56622640994287,597,5,731.2,1,4,3,8,Loyal Customers
15517.0,93.53602482824398,233,1,267.03,2,1,1,4,Hibernating
15387.0,93.41700738380914,492,1,468.65,1,1,2,4,Hibernating
17747.0,93.28547754259492,113,1,71.4,3,2,1,6,Needs Attention
15824.0,93.24924514137437,453,2,890.94,1,2,3,6,At Risk - Low Value
16542.0,93.15368140200249,54,2,257.32,4,2,1,7,Needs Attention
13770.0,93.14737203817386,422,4,785.37,1,3,3,7,Loyal Customers
14425.0,93.03388309640611,435,3,661.39,1,3,3,7,Loyal Customers
12575.0,92.8352379711942,457,2,622.8199999999999,1,2,3,6,At Risk - Low Value
14563.0,92.69054529464873,510,2,640.54,1,2,3,6,At Risk - Low Value
16254.0,92.65187787197014,378,3,967.44,2,3,3,8,Loyal Customers
12732.0,92.55509524857679,180,1,236.26000000000002,3,1,1,5,Needs Attention
14260.0,92.51711219484312,471,3,824.28,1,3,3,7,Loyal Customers
14230.0,92.3778653149324,436,3,979.8000000000001,1,3,3,7,Loyal Customers
17601.0,92.30896570849013,239,2,413.08,2,3,2,7,At Risk - Low Value
14398.0,92.27201617268445,401,2,707.79,2,2,3,7,At Risk - Low Value
14917.0,92.17147516411143,597,2,1123.75,1,2,3,6,At Risk - Low Value
13585.0,92.11778556634748,531,3,684.54,1,3,3,7,Loyal Customers
16565.0,92.07238770869353,364,4,773.05,2,4,3,9,Loyal Customers
14729.0,92.05357851799683,374,3,586.24,2,3,2,7,At Risk - Low Value
15746.0,92.0497448006142,134,1,196.88,3,1,1,5,Needs Attention
16832.0,92.02252277977573,184,5,417.61,3,4,2,9,Needs Attention
15577.0,91.96320303931778,151,5,396.03000000000003,3,4,2,9,Needs Attention
13785.0,91.89169785686869,429,4,542.49,1,3,2,6,At Risk - Low Value
13713.0,91.58460559633912,408,3,740.76,2,3,3,8,Loyal Customers
14942.0,91.57432126824547,402,4,746.56,2,3,3,8,Loyal Customers
16679.0,91.54967220744194,366,3,663.31,2,3,3,8,Loyal Customers
13921.0,91.43141458747657,402,4,730.7,2,3,3,8,Loyal Customers
12353.0,91.41653343033676,204,2,406.76,2,2,2,6,At Risk - Low Value
12800.0,91.35921724900757,470,3,584.25,1,3,2,6,At Risk - Low Value
14558.0,91.32298476388227,654,3,655.5,1,3,3,7,Loyal Customers
15213.0,91.24216062069482,319,2,328.35,2,2,2,6,At Risk - Low Value
15180.0,91.15318744186222,367,3,816.9300000000001,2,3,3,8,Loyal Customers
16021.0,90.91702916985705,395,2,487.03,2,2,2,6,At Risk - Low Value
15423.0,90.76460098809645,38,3,266.89,4,3,1,8,Needs Attention
14865.0,90.7589608411882,7,4,92.52000000000001,5,3,1,9,Needs Attention
13703.0,90.65742818015204,318,2,425.56,2,2,2,6,At Risk - Low Value
14355.0,90.60759081141781,366,3,840.0500000000001,2,3,3,8,Loyal Customers
14495.0,90.29275172410425,51,3,174.8,4,3,1,8,Needs Attention
18072.0,90.18675410817787,186,1,247.44,3,2,1,6,Needs Attention
15728.0,90.16201404493631,380,2,544.6,2,2,2,6,At Risk - Low Value
16568.0,89.91932820741646,428,2,1020.9000000000001,1,2,3,6,At Risk - Low Value
13227.0,89.81694635299291,202,1,257.7,2,1,1,4,Hibernating
16862.0,89.71111551759093,547,4,662.33,1,4,3,8,Loyal Customers
15715.0,89.67252712037221,556,5,658.02,1,4,3,8,Loyal Customers
16048.0,89.56693456975532,373,4,818.7900000000001,2,4,3,9,Loyal Customers
15792.0,89.51992938751395,400,2,933.84,2,2,3,7,At Risk - Low Value
13540.0,89.50275049224088,467,3,632.39,1,3,3,7,Loyal Customers
15268.0,89.48234602461285,479,3,961.9000000000001,1,3,3,7,Loyal Customers
14228.0,89.45037692027203,438,3,745.5,1,3,3,7,Loyal Customers
17901.0,89.44586811264242,29,3,260.08,4,3,1,8,Needs Attention
17825.0,89.44235529440509,599,4,701.96,1,4,3,8,Loyal Customers
18244.0,89.3954021514183,431,2,568.64,1,3,2,6,At Risk - Low Value
15887.0,89.23642509147136,407,3,1027.15,2,3,3,8,Loyal Customers
13433.0,89.22039274152698,501,4,658.3199999999999,1,3,3,7,Loyal Customers
14142.0,89.18547062576185,373,2,671.34,2,2,3,7,At Risk - Low Value
15191.0,88.95124644628112,463,3,588.05,1,3,2,6,At Risk - Low Value
15119.0,88.92231443038192,246,1,266.4,2,1,1,4,Hibernating
17339.0,88.85078408635513,94,3,302.36,3,3,2,8,Needs Attention
12386.0,88.83926494744732,338,2,401.9,2,2,2,6,At Risk - Low Value
15207.0,88.80691187015042,416,3,683.9200000000001,1,3,3,7,Loyal Customers
14436.0,88.7479247328491,99,2,271.70000000000005,3,2,1,6,Needs Attention
13973.0,88.63366491492405,287,1,264.7,2,1,1,4,Hibernating
16130.0,88.5883007270851,422,4,987.48,1,4,3,8,Loyal Customers
17294.0,88.52366998885383,669,2,467.78999999999996,1,3,2,6,At Risk - Low Value
14940.0,88.44215418439514,418,2,531.49,1,2,2,5,At Risk - Low Value
16138.0,88.19808178468377,379,3,910.35,2,3,3,8,Loyal Customers
15546.0,88.17638868804066,607,2,1079.1000000000001,1,2,3,6,At Risk - Low Value
15603.0,88.14430082381958,79,2,88.48,3,2,1,6,Needs Attention
13465.0,88.07186338220495,446,2,931.12,1,2,3,6,At Risk - Low Value
17303.0,88.0221673073254,361,1,250.04,2,2,1,5,At Risk - Low Value
17171.0,87.94973643140156,289,2,384.59,2,3,2,7,At Risk - Low Value
15080.0,87.93587881460566,428,2,546.25,1,2,2,5,At Risk - Low Value
16356.0,87.92328008141497,198,6,415.87,2,4,2,8,At Risk - Low Value
17209.0,87.83541486389025,649,3,595.7,1,3,2,6,At Risk - Low Value
12880.0,87.70543350296947,382,2,640.13,2,2,3,7,At Risk - Low Value
16935.0,87.29452388199996,382,3,530.86,2,3,2,7,At Risk - Low Value
12810.0,87.29091940295605,535,2,534.99,1,2,2,5,At Risk - Low Value
14372.0,87.14903718078209,443,2,860.08,1,2,3,6,At Risk - Low Value
18141.0,87.1411904174263,402,2,882.47,2,3,3,8,Loyal Customers
12419.0,87.07573525115446,386,2,503.01,2,2,2,6,At Risk - Low Value
13307.0,87.05453967895015,120,3,273.34,3,3,1,7,Needs Attention
14100.0,87.04406333087209,138,1,191.95000000000002,3,1,1,5,Needs Attention
17380.0,87.00076525269134,434,3,645.0,1,3,3,7,Loyal Customers
13041.0,86.99799657587258,451,4,799.13,1,3,3,7,Loyal Customers
17482.0,86.98382979044166,487,2,775.64,1,3,3,7,Loyal Customers
12632.0,86.9471114676766,521,2,804.88,1,2,3,6,At Risk - Low Value
17718.0,86.8341876106651,232,2,439.18,2,3,2,7,At Risk - Low Value
15880.0,86.81583682584059,369,1,329.03000000000003,2,1,2,5,Hibernating
12443.0,86.75225964312362,732,1,485.31,1,1,2,4,Hibernating
17335.0,86.66146741592927,384,2,497.04,2,3,2,7,At Risk - Low Value
13190.0,86.64503188187308,544,3,570.66,1,3,2,6,At Risk - Low Value
13541.0,86.61876426710414,427,2,785.25,1,2,3,6,At Risk - Low Value
15627.0,86.4970698507543,457,2,566.9,1,2,2,5,At Risk - Low Value
12547.0,86.42520638135201,198,3,383.58,2,3,2,7,At Risk - Low Value
13686.0,86.377781653401,183,3,409.04,3,3,2,8,Needs Attention
13718.0,86.30331603884811,246,2,306.55,2,2,2,6,At Risk - Low Value
12831.0,86.19205240139934,262,3,451.11,2,3,2,7,At Risk - Low Value
12974.0,86.174534097828,198,2,408.95,2,2,2,6,At Risk - Low Value
14627.0,86.02756469023105,379,1,462.75,2,1,2,5,Hibernating
17745.0,85.77795246781996,478,2,600.34,1,3,2,6,At Risk - Low Value
14202.0,85.59303529432464,381,3,847.76,2,3,3,8,Loyal Customers
16075.0,85.52258658902338,503,2,736.9300000000001,1,2,3,6,At Risk - Low Value
15959.0,85.50435790000347,682,3,542.89,1,3,2,6,At Risk - Low Value
18013.0,85.46144433360871,155,2,187.29,3,3,1,7,Needs Attention
15019.0,85.43934387891899,267,1,252.81,2,1,1,4,Hibernating
14727.0,85.21603654980059,274,3,463.72999999999996,2,3,2,7,At Risk - Low Value
17005.0,85.11705156629993,471,2,622.36,1,3,3,7,Loyal Customers
16472.0,84.91445728191079,434,2,789.6,1,2,3,6,At Risk - Low Value
15842.0,84.71988476236811,393,2,548.8,2,2,2,6,At Risk - Low Value
13992.0,84.69640537848896,30,3,219.5,4,3,1,8,Needs Attention
13406.0,84.67932600605269,427,2,568.92,1,2,2,5,At Risk - Low Value
17662.0,84.62607936772302,662,2,412.92,1,3,2,6,At Risk - Low Value
14026.0,84.51950790129099,471,2,713.11,1,2,3,6,At Risk - Low Value
14807.0,84.2604284752235,391,2,504.14,2,2,2,6,At Risk - Low Value
16976.0,84.24773471008085,267,1,251.51999999999998,2,2,1,5,At Risk - Low Value
16897.0,84.22678627887136,299,2,289.78,2,3,2,7,At Risk - Low Value
17094.0,84.16120401341533,322,2,402.20000000000005,2,3,2,7,At Risk - Low Value
16148.0,84.10241685628236,296,2,386.62,2,2,2,6,At Risk - Low Value
12907.0,84.07988679267102,396,2,508.91,2,2,2,6,At Risk - Low Value
18047.0,83.9761267465777,381,2,326.09,2,3,2,7,At Risk - Low Value
13795.0,83.86045488279308,388,4,836.3,2,3,3,8,Loyal Customers
15890.0,83.7143960261931,395,5,535.65,2,4,2,8,At Risk - Low Value
16217.0,83.70344075582997,235,2,304.25,2,2,2,6,At Risk - Low Value
12672.0,83.70289845455974,330,2,437.05,2,2,2,6,At Risk - Low Value
13472.0,83.64986161659638,464,2,592.24,1,2,2,5,At Risk - Low Value
16132.0,83.61915442790414,544,2,664.1999999999999,1,2,3,6,At Risk - Low Value
15331.0,83.4721176881036,500,3,767.91,1,3,3,7,Loyal Customers
18083.0,83.44610498382626,398,1,463.53,2,2,2,6,At Risk - Low Value
14283.0,83.39204624135122,463,4,628.4399999999999,1,3,3,7,Loyal Customers
18247.0,83.33765027252284,415,3,839.73,1,3,3,7,Loyal Customers
16421.0,83.27916965444884,376,3,526.27,2,3,2,7,At Risk - Low Value
13218.0,83.22764808529806,127,1,62.63999999999999,3,1,1,5,Needs Attention
14872.0,83.12082617093289,484,3,816.6,1,3,3,7,Loyal Customers
14076.0,82.97256964178187,129,1,118.67,3,1,1,5,Needs Attention
13412.0,82.96425641344419,620,1,487.34999999999997,1,1,2,4,Hibernating
14611.0,82.94335591720406,444,2,604.3299999999999,1,2,2,5,At Risk - Low Value
16576.0,82.81943798538647,420,2,540.87,1,2,2,5,At Risk - Low Value
12366.0,82.80478512160968,634,1,500.24,1,1,2,4,Hibernating
16112.0,82.74901891508517,143,4,195.73999999999998,3,4,1,8,Needs Attention
16498.0,82.74176011298897,161,2,100.97,3,2,1,6,Needs Attention
13369.0,82.49101423359762,366,1,308.28000000000003,2,1,2,5,Hibernating
16454.0,82.32455215274165,45,4,30.950000000000003,4,4,1,9,Needs Attention
18227.0,82.11127748567962,218,2,388.75,2,3,2,7,At Risk - Low Value
18049.0,82.04903304650455,437,2,500.92,1,3,2,6,At Risk - Low Value
15961.0,81.82493009112163,379,1,451.28999999999996,2,1,2,5,Hibernating
18031.0,81.82493009112163,379,1,451.3,2,2,2,6,At Risk - Low Value
14949.0,81.80618829861221,469,4,515.0,1,3,2,6,At Risk - Low Value
14809.0,81.71709592327825,621,2,686.76,1,2,3,6,At Risk - Low Value
14767.0,81.67980555817589,474,1,382.81,1,1,2,4,Hibernating
17563.0,81.67225751660233,578,2,392.38,1,3,2,6,At Risk - Low Value
17789.0,81.65181363288096,281,2,397.15,2,3,2,7,At Risk - Low Value
14242.0,81.62181469875689,235,2,280.55,2,2,1,5,At Risk - Low Value
14762.0,81.59754849788273,264,2,417.57,2,2,2,6,At Risk - Low Value
16844.0,81.43417954879975,563,2,614.34,1,3,3,7,Loyal Customers
17098.0,81.38575882726074,382,3,591.0699999999999,2,3,2,7,At Risk - Low Value
15437.0,81.25496764155189,262,2,393.45,2,2,2,6,At Risk - Low Value
13002.0,81.22727923017324,318,3,414.13,2,3,2,7,At Risk - Low Value
14314.0,81.22653925671209,107,2,229.8,3,2,1,6,Needs Attention
17413.0,81.20755243583609,405,2,560.14,2,3,2,7,At Risk - Low Value
15897.0,81.17635799105305,194,2,208.59,2,2,1,5,At Risk - Low Value
15155.0,81.02537918760862,383,1,383.96999999999997,2,1,2,5,Hibernating
14182.0,80.99891808042243,444,4,678.77,1,3,3,7,Loyal Customers
15102.0,80.87236997000453,531,2,554.67,1,2,2,5,At Risk - Low Value
15183.0,80.80387924723338,548,3,639.93,1,3,3,7,Loyal Customers
13252.0,80.78731165199162,394,2,399.3,2,2,2,6,At Risk - Low Value
15460.0,80.78261916844615,354,1,214.26,2,1,1,4,Hibernating
17845.0,80.68242401595116,555,4,596.09,1,4,2,7,At Risk - Low Value
13057.0,80.65403047434239,530,3,709.59,1,3,3,7,Loyal Customers
13624.0,80.65208563286325,388,1,462.08,2,1,2,5,Hibernating
14985.0,80.52564210399731,198,2,292.01,2,2,2,6,At Risk - Low Value
13123.0,80.42452347715869,473,2,506.75,1,2,2,5,At Risk - Low Value
16060.0,80.3522584384446,401,3,541.95,2,3,2,7,At Risk - Low Value
15457.0,80.29010904608562,262,1,237.07,2,1,1,4,Hibernating
18213.0,80.20310471626458,237,1,232.48000000000002,2,2,1,5,At Risk - Low Value
13570.0,79.99674569006295,243,1,239.49,2,1,1,4,Hibernating
18174.0,79.98719214721683,7,2,162.5,5,3,1,9,Needs Attention
18284.0,79.76891081625544,432,1,461.68,1,2,2,5,At Risk - Low Value
15278.0,79.71940800872827,562,4,496.15999999999997,1,3,2,6,At Risk - Low Value
15041.0,79.64187962363853,170,2,289.4,3,2,2,7,Needs Attention
14586.0,79.5362335064924,277,1,237.36,2,1,1,4,Hibernating
13420.0,79.36353339977116,150,2,159.85,3,2,1,6,Needs Attention
15510.0,79.32755515775447,331,1,250.0,2,1,1,4,Hibernating
15438.0,79.3242658309217,131,1,156.57999999999998,3,1,1,5,Needs Attention
15925.0,79.25845674390901,194,1,207.15,2,1,1,4,Hibernating
17060.0,79.22966618378229,266,1,234.24,2,2,1,5,At Risk - Low Value
16552.0,79.19785654578362,243,2,379.73,2,2,2,6,At Risk - Low Value
13024.0,79.12754393596505,471,2,555.87,1,2,2,5,At Risk - Low Value
12561.0,78.86906928049245,303,1,238.85,2,1,1,4,Hibernating
16315.0,78.86054838307345,331,2,402.71,2,2,2,6,At Risk - Low Value
13605.0,78.8449736320556,387,2,522.67,2,2,2,6,At Risk - Low Value
17996.0,78.7819452046077,380,3,482.33,2,3,2,7,At Risk - Low Value
12651.0,78.6046371621234,335,4,377.75,2,3,2,7,At Risk - Low Value
15280.0,78.53780327319097,172,3,397.52,3,3,2,8,Needs Attention
14118.0,78.47857000443173,429,1,458.45,1,1,2,4,Hibernating
14328.0,78.266997504984,438,1,445.05,1,1,2,4,Hibernating
16069.0,77.83800271715437,418,1,457.7,1,1,2,4,Hibernating
15374.0,77.6522346603055,129,2,307.32,3,2,2,7,Needs Attention
12864.0,77.57193943523498,138,2,299.57,3,2,2,7,Needs Attention
14491.0,77.5232021191456,175,2,340.93,3,2,2,7,Needs Attention
15650.0,77.19263970488528,522,2,553.88,1,2,2,5,At Risk - Low Value
16707.0,77.01234165532655,400,4,533.41,2,4,2,8,At Risk - Low Value
13584.0,76.65287320681539,307,3,385.7,2,3,2,7,At Risk - Low Value
15528.0,76.62378329421036,254,1,229.33,2,1,1,4,Hibernating
13998.0,76.6018632300757,447,3,566.7,1,3,2,6,At Risk - Low Value
16587.0,76.53295913672886,232,1,225.15,2,1,1,4,Hibernating
15262.0,76.47770306266925,324,3,418.82,2,3,2,7,At Risk - Low Value
17619.0,76.41805380655005,312,1,214.37,2,2,1,5,At Risk - Low Value
18048.0,76.4153393325479,203,3,394.93,2,3,2,7,At Risk - Low Value
18146.0,76.41048783989321,141,2,160.35000000000002,3,3,1,7,Needs Attention
13733.0,76.25031405283619,411,2,487.03000000000003,1,2,2,5,At Risk - Low Value
15554.0,76.12609886786782,278,1,217.2,2,1,1,4,Hibernating
16355.0,76.01189701883358,375,1,416.35,2,1,2,5,Hibernating
16050.0,75.82012525748617,174,3,300.7,3,3,2,8,Needs Attention
13086.0,75.69115639662273,383,1,439.33000000000004,2,1,2,5,Hibernating
16913.0,75.67695150286822,290,3,423.90999999999997,2,3,2,7,At Risk - Low Value
13672.0,75.48248244414712,301,3,419.92,2,3,2,7,At Risk - Low Value
17887.0,75.47764732591114,129,1,111.35,3,2,1,6,Needs Attention
18114.0,75.29812761741968,290,1,220.1,2,2,1,5,At Risk - Low Value
17440.0,75.01118282268398,157,4,323.58,3,4,2,9,Needs Attention
12542.0,74.96732568664416,484,2,481.88,1,2,2,5,At Risk - Low Value
14962.0,74.94014655221075,271,4,366.91,2,3,2,7,At Risk - Low Value
14058.0,74.6569014195712,463,2,469.19,1,2,2,5,At Risk - Low Value
14238.0,74.58153508353746,326,3,434.23,2,3,2,7,At Risk - Low Value
12574.0,74.57053209821377,316,1,218.45,2,1,1,4,Hibernating
14082.0,74.4353840462263,365,2,413.36,2,2,2,6,At Risk - Low Value
12958.0,74.03359157012783,400,2,467.34,2,2,2,6,At Risk - Low Value
13738.0,73.99097850975103,396,1,434.78000000000003,2,1,2,5,Hibernating
14840.0,73.8272150725816,268,2,362.71,2,2,2,6,At Risk - Low Value
16006.0,73.66902430934947,211,2,332.82,2,2,2,6,At Risk - Low Value
12736.0,73.66485266104841,333,1,234.0,2,1,1,4,Hibernating
13096.0,73.66418036492223,394,1,419.70000000000005,2,1,2,5,Hibernating
14322.0,73.6403802488604,429,4,474.1,1,3,2,6,At Risk - Low Value
13966.0,73.53738956983831,435,1,384.26,1,1,2,4,Hibernating
12825.0,73.34344938610653,521,2,518.63,1,2,2,5,At Risk - Low Value
15895.0,72.93125934479303,150,1,179.17,3,1,1,5,Needs Attention
16095.0,72.76933405982253,456,1,447.05,1,1,2,4,Hibernating
14369.0,72.67362410024086,642,2,469.13,1,2,2,5,At Risk - Low Value
16870.0,72.6279885188157,469,1,450.15999999999997,1,2,2,5,At Risk - Low Value
16457.0,72.518041013891,218,1,208.36,2,1,1,4,Hibernating
17670.0,72.30607127148902,228,1,205.7,2,2,1,5,At Risk - Low Value
12829.0,72.21045897809643,337,3,385.3,2,3,2,7,At Risk - Low Value
17598.0,72.11488051297515,381,1,409.98,2,2,2,6,At Risk - Low Value
14237.0,71.98399244902069,373,2,471.14,2,2,2,6,At Risk - Low Value
17536.0,71.9262369377245,177,3,364.83,3,3,2,8,Needs Attention
14964.0,71.89727630557408,247,1,206.21,2,1,1,4,Hibernating
12943.0,71.80952436282041,558,2,496.5,1,2,2,5,At Risk - Low Value
17781.0,71.79269535909796,159,2,188.02,3,3,1,7,Needs Attention
17394.0,71.78845245635463,219,1,203.86999999999998,2,2,1,5,At Risk - Low Value
14697.0,71.7502120584094,218,2,188.60999999999999,2,2,1,5,At Risk - Low Value
16390.0,71.72648785469464,537,3,467.5,1,3,2,6,At Risk - Low Value
16965.0,71.66742154754175,227,1,201.19,2,2,1,5,At Risk - Low Value
16402.0,71.66564851739984,265,2,293.45,2,2,2,6,At Risk - Low Value
17408.0,71.66092603230116,163,3,316.09000000000003,3,3,2,8,Needs Attention
14575.0,71.5830731719382,488,1,420.22,1,1,2,4,Hibernating
15960.0,71.21716709664032,374,4,410.95,2,4,2,8,At Risk - Low Value
15512.0,71.15367738956667,156,4,331.58,3,3,2,8,Needs Attention
14010.0,71.10846825794731,565,2,445.15,1,2,2,5,At Risk - Low Value
15052.0,71.09460272433374,319,1,207.73000000000002,2,1,1,4,Hibernating
17823.0,71.08561478633247,421,2,449.25,1,3,2,6,At Risk - Low Value
15319.0,70.94496896749708,284,1,204.5,2,1,1,4,Hibernating
15703.0,70.92557812770218,265,1,211.5,2,1,1,4,Hibernating
16977.0,70.80887536014569,395,4,496.0,2,4,2,8,At Risk - Low Value
13826.0,70.8042419444328,176,1,189.5,3,1,1,5,Needs Attention
16448.0,70.77444788431053,198,2,361.12,2,2,2,6,At Risk - Low Value
14353.0,70.73021823656451,215,3,376.5,2,3,2,7,At Risk - Low Value
13837.0,70.3087808352989,212,2,266.59000000000003,2,2,1,5,At Risk - Low Value
17903.0,70.22077421000809,394,1,381.09000000000003,2,2,2,6,At Risk - Low Value
15724.0,69.89929624608212,201,3,310.85,2,3,2,7,At Risk - Low Value
15820.0,69.76607668620456,320,1,206.98,2,1,1,4,Hibernating
16799.0,69.71547703971575,432,2,452.78000000000003,1,2,2,5,At Risk - Low Value
14981.0,69.7133920606858,246,2,372.92,2,2,2,6,At Risk - Low Value
15968.0,69.43159273156347,388,1,404.55,2,1,2,5,Hibernating
14599.0,69.38980703248568,390,2,457.89,2,2,2,6,At Risk - Low Value
17900.0,69.20830527568496,190,2,112.19999999999999,2,3,1,6,At Risk - Low Value
14241.0,69.16724468579015,184,2,333.70000000000005,3,2,2,7,Needs Attention
14846.0,68.94395143341568,427,1,437.4,1,1,2,4,Hibernating
17843.0,68.91351647410117,303,2,320.4,2,3,2,7,At Risk - Low Value
17687.0,68.87811900857507,421,1,432.68,1,2,2,5,At Risk - Low Value
15859.0,68.87811900857507,432,1,438.46,1,1,2,4,Hibernating
17278.0,68.49780368974147,241,2,271.24,2,3,1,6,At Risk - Low Value
16990.0,68.30829578428445,219,2,344.0,2,3,2,7,At Risk - Low Value
12608.0,68.05503887114422,405,1,415.79,2,1,2,5,Hibernating
17740.0,67.86098416820951,389,6,426.9,2,4,2,8,At Risk - Low Value
15909.0,67.77646511952004,174,1,191.94,3,1,1,5,Needs Attention
14782.0,67.72640304030377,320,1,200.10000000000002,2,1,1,4,Hibernating
17245.0,67.51765902522024,205,2,371.63,2,3,2,7,At Risk - Low Value
17556.0,67.4989737019158,206,2,300.67,2,3,2,7,At Risk - Low Value
17804.0,67.39961713853987,376,3,383.78000000000003,2,3,2,7,At Risk - Low Value
18089.0,67.11607539670567,447,1,428.45,1,2,2,5,At Risk - Low Value
12788.0,67.01886568432974,463,4,444.9,1,3,2,6,At Risk - Low Value
16323.0,66.83721959292266,196,2,353.66,2,2,2,6,At Risk - Low Value
13568.0,66.75477990210199,173,1,187.05,3,1,1,5,Needs Attention
17976.0,66.74096654235865,372,1,321.79,2,2,2,6,At Risk - Low Value
13574.0,66.70784907104252,411,1,404.45,1,1,2,4,Hibernating
14501.0,66.6386982647206,184,2,251.21,3,2,1,6,Needs Attention
15966.0,66.59207485395122,451,1,426.53000000000003,1,1,2,4,Hibernating
13413.0,66.45482183370703,640,6,429.44,1,4,2,7,At Risk - Low Value
16078.0,66.39147980408576,284,2,362.99,2,2,2,6,At Risk - Low Value
13080.0,66.32586930959013,179,4,280.73,3,3,1,7,Needs Attention
13284.0,66.14693179082681,331,1,201.19,2,1,1,4,Hibernating
17753.0,66.12652733813945,464,4,382.06,1,4,2,7,At Risk - Low Value
17643.0,65.65413608985543,373,2,439.7,2,3,2,7,At Risk - Low Value
13226.0,65.39026519985396,273,2,312.46,2,2,2,6,At Risk - Low Value
14483.0,64.86994412091508,282,2,257.1,2,2,1,5,At Risk - Low Value
17899.0,64.78316573523713,159,1,154.55,3,2,1,6,Needs Attention
13581.0,64.53971565952688,309,2,280.53000000000003,2,2,1,5,At Risk - Low Value
16481.0,64.50470499167272,682,1,453.38,1,1,2,4,Hibernating
15412.0,64.38910541570424,171,1,190.53,3,1,1,5,Needs Attention
15007.0,64.03732225235616,159,1,156.91,3,1,1,5,Needs Attention
14143.0,63.89408667193668,134,1,115.8,3,1,1,5,Needs Attention
18100.0,63.881860852028886,550,1,451.56,1,2,2,5,At Risk - Low Value
15042.0,63.8726698681969,199,2,315.45,2,2,2,6,At Risk - Low Value
17946.0,63.822404741544545,233,2,149.57999999999998,2,3,1,6,At Risk - Low Value
13346.0,63.64669852526696,463,6,299.4,1,4,2,7,At Risk - Low Value
18201.0,63.457399114553944,723,1,447.53000000000003,1,2,2,5,At Risk - Low Value
16827.0,63.45496066715179,393,5,392.13,2,4,2,8,At Risk - Low Value
16427.0,63.35839269530809,263,2,241.06,2,2,1,5,At Risk - Low Value
14259.0,63.30178118217937,142,1,120.0,3,1,1,5,Needs Attention
15234.0,63.171713485017854,277,1,197.0,2,1,1,4,Hibernating
17542.0,63.05873361209356,270,3,340.85,2,3,2,7,At Risk - Low Value
14117.0,62.9537128674071,144,1,90.0,3,1,1,5,Needs Attention
13482.0,62.770664972693474,232,2,336.09,2,2,2,6,At Risk - Low Value
12973.0,62.7327437608351,414,1,385.55,1,1,2,4,Hibernating
13508.0,62.61753177178673,244,2,287.05,2,2,2,6,At Risk - Low Value
14476.0,62.584955764387544,257,1,193.0,2,1,1,4,Hibernating
13807.0,62.43452591944121,367,3,422.2,2,3,2,7,At Risk - Low Value
12889.0,62.37050674632571,381,4,385.46000000000004,2,3,2,7,At Risk - Low Value
12459.0,62.13545998621672,605,1,454.36,1,1,2,4,Hibernating
13964.0,62.052448494071676,387,2,438.9,2,2,2,6,At Risk - Low Value
15135.0,61.91228725916877,239,2,305.68,2,2,2,6,At Risk - Low Value
13187.0,61.91114896932614,337,4,341.36,2,3,2,7,At Risk - Low Value
15670.0,61.747190817226475,297,2,325.2,2,2,2,6,At Risk - Low Value
14197.0,61.7124498546041,411,1,390.05,1,1,2,4,Hibernating
17393.0,61.62307753138774,411,2,381.15,1,3,2,6,At Risk - Low Value
15709.0,61.42505378121931,284,2,327.85,2,2,2,6,At Risk - Low Value
15869.0,61.254677688731924,277,3,321.11,2,3,2,7,At Risk - Low Value
15503.0,61.242491040587645,363,2,257.3,2,2,1,5,At Risk - Low Value
17699.0,61.23792134793725,477,2,442.0,1,3,2,6,At Risk - Low Value
17991.0,61.19140845143158,225,3,300.3,2,3,2,7,At Risk - Low Value
13432.0,61.15662555163177,571,2,439.1,1,2,2,5,At Risk - Low Value
15445.0,61.10484303007973,264,2,284.5,2,2,1,5,At Risk - Low Value
16757.0,60.975236447901175,319,2,270.48,2,2,1,5,At Risk - Low Value
16783.0,60.9751237517953,437,1,391.95,1,2,2,5,At Risk - Low Value
13646.0,60.764376837160754,400,2,326.25,2,2,2,6,At Risk - Low Value
17617.0,60.55196918581749,559,1,385.19,1,2,2,5,At Risk - Low Value
15418.0,60.107086531376176,425,2,449.42,1,2,2,5,At Risk - Low Value
18134.0,60.0756958628326,598,2,445.0,1,3,2,6,At Risk - Low Value
12665.0,60.06782811163842,325,3,313.6,2,3,2,7,At Risk - Low Value
14296.0,59.87243347499077,421,2,456.40000000000003,1,2,2,5,At Risk - Low Value
15894.0,59.76368503630463,253,2,258.25,2,2,1,5,At Risk - Low Value
14185.0,59.64382540222586,331,1,197.65,2,1,1,4,Hibernating
15454.0,59.55168287997274,362,2,305.99,2,2,2,6,At Risk - Low Value
12551.0,59.4115166491902,358,1,168.0,2,1,1,4,Hibernating
15037.0,59.29953931062122,376,2,397.76,2,2,2,6,At Risk - Low Value
17103.0,59.26768333028113,722,1,424.3,1,2,2,5,At Risk - Low Value
16541.0,59.16767868749506,735,1,424.03,1,1,2,4,Hibernating
15578.0,59.09755750508179,162,1,127.1,3,1,1,5,Needs Attention
17807.0,59.04212472952773,395,3,437.87,2,3,2,7,At Risk - Low Value
16522.0,58.963007352875465,436,2,433.36,1,2,2,5,At Risk - Low Value
16137.0,58.961740492937146,680,1,422.7,1,1,2,4,Hibernating
14042.0,58.92607810943482,725,1,431.98,1,1,2,4,Hibernating
14123.0,58.92607810943482,733,1,436.18,1,1,2,4,Hibernating
17178.0,58.92607810943482,731,1,432.96,1,2,2,5,At Risk - Low Value
15915.0,58.87541385657509,402,1,364.45,2,1,2,5,Hibernating
16039.0,58.87429497609463,424,2,456.4,1,2,2,5,At Risk - Low Value
14011.0,58.74885115755034,480,2,457.82,1,2,2,5,At Risk - Low Value
17939.0,58.733621818975806,160,1,99.14,3,2,1,6,Needs Attention
16274.0,58.68038287166976,373,1,351.75,2,1,2,5,Hibernating
18285.0,58.66965556306465,661,1,427.0,1,2,2,5,At Risk - Low Value
15922.0,58.63992613599031,373,1,369.5,2,1,2,5,Hibernating
14979.0,58.603823138224044,735,1,429.66,1,1,2,4,Hibernating
16304.0,58.5719703863022,695,1,381.66,1,1,2,4,Hibernating
16310.0,58.416711095737035,414,2,460.08,1,2,2,5,At Risk - Low Value
17168.0,58.04325278107477,499,1,400.2,1,2,2,5,At Risk - Low Value
13698.0,58.03524504559408,597,2,451.73,1,2,2,5,At Risk - Low Value
18011.0,57.89199027674263,373,2,410.79,2,3,2,7,At Risk - Low Value
15217.0,57.67122132921939,563,1,426.24,1,1,2,4,Hibernating
13957.0,57.5635185720143,418,3,458.25,1,3,2,6,At Risk - Low Value
13073.0,57.5477582204832,411,2,418.08,1,2,2,5,At Risk - Low Value
17067.0,57.34824760408299,725,3,454.54,1,3,2,6,At Risk - Low Value
18152.0,57.26594594855518,646,1,426.69,1,2,2,5,At Risk - Low Value
15126.0,57.14070853787273,537,2,449.49,1,2,2,5,At Risk - Low Value
15501.0,57.0231443939987,405,2,399.95,2,2,2,6,At Risk - Low Value
14373.0,56.688350958291096,358,1,76.55,2,1,1,4,Hibernating
15359.0,56.68046957634585,663,8,181.35,1,4,1,6,At Risk - Low Value
16868.0,56.59416602798142,394,3,384.56,2,3,2,7,At Risk - Low Value
17729.0,56.556833103978825,596,1,438.65000000000003,1,2,2,5,At Risk - Low Value
15613.0,56.556833103978825,610,1,433.71999999999997,1,1,2,4,Hibernating
18029.0,56.556833103978825,642,1,433.77,1,2,2,5,At Risk - Low Value
13618.0,56.284122520100546,174,1,177.34,3,1,1,5,Needs Attention
17842.0,56.234578132768036,602,1,430.69,1,2,2,5,At Risk - Low Value
15446.0,56.15590019765694,377,3,399.75,2,3,2,7,At Risk - Low Value
18004.0,56.095493585886835,362,1,157.92,2,2,1,5,At Risk - Low Value
15011.0,55.9196704864759,396,2,416.6,2,2,2,6,At Risk - Low Value
13374.0,55.86006318499492,415,2,422.8,1,2,2,5,At Risk - Low Value
17355.0,55.51338441099599,386,1,273.31,2,2,1,5,At Risk - Low Value
14957.0,55.50369869869732,253,2,261.69,2,2,1,5,At Risk - Low Value
16194.0,55.39175852630924,375,1,308.59999999999997,2,1,2,5,Hibernating
14358.0,55.26621425486615,389,2,400.06,2,2,2,6,At Risk - Low Value
17879.0,55.231761166355405,174,1,178.51999999999998,3,2,1,6,Needs Attention
16166.0,55.20588019291813,428,2,435.83,1,2,2,5,At Risk - Low Value
12996.0,55.17739252199619,376,1,355.5,2,1,2,5,Hibernating
18003.0,55.17739252199619,376,1,353.51,2,2,2,6,At Risk - Low Value
13181.0,55.14235171958632,381,1,359.69,2,1,2,5,Hibernating
15852.0,55.11004617155514,187,3,257.26,3,3,1,7,Needs Attention
14252.0,54.929633906098594,381,1,350.99,2,1,2,5,Hibernating
12351.0,54.907019577870464,375,1,300.93,2,1,2,5,Hibernating
15461.0,54.89155002017157,461,2,429.7,1,2,2,5,At Risk - Low Value
15537.0,54.67215058571498,163,1,110.92,3,1,1,5,Needs Attention
13150.0,54.64775779064362,484,3,449.96999999999997,1,3,2,6,At Risk - Low Value
13843.0,54.56797296096853,381,1,319.75,2,1,2,5,Hibernating
16492.0,54.55011270265273,541,1,385.56,1,1,2,4,Hibernating
17000.0,54.50785050383034,396,2,406.3,2,3,2,7,At Risk - Low Value
16113.0,54.492273374486324,183,1,161.38,3,1,1,5,Needs Attention
18128.0,54.4308869622265,537,1,399.29,1,2,2,5,At Risk - Low Value
16252.0,54.28264702030871,383,1,295.09000000000003,2,1,2,5,Hibernating
14614.0,54.28264702030871,386,1,295.13,2,1,2,5,Hibernating
13640.0,54.23439299726816,611,1,405.0,1,1,2,4,Hibernating
13550.0,54.22229936081675,383,1,342.55,2,1,2,5,Hibernating
17607.0,54.21169817378733,376,1,333.81,2,2,2,6,At Risk - Low Value
17234.0,54.17059758684803,183,1,149.89000000000001,3,2,1,6,Needs Attention
14433.0,53.98263204246804,466,1,280.7,1,1,1,3,Hibernating
15873.0,53.87108024031379,500,4,313.91999999999996,1,3,2,6,At Risk - Low Value
17810.0,53.811055544896526,669,2,373.16,1,3,2,6,At Risk - Low Value
15772.0,53.7009106349155,418,1,280.88,1,1,1,3,Hibernating
12807.0,53.663075241548334,383,1,330.35,2,1,2,5,Hibernating
15711.0,53.602527688376476,557,2,420.25,1,2,2,5,At Risk - Low Value
16665.0,53.5464575756862,362,1,135.39999999999998,2,2,1,5,At Risk - Low Value
17752.0,53.503461255482726,359,1,80.64,2,2,1,5,At Risk - Low Value
14972.0,53.42005012060581,128,2,145.07,3,2,1,6,Needs Attention
15941.0,53.211062002046035,637,1,405.0,1,1,2,4,Hibernating
12499.0,53.1766017660086,560,1,393.72,1,1,2,4,Hibernating
16815.0,53.14281801887208,454,2,406.02,1,2,2,5,At Risk - Low Value
16604.0,53.14237889167347,563,2,432.45,1,2,2,5,At Risk - Low Value
14678.0,52.96372316290409,579,1,403.39,1,1,2,4,Hibernating
17300.0,52.80092964987945,391,2,393.64,2,3,2,7,At Risk - Low Value
17258.0,52.71826857438543,397,2,417.3,2,3,2,7,At Risk - Low Value
13530.0,52.687061459291606,634,1,402.97999999999996,1,1,2,4,Hibernating
13143.0,52.687061459291606,585,1,405.1,1,1,2,4,Hibernating
18111.0,52.687061459291606,589,1,405.85,1,2,2,5,At Risk - Low Value
14168.0,52.615166193518995,421,2,370.45,1,2,2,5,At Risk - Low Value
13879.0,52.55723205535841,646,1,395.5,1,1,2,4,Hibernating
17116.0,52.528349822495514,648,1,389.78,1,2,2,5,At Risk - Low Value
14072.0,52.528349822495514,667,1,390.85,1,1,2,4,Hibernating
16888.0,52.37592985707132,401,3,434.2,2,3,2,7,At Risk - Low Value
16939.0,52.37592985707132,489,3,433.85,1,3,2,6,At Risk - Low Value
17196.0,52.365156097203105,428,1,327.75,1,2,2,5,At Risk - Low Value
14877.0,52.23182128521001,418,2,425.85,1,2,2,5,At Risk - Low Value
16257.0,52.217035113626814,177,1,46.95,3,1,1,5,Needs Attention
14795.0,52.06746106636582,166,1,131.45000000000002,3,1,1,5,Needs Attention
16247.0,51.981391433579326,170,1,114.56,3,1,1,5,Needs Attention
15292.0,51.9462002794379,201,1,178.39,2,1,1,4,Hibernating
13326.0,51.90105410440686,432,1,281.76,1,1,1,3,Hibernating
16483.0,51.873620811987216,192,1,139.35,2,1,1,4,Hibernating
14097.0,51.65442233520188,481,2,422.85999999999996,1,2,2,5,At Risk - Low Value
16114.0,51.60546169476735,171,1,135.75000000000003,3,1,1,5,Needs Attention
17479.0,51.57011165377123,633,1,389.26000000000005,1,2,2,5,At Risk - Low Value
13896.0,51.57011165377123,626,1,388.55,1,1,2,4,Hibernating
17446.0,51.55624115416668,177,2,120.9,3,3,1,7,Needs Attention
14826.0,51.4852758901709,582,2,385.2,1,2,2,5,At Risk - Low Value
14351.0,51.397579001276924,165,1,51.0,3,1,1,5,Needs Attention
17717.0,51.3352288936106,421,1,376.92,1,2,2,5,At Risk - Low Value
12796.0,51.26329663304249,628,1,381.0,1,1,2,4,Hibernating
12548.0,51.19779422579464,166,1,95.19999999999999,3,1,1,5,Needs Attention
14294.0,51.188316285802514,407,1,375.34,2,1,2,5,Hibernating
15323.0,51.166155543783404,563,3,434.6,1,3,2,6,At Risk - Low Value
15552.0,51.14912375796643,217,2,252.52,2,2,1,5,At Risk - Low Value
15337.0,51.01273939111595,411,1,373.02,1,1,2,4,Hibernating
17367.0,50.85860634925932,238,1,167.55,2,2,1,5,At Risk - Low Value
16864.0,50.783973647187665,434,2,409.25,1,3,2,6,At Risk - Low Value
13716.0,50.722413680714645,269,1,138.28,2,1,1,4,Hibernating
12622.0,50.649215241237016,232,1,180.1,2,1,1,4,Hibernating
18281.0,50.605680672965626,181,2,201.14,3,3,1,7,Needs Attention
15242.0,50.57643595545061,422,1,302.04,1,1,2,4,Hibernating
14705.0,50.54243229035122,199,1,179.0,2,1,1,4,Hibernating
14536.0,50.48019672252604,260,1,170.95,2,1,1,4,Hibernating
15962.0,50.46748222809271,449,1,289.48,1,1,2,4,Hibernating
18010.0,50.42289659808364,257,1,174.8,2,2,1,5,At Risk - Low Value
17263.0,50.36555176240992,208,1,63.440000000000005,2,2,1,5,At Risk - Low Value
13442.0,50.335814019795265,667,3,419.87,1,3,2,6,At Risk - Low Value
14192.0,50.29932216685738,388,1,293.74,2,1,2,5,Hibernating
15726.0,50.27119496532497,390,1,321.91,2,1,2,5,Hibernating
17918.0,50.238225989134925,501,3,396.39,1,3,2,6,At Risk - Low Value
16286.0,50.22552113422551,477,2,328.95,1,2,2,5,At Risk - Low Value
14041.0,50.203533140446204,266,1,141.41,2,1,1,4,Hibernating
14689.0,50.14980631692331,209,1,112.8,2,1,1,4,Hibernating
13274.0,50.09527296676363,409,1,360.85,2,1,2,5,Hibernating
12899.0,50.09527296676363,414,1,366.4,1,1,2,4,Hibernating
15543.0,50.05836977779853,288,2,242.26,2,2,1,5,At Risk - Low Value
12771.0,50.04826817858658,486,1,282.3,1,1,1,3,Hibernating
16920.0,49.83374407823102,411,1,355.45,1,2,2,5,At Risk - Low Value
15595.0,49.82601105262392,488,1,357.6,1,1,2,4,Hibernating
17688.0,49.75763062348748,394,1,304.2,2,2,2,6,At Risk - Low Value
17535.0,49.747662314474994,280,1,164.4,2,2,1,5,At Risk - Low Value
17102.0,49.730597549762166,262,1,25.5,2,2,1,5,At Risk - Low Value
17956.0,49.730597549762166,249,1,12.75,2,2,1,5,At Risk - Low Value
13120.0,49.730597549762166,239,1,30.599999999999998,2,1,1,4,Hibernating
17574.0,49.70404745206012,243,1,185.65,2,2,1,5,At Risk - Low Value
17821.0,49.68059154508023,406,1,334.62,2,2,2,6,At Risk - Low Value
16517.0,49.56328554355126,277,1,162.7,2,1,1,4,Hibernating
12850.0,49.53439803229522,446,1,330.0,1,1,2,4,Hibernating
15256.0,49.52888555587513,149,2,170.4,3,2,1,6,Needs Attention
16476.0,49.52818145613171,432,1,350.35,1,1,2,4,Hibernating
16263.0,49.52818145613171,423,1,348.16,1,1,2,4,Hibernating
12411.0,49.52818145613171,410,1,346.9,2,1,2,5,Hibernating
13551.0,49.504737771988026,319,2,244.2,2,2,1,5,At Risk - Low Value
16097.0,49.45779194204405,240,1,185.04999999999998,2,1,1,4,Hibernating
14203.0,49.438640234874256,397,1,339.34,2,1,2,5,Hibernating
15338.0,49.40276492693699,677,1,277.93,1,1,1,3,Hibernating
17121.0,49.35514113755105,403,1,314.74,2,2,2,6,At Risk - Low Value
14059.0,49.268722097450194,267,1,183.6,2,1,1,4,Hibernating
17285.0,49.26704490821349,628,2,407.94,1,3,2,6,At Risk - Low Value
16581.0,49.242610650108226,183,1,105.84,3,1,1,5,Needs Attention
12900.0,49.2410530328347,422,1,340.33,1,1,2,4,Hibernating
12902.0,49.19852742230842,265,1,138.68,2,1,1,4,Hibernating
13133.0,49.171361071381114,274,3,200.45000000000002,2,3,1,6,At Risk - Low Value
15729.0,49.16479456404064,213,3,192.55,2,3,1,6,At Risk - Low Value
14531.0,49.08318156138263,480,1,376.34,1,1,2,4,Hibernating
14046.0,49.046303560084176,284,1,154.99,2,1,1,4,Hibernating
18090.0,49.02588908583027,422,1,321.9,1,2,2,5,At Risk - Low Value
14991.0,49.02588908583027,430,1,314.67,1,1,2,4,Hibernating
14263.0,49.02588908583027,423,1,322.93,1,1,2,4,Hibernating
15893.0,49.01987146153979,482,1,305.28000000000003,1,1,2,4,Hibernating
14927.0,49.00398277205061,397,1,308.2,2,1,2,5,Hibernating
13660.0,49.00398277205061,400,1,306.64,2,1,2,5,Hibernating
14471.0,49.00320570380765,591,2,400.95,1,2,2,5,At Risk - Low Value
16738.0,48.96559520841532,298,1,3.75,2,2,1,5,At Risk - Low Value
16044.0,48.95361288225474,435,1,340.84000000000003,1,1,2,4,Hibernating
13033.0,48.95208410739155,357,2,220.55,2,2,1,5,At Risk - Low Value
15705.0,48.94245266077941,201,1,143.1,2,1,1,4,Hibernating
13072.0,48.934578959522995,267,1,177.15,2,1,1,4,Hibernating
16144.0,48.934578959522995,247,1,175.2,2,1,1,4,Hibernating
17435.0,48.93388215486279,411,1,331.35,1,2,2,5,At Risk - Low Value
17859.0,48.91935598501113,305,1,141.92000000000002,2,2,1,5,At Risk - Low Value
13981.0,48.86804973002218,416,1,331.14,1,1,2,4,Hibernating
16632.0,48.8322567718397,486,2,406.4,1,2,2,5,At Risk - Low Value
16579.0,48.80639557001105,426,1,295.05,1,1,2,4,Hibernating
14777.0,48.74056314517044,404,1,307.56,2,1,2,5,Hibernating
15778.0,48.74056314517044,431,1,307.95,1,1,2,4,Hibernating
17710.0,48.74056314517044,424,1,293.5,1,2,2,5,At Risk - Low Value
14848.0,48.70458242312275,405,1,310.56,2,1,2,5,Hibernating
12741.0,48.68790566587068,529,2,406.07,1,2,2,5,At Risk - Low Value
15940.0,48.66419614371602,311,1,35.8,2,1,1,4,Hibernating
13796.0,48.63213035454607,499,1,289.7,1,1,2,4,Hibernating
14453.0,48.58978904223153,190,1,119.93,2,1,1,4,Hibernating
15388.0,48.582609558841135,270,1,140.54,2,1,1,4,Hibernating
15735.0,48.521060561913,421,1,327.68,1,1,2,4,Hibernating
13229.0,48.44486277026852,226,1,160.95,2,1,1,4,Hibernating
12509.0,48.417596976055904,284,1,176.5,2,1,1,4,Hibernating
13967.0,48.41369677562918,146,2,166.3,3,2,1,6,Needs Attention
12821.0,48.386244529673554,214,2,220.8,2,2,1,5,At Risk - Low Value
15616.0,48.3543954078621,438,1,317.11,1,1,2,4,Hibernating
17517.0,48.30903068191497,309,1,153.94,2,2,1,5,At Risk - Low Value
12946.0,48.288562983021485,437,1,324.45,1,1,2,4,Hibernating
18224.0,48.264037749584475,264,1,158.95000000000002,2,2,1,5,At Risk - Low Value
12677.0,48.239136736005825,555,2,395.1,1,2,2,5,At Risk - Low Value
13281.0,48.23576970985116,439,1,350.85,1,1,2,4,Hibernating
14271.0,48.230396194642715,226,2,214.18,2,2,1,5,At Risk - Low Value
16403.0,48.15804345793841,312,1,177.5,2,1,1,4,Hibernating
16857.0,48.0830579917291,443,1,352.8,1,2,2,5,At Risk - Low Value
17698.0,48.07496790499063,261,1,154.95,2,2,1,5,At Risk - Low Value
14066.0,48.07496790499063,267,1,152.55,2,1,1,4,Hibernating
16617.0,48.07496790499063,236,1,151.85,2,1,1,4,Hibernating
17972.0,48.042681660288665,242,1,135.19,2,2,1,5,At Risk - Low Value
15212.0,47.95766337063096,241,2,208.28,2,2,1,5,At Risk - Low Value
17072.0,47.863079805779435,625,1,273.35,1,2,1,4,At Risk - Low Value
18120.0,47.83955876485026,214,1,111.15,2,2,1,5,At Risk - Low Value
13302.0,47.83306104780561,155,2,159.2,3,2,1,6,Needs Attention
17766.0,47.82265238449051,381,2,299.61,2,3,2,7,At Risk - Low Value
17118.0,47.8213393870959,318,1,157.02,2,2,1,5,At Risk - Low Value
12565.0,47.747055766117384,289,1,145.92,2,1,1,4,Hibernating
15733.0,47.747055766117384,283,1,162.3,2,1,1,4,Hibernating
16598.0,47.747055766117384,286,1,145.04999999999998,2,1,1,4,Hibernating
14094.0,47.73347733954972,440,1,311.77,1,1,2,4,Hibernating
14268.0,47.72860935381114,471,1,354.85,1,1,2,4,Hibernating
12506.0,47.69912258052973,233,1,73.5,2,1,1,4,Hibernating
17217.0,47.663519571118655,234,2,210.1,2,3,1,6,At Risk - Low Value
12487.0,47.63963001626974,731,1,285.29999999999995,1,1,1,3,Hibernating
16697.0,47.624227901997365,241,1,112.75,2,2,1,5,At Risk - Low Value
16577.0,47.58203047054977,667,1,380.0,1,1,2,4,Hibernating
12760.0,47.564392272718656,456,1,347.8,1,1,2,4,Hibernating
17893.0,47.48337713504313,225,1,107.21,2,2,1,5,At Risk - Low Value
18138.0,47.4694950124248,295,1,152.65,2,2,1,5,At Risk - Low Value
14386.0,47.4694950124248,297,1,142.4,2,1,1,4,Hibernating
14165.0,47.46469845321634,276,1,120.44,2,1,1,4,Hibernating
17654.0,47.46469845321634,277,1,117.55,2,2,1,5,At Risk - Low Value
18129.0,47.302552114359074,243,1,112.55000000000001,2,2,1,5,At Risk - Low Value
15226.0,47.109362558812194,311,1,154.41,2,1,1,4,Hibernating
14630.0,47.0700858835742,484,1,338.65,1,1,2,4,Hibernating
17906.0,47.00978540363782,247,1,72.9,2,2,1,5,At Risk - Low Value
15139.0,47.00013271704997,240,2,178.96,2,2,1,5,At Risk - Low Value
14368.0,46.99801455437461,320,1,155.0,2,1,1,4,Hibernating
14269.0,46.95040371269652,439,1,295.73,1,1,2,4,Hibernating
17471.0,46.92075436141038,475,1,321.65000000000003,1,2,2,5,At Risk - Low Value
14542.0,46.7797956160326,186,1,103.25,3,1,1,5,Needs Attention
16849.0,46.7797956160326,187,1,124.57,3,2,1,6,Needs Attention
16963.0,46.7797956160326,187,1,110.55000000000001,3,2,1,6,Needs Attention
17455.0,46.75441075971095,204,1,131.7,2,2,1,5,At Risk - Low Value
16405.0,46.731474913140886,302,2,167.25,2,2,1,5,At Risk - Low Value
14280.0,46.70922534375541,197,1,134.04,2,1,1,4,Hibernating
13682.0,46.67386527388092,187,1,59.5,3,1,1,5,Needs Attention
16659.0,46.67386527388092,189,1,39.12,3,1,1,5,Needs Attention
17026.0,46.65729606881654,185,3,175.82999999999998,3,3,1,7,Needs Attention
14200.0,46.62379230182548,617,1,379.2,1,1,2,4,Hibernating
16162.0,46.61083509424636,252,1,37.4,2,1,1,4,Hibernating
14340.0,46.598503315867454,219,1,134.7,2,1,1,4,Hibernating
12751.0,46.594744261649566,445,1,268.27,1,1,1,3,Hibernating
17264.0,46.562792245601216,424,1,268.28,1,2,1,4,At Risk - Low Value
12460.0,46.55727137849996,456,1,326.65,1,1,2,4,Hibernating
16339.0,46.52011033995928,284,1,94.05,2,1,1,4,Hibernating
18182.0,46.49205443170142,463,1,291.13,1,2,2,5,At Risk - Low Value
17627.0,46.49205443170142,479,1,296.36,1,2,2,5,At Risk - Low Value
16055.0,46.41351325477379,221,1,134.8,2,1,1,4,Hibernating
13391.0,46.32725791378397,204,1,59.8,2,1,1,4,Hibernating
14393.0,46.245310784137935,218,1,67.95,2,1,1,4,Hibernating
15668.0,46.245310784137935,218,1,76.32000000000001,2,1,1,4,Hibernating
17174.0,46.245310784137935,218,1,59.9,2,2,1,5,At Risk - Low Value
17128.0,46.16867617060095,335,1,157.09,2,2,1,5,At Risk - Low Value
14749.0,46.13768073455719,480,1,310.15,1,1,2,4,Hibernating
16610.0,46.074119215424474,219,1,75.66,2,1,1,4,Hibernating
17960.0,45.95761700144504,171,3,135.08,3,3,1,7,Needs Attention
14632.0,45.814234475798436,263,1,114.56,2,1,1,4,Hibernating
14155.0,45.814234475798436,266,1,118.75,2,1,1,4,Hibernating
15049.0,45.814234475798436,274,1,121.17000000000002,2,1,1,4,Hibernating
13399.0,45.74311790298829,464,3,275.4,1,3,1,5,At Risk - Low Value
15989.0,45.72813294483868,376,2,368.31,2,2,2,6,At Risk - Low Value
18086.0,45.708304133646756,274,1,101.34,2,2,1,5,At Risk - Low Value
13132.0,45.708304133646756,262,1,77.3,2,1,1,4,Hibernating
17775.0,45.708304133646756,255,1,56.4,2,2,1,5,At Risk - Low Value
13841.0,45.708304133646756,253,1,85.0,2,1,1,4,Hibernating
15083.0,45.708304133646756,257,1,88.2,2,1,1,4,Hibernating
13185.0,45.708304133646756,268,1,71.4,2,1,1,4,Hibernating
15178.0,45.708304133646756,260,1,40.5,2,1,1,4,Hibernating
16538.0,45.64817569745931,541,3,395.07,1,3,2,6,At Risk - Low Value
14402.0,45.603113526913695,652,1,285.6,1,1,2,4,Hibernating
15316.0,45.43527273917332,327,1,165.0,2,1,1,4,Hibernating
17117.0,45.326792888144176,288,1,116.19999999999999,2,2,1,5,At Risk - Low Value
13942.0,45.312894167226034,535,1,320.0,1,1,2,4,Hibernating
15884.0,45.27021747474003,432,2,244.60000000000002,1,2,1,4,At Risk - Low Value
14438.0,45.27001113554029,306,1,131.9,2,1,1,4,Hibernating
13511.0,45.2421782377259,677,1,282.76,1,1,1,3,Hibernating
16349.0,45.2208625459925,291,1,53.5,2,1,1,4,Hibernating
17881.0,45.17817254546243,304,1,133.35000000000002,2,2,1,5,At Risk - Low Value
16073.0,45.04923213445159,297,1,122.39999999999999,2,1,1,4,Hibernating
18068.0,45.03179270139865,289,1,101.69999999999999,2,2,1,5,At Risk - Low Value
15397.0,45.03179270139865,290,1,94.0,2,1,1,4,Hibernating
18238.0,45.00626668189454,515,1,270.92,1,2,1,4,At Risk - Low Value
14736.0,45.002356946826055,485,2,374.05,1,2,2,5,At Risk - Low Value
14371.0,44.94330179229992,295,1,100.5,2,1,1,4,Hibernating
14760.0,44.94330179229992,297,1,89.2,2,1,1,4,Hibernating
17568.0,44.93575935680057,633,1,374.45,1,2,2,5,At Risk - Low Value
15477.0,44.73008359349671,650,1,368.4,1,1,2,4,Hibernating
15843.0,44.68909968083899,304,1,118.95000000000002,2,1,1,4,Hibernating
12929.0,44.68909968083899,312,1,117.85,2,1,1,4,Hibernating
14457.0,44.68909968083899,311,1,113.64,2,1,1,4,Hibernating
17437.0,44.65298637261404,530,1,369.68,1,2,2,5,At Risk - Low Value
12595.0,44.61435353187748,505,1,299.02,1,1,2,4,Hibernating
15753.0,44.58316933868731,305,1,79.2,2,1,1,4,Hibernating
12401.0,44.58316933868731,303,1,84.3,2,1,1,4,Hibernating
13383.0,44.52982054037283,544,1,305.28000000000003,1,1,2,4,Hibernating
14183.0,44.14062420440066,411,2,278.34000000000003,1,2,1,4,At Risk - Low Value
17748.0,44.0554321082776,527,1,358.15,1,2,2,5,At Risk - Low Value
14889.0,43.95924722802033,336,1,135.9,2,1,1,4,Hibernating
16893.0,43.89844604896006,367,2,249.89000000000001,2,3,1,6,At Risk - Low Value
16606.0,43.70002544385122,404,2,357.66,2,2,2,6,At Risk - Low Value
14303.0,43.56897805604242,407,2,277.94,2,2,1,5,At Risk - Low Value
16489.0,43.49583952139746,380,2,303.7,2,2,2,6,At Risk - Low Value
14797.0,43.439799961250635,507,1,300.31,1,1,2,4,Hibernating
17763.0,43.42572611151521,263,4,86.15,2,4,1,7,At Risk - Low Value
12529.0,43.38943486893876,528,1,316.48,1,1,2,4,Hibernating
14832.0,43.37144189375241,630,1,322.69,1,1,2,4,Hibernating
15404.0,43.32502716680885,376,1,257.06,2,1,1,4,Hibernating
15395.0,43.17005716937272,326,1,107.45,2,1,1,4,Hibernating
14919.0,43.162533104422884,539,1,359.35,1,1,2,4,Hibernating
17882.0,43.040869274911174,379,2,291.56,2,3,2,7,At Risk - Low Value
14090.0,43.01938541173641,325,1,76.32000000000001,2,1,1,4,Hibernating
17925.0,42.905194016321936,373,1,244.08,2,2,1,5,At Risk - Low Value
12941.0,42.88253745821691,724,1,377.49,1,1,2,4,Hibernating
18032.0,42.665855054983304,334,1,73.5,2,2,1,5,At Risk - Low Value
16649.0,42.60636124208556,520,1,306.58000000000004,1,1,2,4,Hibernating
17326.0,42.597093158545675,408,2,312.35,2,3,2,7,At Risk - Low Value
17077.0,42.58836826689921,578,1,306.0,1,2,2,5,At Risk - Low Value
15765.0,42.44544713085054,667,1,370.63,1,1,2,4,Hibernating
18162.0,42.44544713085054,732,1,371.51,1,2,2,5,At Risk - Low Value
16683.0,42.430703440243434,534,1,320.25,1,2,2,5,At Risk - Low Value
16437.0,42.365732955934185,381,2,301.25,2,2,2,6,At Risk - Low Value
18070.0,42.26003115055214,669,1,314.1,1,2,2,5,At Risk - Low Value
15085.0,42.09334317094024,730,1,347.54,1,1,2,4,Hibernating
13688.0,42.08497325267897,635,1,375.5,1,1,2,4,Hibernating
16373.0,42.030129744077065,382,2,309.49,2,2,2,6,At Risk - Low Value
14392.0,42.003532449354516,432,1,266.4,1,1,1,3,Hibernating
14018.0,41.92102251357694,645,1,367.15000000000003,1,1,2,4,Hibernating
15354.0,41.8534256191435,603,3,284.4,1,3,1,5,At Risk - Low Value
14244.0,41.84789286651411,661,1,366.41999999999996,1,1,2,4,Hibernating
17012.0,41.84789286651411,725,1,360.61,1,2,2,5,At Risk - Low Value
17776.0,41.81153800491709,387,2,330.56,2,3,2,7,At Risk - Low Value
17439.0,41.755202626634876,656,1,325.74,1,2,2,5,At Risk - Low Value
12804.0,41.73669234359125,466,2,325.37,1,2,2,5,At Risk - Low Value
14926.0,41.71361548303644,382,2,359.4,2,2,2,6,At Risk - Low Value
18206.0,41.69948095625861,553,1,314.65999999999997,1,2,2,5,At Risk - Low Value
17792.0,41.66766349992645,467,2,368.35,1,3,2,6,At Risk - Low Value
16974.0,41.65649350919528,523,2,365.5,1,3,2,6,At Risk - Low Value
15718.0,41.64762981339023,540,1,293.79,1,1,2,4,Hibernating
18208.0,41.629516498574,566,1,360.08,1,2,2,5,At Risk - Low Value
17808.0,41.6118881773298,549,4,262.64,1,4,1,6,At Risk - Low Value
13765.0,41.586363977981506,653,1,352.821,1,1,2,4,Hibernating
16328.0,41.553485867075885,563,1,310.83,1,1,2,4,Hibernating
15162.0,41.51332176033469,731,1,312.9,1,1,2,4,Hibernating
13025.0,41.51332176033469,732,1,323.39,1,1,2,4,Hibernating
13087.0,41.51332176033469,726,1,313.64,1,1,2,4,Hibernating
13111.0,41.51332176033469,719,1,321.88000000000005,1,1,2,4,Hibernating
13905.0,41.51332176033469,733,1,312.65,1,1,2,4,Hibernating
13197.0,41.48720896212628,610,1,373.01000000000005,1,1,2,4,Hibernating
16439.0,41.476957523698935,722,1,310.70000000000005,1,1,2,4,Hibernating
13036.0,41.476957523698935,685,1,307.1,1,1,2,4,Hibernating
14070.0,41.44748933549408,685,1,321.6,1,1,2,4,Hibernating
16195.0,41.44748933549408,723,1,323.25,1,1,2,4,Hibernating
18253.0,41.301792981827866,643,1,317.88,1,2,2,5,At Risk - Low Value
14545.0,41.28080135588219,674,1,349.25,1,1,2,4,Hibernating
18199.0,41.28080135588219,684,1,344.75,1,2,2,5,At Risk - Low Value
17780.0,41.26850289393357,667,3,346.56,1,3,2,6,At Risk - Low Value
14137.0,41.25366925763831,696,1,332.7,1,1,2,4,Hibernating
16192.0,41.24482063383449,736,1,351.3,1,1,2,4,Hibernating
15029.0,41.24402839493406,620,1,365.1,1,1,2,4,Hibernating
17945.0,41.21556892699441,697,3,360.35,1,3,2,6,At Risk - Low Value
15519.0,41.20605231391968,383,2,344.61,2,2,2,6,At Risk - Low Value
17833.0,41.19343421606339,723,1,338.46000000000004,1,2,2,5,At Risk - Low Value
12869.0,41.19343421606339,682,1,337.66999999999996,1,1,2,4,Hibernating
17296.0,41.19343421606339,730,1,338.13,1,2,2,5,At Risk - Low Value
14989.0,41.19343421606339,662,1,342.4,1,1,2,4,Hibernating
15282.0,41.06242498794208,570,1,348.59,1,1,2,4,Hibernating
14526.0,41.05461910640821,389,1,258.65,2,1,1,4,Hibernating
15775.0,41.0238595772114,245,2,150.5,2,2,1,5,At Risk - Low Value
17927.0,41.01878940578511,722,1,294.0,1,2,2,5,At Risk - Low Value
18186.0,41.00161601634179,723,1,329.58,1,2,2,5,At Risk - Low Value
17558.0,40.99231915709428,393,1,259.17,2,2,1,5,At Risk - Low Value
12892.0,40.97150992855172,397,1,263.38,2,1,1,4,Hibernating
13498.0,40.94266081157682,730,1,327.38,1,1,2,4,Hibernating
12495.0,40.88965469778984,641,1,357.4,1,1,2,4,Hibernating
18091.0,40.88965469778984,593,1,360.85,1,2,2,5,At Risk - Low Value
14706.0,40.88965469778984,619,1,367.54,1,1,2,4,Hibernating
12441.0,40.87246805772556,367,1,173.55,2,1,1,4,Hibernating
16259.0,40.81969388986501,410,3,340.94,2,3,2,7,At Risk - Low Value
12655.0,40.79058706713108,424,1,261.35,1,1,1,3,Hibernating
15302.0,40.73024813348149,730,1,308.0,1,1,2,4,Hibernating
13331.0,40.71299795422554,402,1,262.4,2,1,1,4,Hibernating
17441.0,40.66441570864088,732,1,293.35,1,2,2,5,At Risk - Low Value
13847.0,40.66441570864088,720,1,310.72,1,1,2,4,Hibernating
13628.0,40.66441570864088,676,1,310.14,1,1,2,4,Hibernating
17207.0,40.66441570864088,652,1,292.62,1,2,2,5,At Risk - Low Value
13315.0,40.66441570864088,689,1,310.26,1,1,2,4,Hibernating
14783.0,40.66441570864088,659,1,307.3,1,1,2,4,Hibernating
15188.0,40.66441570864088,725,1,310.43,1,1,2,4,Hibernating
13289.0,40.66441570864088,724,1,307.95,1,1,2,4,Hibernating
17721.0,40.62843498659319,659,1,307.21000000000004,1,2,2,5,At Risk - Low Value
15928.0,40.62843498659319,656,1,293.53,1,1,2,4,Hibernating
13164.0,40.59549276353521,569,2,372.2,1,2,2,5,At Risk - Low Value
15982.0,40.48925116676981,605,1,324.51,1,1,2,4,Hibernating
15770.0,40.48925116676981,613,1,321.45,1,1,2,4,Hibernating
13400.0,40.48925116676981,583,1,310.83,1,1,2,4,Hibernating
17200.0,40.473481839453285,387,4,356.71,2,4,2,8,At Risk - Low Value
16583.0,40.391457662523216,374,2,297.95,2,2,2,6,At Risk - Low Value
18269.0,40.33648523751863,366,1,168.6,2,2,1,5,At Risk - Low Value
12698.0,40.23519604733911,590,1,339.75,1,1,2,4,Hibernating
17488.0,40.23519604733911,641,1,336.5,1,2,2,5,At Risk - Low Value
12780.0,40.23519604733911,599,1,337.4,1,1,2,4,Hibernating
14724.0,40.23519604733911,590,1,341.9,1,1,2,4,Hibernating
15818.0,40.19921532529141,588,1,340.5,1,1,2,4,Hibernating
15391.0,40.17811581453223,584,1,289.87,1,1,2,4,Hibernating
17292.0,40.12492314933186,472,2,271.75,1,3,1,5,At Risk - Low Value
15936.0,40.08734100126138,379,2,282.79,2,2,1,5,At Risk - Low Value
15979.0,40.07935856966521,603,1,329.22,1,1,2,4,Hibernating
12898.0,40.07418882943657,464,2,296.21000000000004,1,2,2,5,At Risk - Low Value
16544.0,40.04501725121094,520,4,376.70000000000005,1,4,2,7,At Risk - Low Value
18119.0,40.02785495844694,368,1,180.7,2,2,1,5,At Risk - Low Value
13661.0,39.98442264285254,603,1,325.24,1,1,2,4,Hibernating
15536.0,39.94254400090332,409,1,259.09,2,1,1,4,Hibernating
13683.0,39.82622615334936,458,1,258.6,1,1,1,3,Hibernating
17907.0,39.77200996475722,641,1,291.76,1,2,2,5,At Risk - Low Value
16334.0,39.747430501816005,492,1,263.73,1,1,1,3,Hibernating
17057.0,39.70617753991661,596,1,294.74,1,2,2,5,At Risk - Low Value
14791.0,39.70617753991661,607,1,303.63,1,1,2,4,Hibernating
16543.0,39.70617753991661,592,1,292.21,1,1,2,4,Hibernating
16615.0,39.70617753991661,626,1,291.5,1,1,2,4,Hibernating
13625.0,39.70617753991661,597,1,301.26,1,1,2,4,Hibernating
14122.0,39.70234546031677,406,3,362.42,2,3,2,7,At Risk - Low Value
17210.0,39.57826328398193,393,1,251.72,2,2,1,5,At Risk - Low Value
17992.0,39.57826328398193,389,1,252.88,2,2,1,5,At Risk - Low Value
15495.0,39.52016382292,379,1,246.5,2,1,1,4,Hibernating
16890.0,39.48486790792641,477,3,285.41,1,3,1,5,At Risk - Low Value
17518.0,39.480542640375354,426,2,329.42,1,3,2,6,At Risk - Low Value
16074.0,39.448074431091584,390,1,252.5,2,1,1,4,Hibernating
17689.0,39.41094341648259,388,2,317.08,2,3,2,7,At Risk - Low Value
15964.0,39.40451633423662,663,1,269.21000000000004,1,1,1,3,Hibernating
18267.0,39.40451633423662,673,1,269.37,1,2,1,4,At Risk - Low Value
13545.0,39.29173887697141,391,2,364.93,2,2,2,6,At Risk - Low Value
15008.0,39.23285946837046,480,2,360.0,1,2,2,5,At Risk - Low Value
17182.0,39.23059947941403,423,2,321.3,1,3,2,6,At Risk - Low Value
13997.0,39.20343800843951,519,3,376.46,1,3,2,6,At Risk - Low Value
13144.0,39.17762412200518,333,2,135.35,2,2,1,5,At Risk - Low Value
18254.0,39.1571509725967,581,1,267.9,1,2,1,4,At Risk - Low Value
17497.0,39.124634214985576,390,2,287.25,2,3,2,7,At Risk - Low Value
16585.0,39.039247069302625,594,2,341.59,1,2,2,5,At Risk - Low Value
16273.0,38.93655088961506,648,2,318.34000000000003,1,2,2,5,At Risk - Low Value
13251.0,38.76231548323113,402,1,252.68,2,1,1,4,Hibernating
16962.0,38.760259004495325,410,1,251.04,2,2,1,5,At Risk - Low Value
13128.0,38.73847629782115,631,1,263.5,1,1,1,3,Hibernating
13861.0,38.59149008903818,429,2,273.26,1,2,1,4,At Risk - Low Value
16382.0,38.56966486272365,408,2,353.1,2,2,2,6,At Risk - Low Value
18266.0,38.53865127875597,434,1,251.1,1,2,1,4,At Risk - Low Value
13909.0,38.45779633980436,423,2,282.85,1,2,1,4,At Risk - Low Value
17872.0,38.439522052478836,382,1,235.87,2,2,1,5,At Risk - Low Value
14835.0,38.42484314808065,529,2,297.0,1,2,2,5,At Risk - Low Value
12563.0,38.385019943072436,409,1,249.24,2,1,1,4,Hibernating
13773.0,38.277433764106235,397,2,301.54,2,2,2,6,At Risk - Low Value
13010.0,38.268716202424216,374,2,330.12,2,2,2,6,At Risk - Low Value
14172.0,38.09876267023288,605,3,369.02,1,3,2,6,At Risk - Low Value
14181.0,37.9177258884999,411,2,308.35,1,2,2,5,At Risk - Low Value
14576.0,37.91769358680208,372,1,35.400000000000006,2,1,1,4,Hibernating
13234.0,37.91583906015096,673,2,346.5,1,2,2,5,At Risk - Low Value
16524.0,37.85527179484901,446,2,306.19,1,2,2,5,At Risk - Low Value
15662.0,37.76870931744165,661,2,283.73,1,2,1,4,At Risk - Low Value
17577.0,37.7414775728744,645,2,348.75,1,3,2,6,At Risk - Low Value
15878.0,37.70272513107667,562,2,330.77,1,2,2,5,At Risk - Low Value
16234.0,37.67808538830054,476,3,333.18,1,3,2,6,At Risk - Low Value
13679.0,37.63139287054733,494,3,281.26,1,3,1,5,At Risk - Low Value
16733.0,37.555607883111136,530,1,259.68,1,2,1,4,At Risk - Low Value
14253.0,37.42762476148447,493,2,363.40000000000003,1,2,2,5,At Risk - Low Value
14043.0,37.39472666913386,491,2,302.6,1,2,2,5,At Risk - Low Value
15196.0,37.39472666913386,433,2,313.7,1,2,2,5,At Risk - Low Value
16502.0,37.28721574090002,620,2,258.55,1,2,1,4,At Risk - Low Value
13616.0,37.10635343606726,568,2,283.85,1,2,1,4,At Risk - Low Value
16436.0,37.06903206637277,668,3,319.14,1,3,2,6,At Risk - Low Value
17533.0,36.959304713395454,435,1,34.8,1,2,1,4,At Risk - Low Value
16452.0,36.933451526546456,631,2,332.17,1,2,2,5,At Risk - Low Value
14990.0,36.75921250643371,612,2,304.17,1,2,2,5,At Risk - Low Value
15871.0,36.69009372874518,437,1,33.099999999999994,1,1,1,3,Hibernating
13834.0,36.67219962400507,577,2,324.19,1,2,2,5,At Risk - Low Value
17967.0,36.57959254619794,372,2,223.42,2,3,1,6,At Risk - Low Value
14281.0,36.33069687211467,408,1,245.15,2,1,1,4,Hibernating
14977.0,36.2990499993199,726,1,31.929999999999996,1,1,1,3,Hibernating
15682.0,36.29866738071856,599,2,318.24,1,2,2,5,At Risk - Low Value
18113.0,36.22783108854787,369,1,76.32000000000001,2,2,1,5,At Risk - Low Value
15899.0,36.22783108854787,369,1,56.25,2,1,1,4,Hibernating
12746.0,36.00558448021326,541,1,254.55,1,1,1,3,Hibernating
17129.0,36.002997745090795,520,1,31.85,1,2,1,4,At Risk - Low Value
15943.0,35.990903964736674,650,2,271.28999999999996,1,2,1,4,At Risk - Low Value
16941.0,35.93350236473529,612,1,33.0,1,2,1,4,At Risk - Low Value
13789.0,35.70732443163328,388,1,239.45999999999998,2,1,1,4,Hibernating
17910.0,35.65052905731395,726,1,261.7,1,2,1,4,At Risk - Low Value
15336.0,35.52553613912229,402,1,240.5,2,1,1,4,Hibernating
13674.0,35.52553613912229,433,1,240.68,1,1,1,3,Hibernating
15931.0,35.52553613912229,428,1,239.9,1,1,1,3,Hibernating
17981.0,35.45970371428168,411,1,239.12,1,2,1,4,At Risk - Low Value
14458.0,35.441393446137084,381,1,228.07,2,1,1,4,Hibernating
14144.0,35.42859711628482,486,1,30.599999999999998,1,1,1,3,Hibernating
16346.0,35.37703701808736,385,1,224.51,2,1,1,4,Hibernating
12887.0,35.37703701808736,384,1,222.4,2,1,1,4,Hibernating
17868.0,35.31120459324675,386,1,227.15,2,2,1,5,At Risk - Low Value
16752.0,35.18421018297673,373,1,207.5,2,2,1,5,At Risk - Low Value
15294.0,34.82755674881029,411,1,233.35,1,1,1,3,Hibernating
13088.0,34.76172432396968,417,1,236.11,1,1,1,3,Hibernating
17855.0,34.70357144433567,373,1,208.97,2,2,1,5,At Risk - Low Value
14274.0,34.620881039641596,686,1,256.6,1,1,1,3,Hibernating
16908.0,34.55504861480099,722,1,252.59,1,2,1,4,At Risk - Low Value
16381.0,34.50609757213831,396,2,247.85,2,2,1,5,At Risk - Low Value
15575.0,34.32845051986996,620,1,30.1,1,1,1,3,Hibernating
16417.0,34.23338556453542,493,1,35.7,1,1,1,3,Hibernating
15231.0,34.22444116643846,621,1,250.26,1,1,1,3,Hibernating
15914.0,34.21926550762108,378,2,205.99,2,2,1,5,At Risk - Low Value
17055.0,34.200611246925014,446,1,232.85,1,2,1,4,At Risk - Low Value
16548.0,34.15916672846757,599,1,30.15,1,1,1,3,Hibernating
16845.0,34.158608741597845,618,1,253.88,1,2,1,4,At Risk - Low Value
18132.0,34.15285025875231,504,1,220.13,1,2,1,4,At Risk - Low Value
14153.0,34.149687238264676,483,1,233.4,1,1,1,3,Hibernating
17626.0,33.98932495019545,603,1,254.0,1,2,1,4,At Risk - Low Value
17319.0,33.847475805771516,669,1,29.1,1,2,1,4,At Risk - Low Value
15293.0,33.731064373166625,666,1,247.5,1,1,1,3,Hibernating
12914.0,33.635610337196134,401,1,223.98,2,1,1,4,Hibernating
15020.0,33.53532903272177,379,1,198.47,2,1,1,4,Hibernating
17743.0,33.51101827064263,448,1,229.2,1,2,1,4,At Risk - Low Value
17009.0,33.49930893076608,551,1,242.06,1,2,1,4,At Risk - Low Value
14774.0,33.34062063587901,529,1,241.45,1,1,1,3,Hibernating
16089.0,33.33187920959178,386,2,263.49,2,2,1,5,At Risk - Low Value
12961.0,33.26187568440485,379,1,211.99,2,1,1,4,Hibernating
14718.0,33.24525591800422,410,1,226.42,2,1,1,4,Hibernating
17378.0,33.24404449792112,374,1,10.95,2,2,1,5,At Risk - Low Value
18279.0,33.065638742080054,519,1,231.33999999999997,1,2,1,4,At Risk - Low Value
13608.0,33.01501796487027,541,1,232.05,1,1,1,3,Hibernating
17151.0,32.964194207551685,735,1,231.90000000000003,1,2,1,4,At Risk - Low Value
16740.0,32.83250608293957,395,1,226.91,2,2,1,5,At Risk - Low Value
16760.0,32.76461717936316,430,1,228.0,1,2,1,4,At Risk - Low Value
13009.0,32.71214483798975,673,1,234.0,1,1,1,3,Hibernating
17993.0,32.70547286687107,617,1,225.99,1,2,1,4,At Risk - Low Value
14654.0,32.6979943049743,738,1,246.86,1,1,1,3,Hibernating
15697.0,32.6959378262385,690,1,246.75,1,1,1,3,Hibernating
14445.0,32.673198306514145,456,1,221.65,1,1,1,3,Hibernating
13445.0,32.656163881057985,626,1,241.89999999999998,1,1,1,3,Hibernating
12606.0,32.64542495115873,682,1,21.0,1,1,1,3,Hibernating
18153.0,32.63010540139789,659,1,246.22,1,2,1,4,At Risk - Low Value
13423.0,32.6044143560268,429,1,217.03,1,1,1,3,Hibernating
16562.0,32.53185276550731,477,1,223.85999999999999,1,1,1,3,Hibernating
12392.0,32.474224040003506,591,1,234.75000000000003,1,1,1,3,Hibernating
14610.0,32.4144050819706,396,2,24.35,2,2,1,5,At Risk - Low Value
15284.0,32.40674941124327,500,1,24.75,1,1,1,3,Hibernating
18197.0,32.39847054294615,576,1,230.1,1,2,1,4,At Risk - Low Value
12846.0,32.317622084539444,682,1,15.58,1,1,1,3,Hibernating
14095.0,32.317622084539444,723,1,2.95,1,1,1,3,Hibernating
15999.0,32.317622084539444,736,1,20.4,1,1,1,3,Hibernating
12738.0,32.28082491379358,372,1,155.35,2,1,1,4,Hibernating
17136.0,32.159033474559315,662,1,231.68,1,2,1,4,At Risk - Low Value
15487.0,32.159033474559315,680,1,231.32,1,1,1,3,Hibernating
13943.0,32.13021416163298,578,1,246.54,1,1,1,3,Hibernating
13788.0,32.096704881207415,505,1,3.75,1,1,1,3,Hibernating
16280.0,32.078712051454595,725,1,238.05,1,1,1,3,Hibernating
17989.0,32.07813949202366,379,1,207.32999999999998,2,2,1,5,At Risk - Low Value
16874.0,32.07813949202366,379,1,209.89000000000001,2,2,1,5,At Risk - Low Value
18115.0,32.04841109988917,698,1,9.700000000000001,1,2,1,4,At Risk - Low Value
14580.0,31.997143075473844,518,1,14.850000000000001,1,1,1,3,Hibernating
13691.0,31.988688798500117,396,1,212.78,2,1,1,4,Hibernating
14982.0,31.94191552740908,572,1,237.78,1,1,1,3,Hibernating
16537.0,31.920008775705636,641,1,23.35,1,1,1,3,Hibernating
16508.0,31.91535957611534,630,1,240.95,1,1,1,3,Hibernating
14325.0,31.892354075909655,570,1,245.48000000000002,1,1,1,3,Hibernating
16046.0,31.882581362073598,562,1,235.78,1,1,1,3,Hibernating
14017.0,31.86977695404082,571,1,229.75,1,1,1,3,Hibernating
14694.0,31.851003148065605,617,1,244.31,1,1,1,3,Hibernating
13114.0,31.841151680156763,731,1,234.38,1,1,1,3,Hibernating
14900.0,31.752358845660062,522,1,13.919999999999998,1,1,1,3,Hibernating
13163.0,31.682863465304557,610,1,17.65,1,1,1,3,Hibernating
15913.0,31.659574763084887,534,1,6.300000000000001,1,1,1,3,Hibernating
13112.0,31.659574763084887,541,1,20.6,1,1,1,3,Hibernating
15040.0,31.659574763084887,542,1,7.49,1,1,1,3,Hibernating
16408.0,31.657666238003507,591,1,231.93,1,1,1,3,Hibernating
13387.0,31.64080312528987,417,1,186.94,1,1,1,3,Hibernating
18007.0,31.585505327553093,393,1,215.22,2,2,1,5,At Risk - Low Value
12400.0,31.45952543755068,414,1,205.25,1,1,1,3,Hibernating
17093.0,31.341260440391846,593,1,235.88,1,2,1,4,At Risk - Low Value
14635.0,31.299541173764016,454,1,215.22,1,1,1,3,Hibernating
17261.0,31.2294842806537,510,1,221.59,1,2,1,4,At Risk - Low Value
13290.0,31.179325829842323,438,1,208.63,1,1,1,3,Hibernating
15788.0,31.165127852603977,509,1,221.82999999999998,1,1,1,3,Hibernating
16964.0,31.116739862911253,733,2,207.85,1,3,1,5,At Risk - Low Value
14876.0,30.99103293510909,521,2,256.7,1,2,1,4,At Risk - Low Value
15273.0,30.974413759874825,600,1,228.96,1,1,1,3,Hibernating
14596.0,30.966585785952446,627,1,222.22000000000003,1,1,1,3,Hibernating
12799.0,30.922549435498944,529,1,219.35,1,1,1,3,Hibernating
14843.0,30.91011484519205,437,1,211.79999999999998,1,1,1,3,Hibernating
18131.0,30.874486566626945,632,1,222.95999999999998,1,2,1,4,At Risk - Low Value
14405.0,30.869021550939337,387,1,195.0,2,1,1,4,Hibernating
16622.0,30.727997734481445,544,1,225.4,1,1,1,3,Hibernating
16540.0,30.718972735866757,414,1,205.75,1,1,1,3,Hibernating
14278.0,30.716916257130954,410,1,205.83,2,1,1,4,Hibernating
14106.0,30.7115152494753,737,1,214.79999999999998,1,1,1,3,Hibernating
17915.0,30.65524695667307,551,1,225.78,1,2,1,4,At Risk - Low Value
15490.0,30.651083832290343,430,1,210.85,1,1,1,3,Hibernating
14074.0,30.648451318449982,623,1,219.39999999999998,1,1,1,3,Hibernating
12686.0,30.635756928363534,372,1,89.14,2,1,1,4,Hibernating
14992.0,30.497365010127403,442,1,210.5,1,1,1,3,Hibernating
16490.0,30.495308531391597,436,1,205.41000000000003,1,1,1,3,Hibernating
17087.0,30.465765706837708,738,1,221.53,1,2,1,4,At Risk - Low Value
13250.0,30.422280884055212,461,2,253.09,1,2,1,4,At Risk - Low Value
17066.0,30.399933281997097,726,1,228.34,1,2,1,4,At Risk - Low Value
13191.0,30.389374816746344,658,1,164.69,1,1,1,3,Hibernating
17902.0,30.356178458314584,547,1,216.39999999999998,1,2,1,4,At Risk - Low Value
14589.0,30.307954061744248,372,1,39.75,2,1,1,4,Hibernating
13011.0,30.307954061744248,372,1,50.550000000000004,2,1,1,4,Hibernating
16035.0,30.215327715736954,560,1,217.73,1,1,1,3,Hibernating
18002.0,30.1630394383586,376,4,244.37,2,4,1,7,At Risk - Low Value
17257.0,30.146235041684164,436,2,189.78,1,3,1,5,At Risk - Low Value
15295.0,30.120525260970027,654,1,207.04,1,1,1,3,Hibernating
16937.0,30.082126314360927,499,1,196.25,1,2,1,4,At Risk - Low Value
14521.0,30.063610038428173,491,1,199.45000000000002,1,1,1,3,Hibernating
13454.0,30.052792931858832,641,1,219.87,1,1,1,3,Hibernating
14928.0,30.003493408793965,628,1,223.91000000000003,1,1,1,3,Hibernating
12927.0,29.979623715704754,395,1,197.31,2,1,1,4,Hibernating
14376.0,29.90926869285063,683,1,215.46,1,1,1,3,Hibernating
12416.0,29.857849694035952,657,1,202.56,1,1,1,3,Hibernating
16453.0,29.750814941282126,531,2,251.71,1,2,1,4,At Risk - Low Value
13671.0,29.675336247952426,395,1,172.6,2,1,1,4,Hibernating
15378.0,29.66568563367787,463,2,246.5,1,2,1,4,At Risk - Low Value
13129.0,29.66568563367787,452,2,233.25,1,2,1,4,At Risk - Low Value
18157.0,29.45653354293261,571,1,213.9,1,2,1,4,At Risk - Low Value
14361.0,29.454477064196812,579,1,214.70999999999998,1,1,1,3,Hibernating
14166.0,29.45167557804357,505,2,251.15,1,2,1,4,At Risk - Low Value
16299.0,29.423471860897454,477,1,193.65,1,1,1,3,Hibernating
17112.0,29.41946703411828,503,1,197.57,1,2,1,4,At Risk - Low Value
12470.0,29.419251335771417,690,1,211.95,1,1,1,3,Hibernating
17778.0,29.35289835504753,662,1,197.70000000000002,1,2,1,4,At Risk - Low Value
13582.0,29.304147484818053,390,2,241.68,2,2,1,5,At Risk - Low Value
17271.0,29.287621736701876,736,1,204.3,1,2,1,4,At Risk - Low Value
13757.0,29.28275120592576,675,1,195.55,1,1,1,3,Hibernating
13724.0,29.25839723032781,637,1,213.01,1,1,1,3,Hibernating
15001.0,29.255844178489696,394,2,199.10999999999999,2,2,1,5,At Risk - Low Value
13275.0,29.24217357217004,384,2,238.86,2,2,1,5,At Risk - Low Value
15112.0,29.23433452702724,611,1,209.4,1,1,1,3,Hibernating
14602.0,29.225321787387948,656,1,205.35999999999999,1,1,1,3,Hibernating
14468.0,29.22326530865215,734,1,204.24,1,1,1,3,Hibernating
13944.0,29.179596941665938,653,1,200.43,1,1,1,3,Hibernating
12848.0,29.157432883811538,676,1,208.0,1,1,1,3,Hibernating
14003.0,29.157432883811538,733,1,209.41,1,1,1,3,Hibernating
16901.0,29.157432883811538,729,1,204.26,1,2,1,4,At Risk - Low Value
14892.0,29.115240513616207,691,1,202.35000000000002,1,1,1,3,Hibernating
16911.0,29.062502138091926,636,2,255.25,1,3,1,5,At Risk - Low Value
13825.0,29.04548360877155,622,2,255.59,1,2,1,4,At Risk - Low Value
17074.0,28.957025940588906,563,1,203.05,1,2,1,4,At Risk - Low Value
12663.0,28.752192224077874,625,2,239.4,1,2,1,4,At Risk - Low Value
13056.0,28.730407086166522,551,1,209.48,1,1,1,3,Hibernating
14330.0,28.711503418190855,624,1,200.63,1,1,1,3,Hibernating
18028.0,28.709730319098,583,1,192.05,1,2,1,4,At Risk - Low Value
15558.0,28.645670993350244,639,1,202.68,1,1,1,3,Hibernating
17283.0,28.54761777256881,379,1,188.46,2,2,1,5,At Risk - Low Value
14363.0,28.52267405570344,402,2,227.47000000000003,2,2,1,5,At Risk - Low Value
14993.0,28.488963658051627,564,1,36.13,1,1,1,3,Hibernating
15451.0,28.400049280560005,434,2,226.86,1,2,1,4,At Risk - Low Value
13676.0,28.371091927475913,539,2,243.9,1,2,1,4,At Risk - Low Value
17916.0,28.247975638509693,629,2,43.87,1,3,1,5,At Risk - Low Value
17246.0,28.216410422270158,547,2,38.92,1,3,1,5,At Risk - Low Value
15688.0,28.081816846651698,419,1,190.57,1,1,1,3,Hibernating
13556.0,28.0814184761964,429,2,200.82,1,2,1,4,At Risk - Low Value
14728.0,28.079760367915895,413,1,190.58,1,1,1,3,Hibernating
13195.0,28.017318894170554,414,1,136.73,1,1,1,3,Hibernating
12496.0,27.967630556834884,620,2,45.34,1,2,1,4,At Risk - Low Value
13063.0,27.93841482690906,481,1,188.4,1,1,1,3,Hibernating
15072.0,27.93841482690906,479,1,187.51999999999998,1,1,1,3,Hibernating
15564.0,27.873425479359902,463,2,70.74000000000001,1,2,1,4,At Risk - Low Value
15566.0,27.76903084899417,393,2,227.87,2,2,1,5,At Risk - Low Value
15401.0,27.71509621047433,452,2,216.95000000000002,1,2,1,4,At Risk - Low Value
13766.0,27.712011540353828,495,1,190.35,1,1,1,3,Hibernating
17820.0,27.682588055438465,374,1,180.60999999999999,2,2,1,5,At Risk - Low Value
15459.0,27.630667128230684,417,2,202.82999999999998,1,2,1,4,At Risk - Low Value
15923.0,27.546872505050864,373,1,127.08,2,1,1,4,Hibernating
13547.0,27.514619557075985,408,1,167.08,2,1,1,4,Hibernating
17840.0,27.514619557075985,444,1,175.9,1,2,1,4,At Risk - Low Value
18021.0,27.45511774706425,510,2,216.41,1,3,1,5,At Risk - Low Value
13852.0,27.393957076511995,611,1,187.35000000000002,1,1,1,3,Hibernating
18046.0,27.38494433687271,650,1,189.63,1,2,1,4,At Risk - Low Value
16051.0,27.382887858136904,682,1,188.44,1,1,1,3,Hibernating
15591.0,27.365607180779815,583,3,217.9,1,3,1,5,At Risk - Low Value
14069.0,27.36233366448907,515,2,225.81,1,2,1,4,At Risk - Low Value
17327.0,27.3267450887641,410,2,152.35,2,3,1,6,At Risk - Low Value
16277.0,27.3170554332963,734,1,188.69,1,1,1,3,Hibernating
15741.0,27.296492118087215,458,2,208.62,1,2,1,4,At Risk - Low Value
17185.0,27.190981713196088,592,3,229.46,1,3,1,5,At Risk - Low Value
16237.0,27.1077291580834,437,1,136.65,1,1,1,3,Hibernating
16396.0,27.079174076629,476,1,137.8,1,1,1,3,Hibernating
16819.0,27.05196846450512,465,2,182.59,1,2,1,4,At Risk - Low Value
17352.0,27.047298898498568,696,1,36.25,1,2,1,4,At Risk - Low Value
18020.0,27.030669317036057,544,1,190.48000000000002,1,2,1,4,At Risk - Low Value
15086.0,26.99581392902799,565,2,218.53,1,2,1,4,At Risk - Low Value
12768.0,26.932832687608112,451,1,168.69000000000003,1,1,1,3,Hibernating
14617.0,26.87044834760336,403,2,190.47000000000003,2,2,1,5,At Risk - Low Value
16599.0,26.86429046901155,386,1,172.8,2,1,1,4,Hibernating
17036.0,26.86429046901155,383,1,176.9,2,2,1,5,At Risk - Low Value
14131.0,26.81774704729699,649,1,168.22,1,1,1,3,Hibernating
13747.0,26.80841548009506,374,2,169.79999999999998,2,2,1,5,At Risk - Low Value
17170.0,26.80841548009506,374,2,178.68,2,3,1,6,At Risk - Low Value
17273.0,26.803452224255697,424,1,141.12,1,2,1,4,At Risk - Low Value
14811.0,26.78909241983431,387,1,170.5,2,1,1,4,Hibernating
18107.0,26.77119939592687,442,1,165.88,1,2,1,4,At Risk - Low Value
13619.0,26.758606713262658,545,2,224.94,1,2,1,4,At Risk - Low Value
17826.0,26.747884336666836,374,1,133.34,2,2,1,5,At Risk - Low Value
15954.0,26.744034546468548,589,1,190.75,1,1,1,3,Hibernating
15560.0,26.73116095218202,398,2,153.52,2,2,1,5,At Risk - Low Value
12387.0,26.710870134730015,415,1,143.94,1,1,1,3,Hibernating
12661.0,26.710870134730015,436,1,162.0,1,1,1,3,Hibernating
17803.0,26.70889944661294,392,1,184.66,2,2,1,5,At Risk - Low Value
16640.0,26.70684296787713,398,1,179.4,2,1,1,4,Hibernating
12858.0,26.706684344183184,383,1,147.27,2,1,1,4,Hibernating
16695.0,26.703699933302904,562,2,191.9,1,2,1,4,At Risk - Low Value
15515.0,26.685222794210194,387,1,171.81,2,1,1,4,Hibernating
15509.0,26.64438439486926,380,1,152.41,2,1,1,4,Hibernating
16559.0,26.64101054303653,397,1,175.0,2,1,1,4,Hibernating
17983.0,26.64101054303653,395,1,171.71,2,2,1,5,At Risk - Low Value
17982.0,26.625460254745153,681,1,138.18,1,2,1,4,At Risk - Low Value
15283.0,26.608861613062334,390,3,148.33,2,3,1,6,At Risk - Low Value
18054.0,26.605029820988822,393,1,176.5,2,2,1,5,At Risk - Low Value
16312.0,26.605029820988822,432,1,171.15,1,1,1,3,Hibernating
15647.0,26.605029820988822,415,1,169.0,1,1,1,3,Hibernating
14945.0,26.605029820988822,414,1,179.4,1,1,1,3,Hibernating
13746.0,26.605029820988822,414,1,176.69,1,1,1,3,Hibernating
12636.0,26.601780418857963,739,1,141.0,1,1,1,3,Hibernating
15902.0,26.576495491292846,380,1,145.01,2,1,1,4,Hibernating
15166.0,26.565497426870298,468,1,167.16,1,1,1,3,Hibernating
18076.0,26.540514769245142,380,1,151.49,2,2,1,5,At Risk - Low Value
17484.0,26.53489968988136,576,2,209.57,1,3,1,5,At Risk - Low Value
17184.0,26.50721866711498,569,2,198.41000000000003,1,3,1,5,At Risk - Low Value
17938.0,26.486936893734843,420,1,144.29,1,2,1,4,At Risk - Low Value
17751.0,26.486936893734843,421,1,157.85999999999999,1,2,1,4,At Risk - Low Value
16662.0,26.486936893734843,394,1,151.05,2,1,1,4,Hibernating
14571.0,26.486936893734843,425,1,160.0,1,1,1,3,Hibernating
17390.0,26.484880414999033,421,1,149.3,1,2,1,4,At Risk - Low Value
17215.0,26.46368427998199,464,1,186.15,1,2,1,4,At Risk - Low Value
16487.0,26.45819708854707,577,2,209.4,1,2,1,4,At Risk - Low Value
16724.0,26.41904799015843,405,1,147.35,2,2,1,5,At Risk - Low Value
13839.0,26.414125788543313,486,1,139.95000000000002,1,1,1,3,Hibernating
17587.0,26.414009951871627,628,1,176.71,1,2,1,4,At Risk - Low Value
16002.0,26.414009951871627,625,1,169.21,1,1,1,3,Hibernating
14519.0,26.413815420510346,684,2,203.14,1,2,1,4,At Risk - Low Value
13907.0,26.410856648304417,692,1,136.8,1,1,1,3,Hibernating
16371.0,26.383067268110725,449,1,157.2,1,1,1,3,Hibernating
17149.0,26.383067268110725,451,1,143.10000000000002,1,2,1,4,At Risk - Low Value
15761.0,26.383067268110725,443,1,143.05,1,1,1,3,Hibernating
17202.0,26.383067268110725,421,1,160.65,1,2,1,4,At Risk - Low Value
13578.0,26.383067268110725,409,1,147.66,2,1,1,4,Hibernating
13257.0,26.383067268110725,436,1,149.75,1,1,1,3,Hibernating
13903.0,26.383067268110725,400,1,165.45000000000002,2,1,1,4,Hibernating
16687.0,26.383067268110725,391,1,157.63,2,2,1,5,At Risk - Low Value
13701.0,26.383067268110725,447,1,161.0,1,1,1,3,Hibernating
13714.0,26.34559135272801,465,1,161.35,1,1,1,3,Hibernating
16691.0,26.340470828910387,418,2,178.83,1,2,1,4,At Risk - Low Value
14707.0,26.332500418662544,436,2,139.2,1,2,1,4,At Risk - Low Value
16731.0,26.286117951064007,648,1,170.3,1,2,1,4,At Risk - Low Value
15848.0,26.286079587369535,622,1,137.99,1,1,1,3,Hibernating
18137.0,26.259598347784237,551,2,145.99,1,3,1,5,At Risk - Low Value
17798.0,26.244726160469234,582,1,178.07,1,2,1,4,At Risk - Low Value
14318.0,26.241721727103894,460,1,158.02,1,1,1,3,Hibernating
12959.0,26.241721727103894,484,1,150.95,1,1,1,3,Hibernating
14822.0,26.241721727103894,485,1,157.70000000000002,1,1,1,3,Hibernating
18063.0,26.2353044799038,391,2,186.60000000000002,2,3,1,6,At Risk - Low Value
16876.0,26.194206840718497,404,1,136.01,2,2,1,5,At Risk - Low Value
15702.0,26.19246638889549,476,2,140.39000000000001,1,2,1,4,At Risk - Low Value
15742.0,26.19204739899353,619,1,156.87,1,1,1,3,Hibernating
13653.0,26.18820053121515,488,1,152.2,1,1,1,3,Hibernating
12934.0,26.17736829586011,737,1,181.65,1,1,1,3,Hibernating
16375.0,26.15486150775552,470,2,104.0,1,2,1,4,At Risk - Low Value
15431.0,26.145140181205097,503,1,153.24,1,1,1,3,Hibernating
17559.0,26.094882035119827,513,1,167.62,1,2,1,4,At Risk - Low Value
14674.0,26.094882035119827,509,1,173.66,1,1,1,3,Hibernating
15499.0,26.064155398185903,724,1,158.65,1,1,1,3,Hibernating
16289.0,26.014418122661848,462,1,136.31,1,1,1,3,Hibernating
14879.0,26.01202693683396,685,1,185.06,1,1,1,3,Hibernating
16285.0,26.01202693683396,646,1,176.9,1,1,1,3,Hibernating
17875.0,26.01202693683396,688,1,167.1,1,2,1,4,At Risk - Low Value
14983.0,26.01202693683396,689,1,183.20000000000002,1,1,1,3,Hibernating
15209.0,26.009970458098152,730,1,178.98000000000002,1,1,1,3,Hibernating
16388.0,26.009970458098152,654,1,186.05,1,1,1,3,Hibernating
12467.0,25.99812896883649,423,1,132.8,1,1,1,3,Hibernating
15779.0,25.994290646040888,463,2,124.08000000000001,1,2,1,4,At Risk - Low Value
14858.0,25.99306888823152,506,1,180.75,1,1,1,3,Hibernating
14486.0,25.968201835568017,512,2,175.5,1,2,1,4,At Risk - Low Value
16267.0,25.963965964701924,591,1,186.66,1,1,1,3,Hibernating
16663.0,25.955405742982016,729,1,165.0,1,2,1,4,At Risk - Low Value
14207.0,25.955405742982016,688,1,157.8,1,1,1,3,Hibernating
16673.0,25.94413803325755,679,1,171.13,1,2,1,4,At Risk - Low Value
14516.0,25.93727591029147,516,1,151.17,1,1,1,3,Hibernating
15324.0,25.91212001565991,701,1,140.22000000000003,1,1,1,3,Hibernating
17108.0,25.908157311209838,664,1,174.95,1,2,1,4,At Risk - Low Value
16822.0,25.908157311209838,686,1,181.39,1,2,1,4,At Risk - Low Value
17575.0,25.908157311209838,667,1,171.7,1,2,1,4,At Risk - Low Value
18175.0,25.908157311209838,676,1,176.1,1,2,1,4,At Risk - Low Value
14119.0,25.905937328141544,376,2,183.37,2,2,1,5,At Risk - Low Value
17741.0,25.90150656346572,407,2,101.1,2,3,1,6,At Risk - Low Value
17570.0,25.891013864393678,382,1,100.0,2,2,1,5,At Risk - Low Value
14279.0,25.87882440050904,521,2,191.86,1,2,1,4,At Risk - Low Value
13779.0,25.87497596097754,516,1,161.13,1,1,1,3,Hibernating
13241.0,25.869679157179515,412,1,112.53,1,1,1,3,Hibernating
15693.0,25.85502387333108,659,1,37.5,1,1,1,3,Hibernating
15684.0,25.851819929937772,547,3,173.95,1,3,1,5,At Risk - Low Value
15403.0,25.828682800228503,492,2,170.88,1,2,1,4,At Risk - Low Value
13457.0,25.815943153682426,689,2,148.22,1,2,1,4,At Risk - Low Value
15583.0,25.80426596243339,376,1,95.96,2,1,1,4,Hibernating
17794.0,25.794426973675126,687,2,147.3,1,3,1,5,At Risk - Low Value
13022.0,25.79215824522828,430,1,65.3,1,1,1,3,Hibernating
14955.0,25.79006438395586,733,1,163.77,1,1,1,3,Hibernating
16645.0,25.78800790522005,736,1,160.39,1,1,1,3,Hibernating
17592.0,25.78800790522005,739,1,148.3,1,2,1,4,At Risk - Low Value
12964.0,25.77419572784132,437,1,132.24,1,1,1,3,Hibernating
14084.0,25.771106335353426,512,1,150.5,1,1,1,3,Hibernating
15846.0,25.753035644083877,385,1,107.01,2,1,1,4,Hibernating
16420.0,25.733566363259268,396,1,75.0,2,1,1,4,Hibernating
16058.0,25.733566363259268,406,1,62.7,2,1,1,4,Hibernating
13829.0,25.733566363259268,421,1,102.0,1,1,1,3,Hibernating
14906.0,25.733566363259268,445,1,68.44,1,1,1,3,Hibernating
14559.0,25.733566363259268,390,1,75.6,2,1,1,4,Hibernating
13105.0,25.733566363259268,436,1,72.0,1,1,1,3,Hibernating
13215.0,25.733566363259268,402,1,81.6,2,1,1,4,Hibernating
15635.0,25.733566363259268,396,1,100.35,2,1,1,4,Hibernating
14266.0,25.733566363259268,428,1,40.56,1,1,1,3,Hibernating
13535.0,25.733566363259268,403,1,89.5,2,1,1,4,Hibernating
13915.0,25.733566363259268,394,1,70.80000000000001,2,1,1,4,Hibernating
13172.0,25.733566363259268,400,1,69.6,2,1,1,4,Hibernating
15233.0,25.733566363259268,401,1,59.400000000000006,2,1,1,4,Hibernating
15686.0,25.733566363259268,420,1,90.0,1,1,1,3,Hibernating
17008.0,25.733566363259268,429,1,81.36,1,2,1,4,At Risk - Low Value
16786.0,25.733566363259268,394,1,51.839999999999996,2,2,1,5,At Risk - Low Value
13906.0,25.733566363259268,409,1,42.0,2,1,1,4,Hibernating
15816.0,25.723417605754236,542,2,144.14999999999998,1,2,1,4,At Risk - Low Value
17318.0,25.722175480379445,725,1,157.32999999999998,1,2,1,4,At Risk - Low Value
14980.0,25.722175480379445,737,1,150.68,1,1,1,3,Hibernating
17818.0,25.704435743633514,738,1,124.78,1,2,1,4,At Risk - Low Value
17959.0,25.700956665410924,592,1,140.75,1,2,1,4,At Risk - Low Value
16443.0,25.69597128445634,521,1,162.24,1,1,1,3,Hibernating
13490.0,25.686194758331744,654,1,154.25,1,1,1,3,Hibernating
15479.0,25.686194758331744,733,1,147.4,1,1,1,3,Hibernating
14574.0,25.686194758331744,733,1,143.70000000000002,1,1,1,3,Hibernating
15534.0,25.686194758331744,726,1,162.25,1,1,1,3,Hibernating
17487.0,25.686194758331744,728,1,160.55,1,2,1,4,At Risk - Low Value
17275.0,25.685146740507466,383,1,114.1,2,2,1,5,At Risk - Low Value
14721.0,25.685146740507466,379,1,109.07,2,1,1,4,Hibernating
17065.0,25.684685367766857,638,2,194.7,1,3,1,5,At Risk - Low Value
18038.0,25.681610395567503,556,1,141.48,1,2,1,4,At Risk - Low Value
16865.0,25.67490799458951,402,1,130.95,2,2,1,5,At Risk - Low Value
13702.0,25.670326102217203,446,1,135.18,1,1,1,3,Hibernating
13076.0,25.670326102217203,458,1,135.4,1,1,1,3,Hibernating
16886.0,25.670326102217203,456,1,134.0,1,2,1,4,At Risk - Low Value
17316.0,25.657888092263395,420,1,124.45,1,2,1,4,At Risk - Low Value
15161.0,25.657888092263395,388,1,119.92,2,1,1,4,Hibernating
17089.0,25.649166018459763,386,1,128.45,2,2,1,5,At Risk - Low Value
16821.0,25.649166018459763,382,1,113.35,2,2,1,5,At Risk - Low Value
16973.0,25.649166018459763,386,1,127.0,2,2,1,5,At Risk - Low Value
13254.0,25.638096387495345,376,1,51.410000000000004,2,1,1,4,Hibernating
15094.0,25.621882320687384,463,2,83.0,1,2,1,4,At Risk - Low Value
17532.0,25.621802879743406,386,1,65.34,2,2,1,5,At Risk - Low Value
17493.0,25.621802879743406,385,1,100.91000000000001,2,2,1,5,At Risk - Low Value
17762.0,25.609075569748907,456,1,129.75,1,2,1,4,At Risk - Low Value
12466.0,25.59551824390909,682,1,56.73,1,1,1,3,Hibernating
12404.0,25.59551824390909,682,1,63.24,1,1,1,3,Hibernating
12570.0,25.59551824390909,682,1,77.52,1,1,1,3,Hibernating
14086.0,25.592220822252433,463,1,39.95,1,1,1,3,Hibernating
17336.0,25.592220822252433,472,1,81.12,1,2,1,4,At Risk - Low Value
18234.0,25.585001139188932,552,1,179.6,1,2,1,4,At Risk - Low Value
17249.0,25.568225004233113,429,1,68.03,1,2,1,4,At Risk - Low Value
17922.0,25.555938770108995,543,1,170.4,1,2,1,4,At Risk - Low Value
18195.0,25.544548351830365,387,1,101.16,2,2,1,5,At Risk - Low Value
16090.0,25.540400937832185,624,1,180.56,1,1,1,3,Hibernating
14579.0,25.527699239373053,432,1,105.56,1,1,1,3,Hibernating
17208.0,25.527699239373053,396,1,111.15,2,2,1,5,At Risk - Low Value
18166.0,25.50442021578448,624,1,175.5,1,2,1,4,At Risk - Low Value
16741.0,25.50442021578448,625,1,173.06,1,2,1,4,At Risk - Low Value
17586.0,25.50442021578448,619,1,167.4,1,2,1,4,At Risk - Low Value
14812.0,25.50130599932013,599,1,178.85,1,1,1,3,Hibernating
17944.0,25.5003361006567,423,1,74.99,1,2,1,4,At Risk - Low Value
15685.0,25.5003361006567,450,1,55.980000000000004,1,1,1,3,Hibernating
13312.0,25.49171851732535,451,1,124.75,1,1,1,3,Hibernating
18256.0,25.49171851732535,388,1,110.7,2,2,1,5,At Risk - Low Value
13580.0,25.49171851732535,406,1,107.75,2,1,1,4,Hibernating
14444.0,25.49171851732535,456,1,120.44,1,1,1,3,Hibernating
14668.0,25.49171851732535,445,1,111.63,1,1,1,3,Hibernating
17280.0,25.49171851732535,438,1,118.85999999999999,1,2,1,4,At Risk - Low Value
17657.0,25.49171851732535,430,1,126.0,1,2,1,4,At Risk - Low Value
15328.0,25.49171851732535,408,1,107.24,2,1,1,4,Hibernating
17260.0,25.49171851732535,411,1,120.95,1,2,1,4,At Risk - Low Value
13968.0,25.49171851732535,423,1,123.66,1,1,1,3,Hibernating
13912.0,25.49171851732535,424,1,124.95,1,1,1,3,Hibernating
16630.0,25.49171851732535,407,1,106.80000000000001,2,1,1,4,Hibernating
12555.0,25.473236189191777,682,1,129.23,1,1,1,3,Hibernating
15131.0,25.464355378608996,395,1,80.28,2,1,1,4,Hibernating
16061.0,25.464355378608996,431,1,89.65,1,1,1,3,Hibernating
15170.0,25.464355378608996,407,1,81.15,2,1,1,4,Hibernating
13303.0,25.464355378608996,400,1,61.72,2,1,1,4,Hibernating
13818.0,25.464355378608996,430,1,61.28,1,1,1,3,Hibernating
16238.0,25.464355378608996,423,1,63.66,1,1,1,3,Hibernating
17467.0,25.464355378608996,395,1,102.6,2,2,1,5,At Risk - Low Value
15285.0,25.464355378608996,408,1,94.92,2,1,1,4,Hibernating
13380.0,25.464355378608996,433,1,62.4,1,1,1,3,Hibernating
13306.0,25.464355378608996,430,1,53.65,1,1,1,3,Hibernating
13125.0,25.462741021853773,524,1,148.62,1,1,1,3,Hibernating
13084.0,25.459013099254154,492,1,122.39999999999999,1,1,1,3,Hibernating
14787.0,25.452186123206822,471,1,110.65,1,1,1,3,Hibernating
14677.0,25.436949571270393,593,1,184.91,1,1,1,3,Hibernating
16288.0,25.43174930669437,470,1,129.85,1,1,1,3,Hibernating
14773.0,25.431745680760653,593,1,140.55,1,1,1,3,Hibernating
16219.0,25.4316499605378,501,1,40.8,1,1,1,3,Hibernating
17847.0,25.402458634614263,516,2,129.69,1,3,1,5,At Risk - Low Value
16291.0,25.391859858815923,682,1,117.72,1,1,1,3,Hibernating
16047.0,25.391859858815923,682,1,107.14,1,1,1,3,Hibernating
14845.0,25.38238485615426,600,1,150.0,1,1,1,3,Hibernating
17417.0,25.369956939278605,549,1,164.18,1,2,1,4,At Risk - Low Value
17953.0,25.369956939278605,540,1,159.17000000000002,1,2,1,4,At Risk - Low Value
17971.0,25.369956939278605,548,1,161.94,1,2,1,4,At Risk - Low Value
18124.0,25.358990559649865,472,1,102.65,1,2,1,4,At Risk - Low Value
16294.0,25.350372976318514,477,1,126.05000000000001,1,1,1,3,Hibernating
14187.0,25.350372976318514,474,1,123.5,1,1,1,3,Hibernating
14366.0,25.340941282126064,525,1,136.0,1,1,1,3,Hibernating
13609.0,25.335136424382085,593,1,167.35,1,1,1,3,Hibernating
14941.0,25.335136424382085,579,1,182.1,1,1,1,3,Hibernating
13007.0,25.335136424382085,580,1,175.25,1,1,1,3,Hibernating
15991.0,25.3339762172309,534,1,150.55,1,1,1,3,Hibernating
12568.0,25.32630725925882,645,1,70.0,1,1,1,3,Hibernating
12776.0,25.32630725925882,668,1,55.5,1,1,1,3,Hibernating
17599.0,25.32300983760216,478,1,52.05,1,2,1,4,At Risk - Low Value
14604.0,25.31843838495409,633,1,143.85999999999999,1,1,1,3,Hibernating
15496.0,25.31843838495409,631,1,146.14000000000001,1,1,1,3,Hibernating
13051.0,25.309608352276637,579,2,155.8,1,2,1,4,At Risk - Low Value
12954.0,25.282457662906385,639,1,162.45,1,1,1,3,Hibernating
16578.0,25.282457662906385,626,1,156.6,1,1,1,3,Hibernating
16507.0,25.279343446442034,572,1,142.71,1,1,1,3,Hibernating
16196.0,25.26948864171342,489,1,93.3,1,1,1,3,Hibernating
14190.0,25.267715377289804,666,1,79.9,1,1,1,3,Hibernating
14380.0,25.267715377289804,682,1,48.96,1,1,1,3,Hibernating
14613.0,25.267715377289804,680,1,76.32000000000001,1,1,1,3,Hibernating
16605.0,25.267715377289804,724,1,60.48,1,1,1,3,Hibernating
15371.0,25.267715377289804,662,1,59.400000000000006,1,1,1,3,Hibernating
16840.0,25.219419697148652,603,2,139.85,1,3,1,5,At Risk - Low Value
14814.0,25.217043497128106,581,1,154.21,1,1,1,3,Hibernating
17605.0,25.214987018392296,590,1,160.75,1,2,1,4,At Risk - Low Value
14833.0,25.16243897588753,499,1,94.8,1,1,1,3,Hibernating
17224.0,25.16243897588753,501,1,100.86,1,2,1,4,At Risk - Low Value
14435.0,25.16243897588753,502,1,90.42,1,1,1,3,Hibernating
14384.0,25.16243897588753,501,1,58.5,1,1,1,3,Hibernating
17494.0,25.16243897588753,502,1,54.699999999999996,1,2,1,4,At Risk - Low Value
15474.0,25.149154593551692,596,1,150.35,1,1,1,3,Hibernating
14683.0,25.149154593551692,588,1,146.56,1,1,1,3,Hibernating
12894.0,25.149154593551692,575,1,157.35,1,1,1,3,Hibernating
15548.0,25.149154593551692,596,1,158.09,1,1,1,3,Hibernating
16165.0,25.121605430501962,505,1,79.9,1,1,1,3,Hibernating
13830.0,25.11317387150399,582,1,156.85000000000002,1,1,1,3,Hibernating
15229.0,25.11317387150399,586,1,160.5,1,1,1,3,Hibernating
15924.0,25.100317539527843,731,1,102.82,1,1,1,3,Hibernating
12860.0,25.03448511468724,693,1,54.22,1,1,1,3,Hibernating
14464.0,25.023489394101215,568,2,111.0,1,2,1,4,At Risk - Low Value
14347.0,24.998504392639532,737,1,82.6,1,1,1,3,Hibernating
17606.0,24.998504392639532,737,1,87.30000000000001,1,2,1,4,At Risk - Low Value
15672.0,24.998504392639532,725,1,45.300000000000004,1,1,1,3,Hibernating
15375.0,24.998504392639532,690,1,60.959999999999994,1,1,1,3,Hibernating
16459.0,24.998504392639532,730,1,71.78999999999999,1,1,1,3,Hibernating
13392.0,24.998504392639532,677,1,91.14,1,1,1,3,Hibernating
15833.0,24.998504392639532,738,1,80.4,1,1,1,3,Hibernating
16694.0,24.998504392639532,723,1,98.30000000000001,1,2,1,4,At Risk - Low Value
16530.0,24.998504392639532,668,1,48.349999999999994,1,1,1,3,Hibernating
14717.0,24.998504392639532,733,1,81.3,1,1,1,3,Hibernating
13469.0,24.998504392639532,653,1,82.4,1,1,1,3,Hibernating
12992.0,24.998504392639532,725,1,93.35000000000001,1,1,1,3,Hibernating
16867.0,24.998504392639532,690,1,76.74000000000001,1,2,1,4,At Risk - Low Value
15082.0,24.998504392639532,669,1,93.35000000000001,1,1,1,3,Hibernating
13793.0,24.998504392639532,647,1,96.0,1,1,1,3,Hibernating
17541.0,24.983627210192168,510,1,119.86,1,2,1,4,At Risk - Low Value
17177.0,24.983627210192168,505,1,119.5,1,2,1,4,At Risk - Low Value
13119.0,24.973453592438222,669,1,134.9,1,1,1,3,Hibernating
14750.0,24.96101558248441,736,1,112.03,1,1,1,3,Hibernating
15892.0,24.96101558248441,669,1,128.2,1,1,1,3,Hibernating
14751.0,24.93330073897323,684,2,126.45,1,2,1,4,At Risk - Low Value
16251.0,24.915738306615754,512,1,128.31,1,1,1,3,Hibernating
14726.0,24.896659154434676,655,1,116.5,1,1,1,3,Hibernating
15927.0,24.896659154434676,647,1,106.54,1,1,1,3,Hibernating
18012.0,24.896659154434676,723,1,115.3,1,2,1,4,At Risk - Low Value
16410.0,24.876222337922226,734,1,130.32,1,1,1,3,Hibernating
15409.0,24.876222337922226,721,1,131.25,1,1,1,3,Hibernating
15317.0,24.876222337922226,677,1,129.75,1,1,1,3,Hibernating
15250.0,24.870102068456003,641,1,60.0,1,1,1,3,Hibernating
14391.0,24.859957016062015,577,1,135.6,1,1,1,3,Hibernating
14007.0,24.85239444585169,513,1,79.48,1,1,1,3,Hibernating
13913.0,24.85239444585169,507,1,42.22,1,1,1,3,Hibernating
17395.0,24.85239444585169,508,1,97.5,1,2,1,4,At Risk - Low Value
15875.0,24.830826729594072,646,1,108.52,1,1,1,3,Hibernating
16064.0,24.830826729594072,725,1,109.31,1,1,1,3,Hibernating
16082.0,24.830826729594072,670,1,106.75,1,1,1,3,Hibernating
12692.0,24.8207249256286,637,1,110.95,1,1,1,3,Hibernating
14637.0,24.794846007546365,677,1,106.67999999999999,1,1,1,3,Hibernating
17909.0,24.794846007546365,737,1,110.05,1,2,1,4,At Risk - Low Value
14884.0,24.794846007546365,669,1,120.6,1,1,1,3,Hibernating
17328.0,24.794846007546365,673,1,104.7,1,2,1,4,At Risk - Low Value
17056.0,24.794846007546365,738,1,128.60000000000002,1,2,1,4,At Risk - Low Value
18148.0,24.794846007546365,647,1,112.85000000000001,1,2,1,4,At Risk - Low Value
14943.0,24.794846007546365,663,1,107.62,1,1,1,3,Hibernating
15642.0,24.794846007546365,730,1,105.78000000000002,1,1,1,3,Hibernating
16301.0,24.794846007546365,737,1,107.33,1,1,1,3,Hibernating
15486.0,24.777259394954605,527,1,102.0,1,1,1,3,Hibernating
17583.0,24.758143869173708,560,1,135.95,1,2,1,4,At Risk - Low Value
16651.0,24.758143869173708,587,1,136.2,1,1,1,3,Hibernating
12774.0,24.74306719434845,536,1,98.7,1,1,1,3,Hibernating
13438.0,24.684475312379437,547,1,46.5,1,1,1,3,Hibernating
14033.0,24.637031194551614,555,1,109.44,1,1,1,3,Hibernating
15698.0,24.63295675805492,624,1,46.2,1,1,1,3,Hibernating
16970.0,24.63295675805492,626,1,71.4,1,2,1,4,At Risk - Low Value
15926.0,24.621235051337372,542,1,134.44,1,1,1,3,Hibernating
16486.0,24.621235051337372,538,1,134.36,1,1,1,3,Hibernating
15352.0,24.608797041383564,549,1,111.15,1,1,1,3,Hibernating
13071.0,24.57429838938517,612,1,129.22,1,1,1,3,Hibernating
12773.0,24.54962798733789,564,1,124.25,1,1,1,3,Hibernating
16547.0,24.546497092069636,546,1,104.25999999999999,1,1,1,3,Hibernating
14509.0,24.546497092069636,534,1,110.95,1,1,1,3,Hibernating
13620.0,24.53541154902069,528,1,112.34,1,1,1,3,Hibernating
15851.0,24.53541154902069,527,1,109.73,1,1,1,3,Hibernating
15056.0,24.53541154902069,520,1,113.64999999999999,1,1,1,3,Hibernating
17933.0,24.492922059009317,632,1,114.69,1,2,1,4,At Risk - Low Value
15905.0,24.478608188493222,543,1,114.69,1,1,1,3,Hibernating
13586.0,24.478608188493222,541,1,127.28,1,1,1,3,Hibernating
16925.0,24.478608188493222,540,1,125.65,1,2,1,4,At Risk - Low Value
14378.0,24.472485242496862,622,1,131.25,1,1,1,3,Hibernating
17543.0,24.469633356789647,550,1,120.05,1,2,1,4,At Risk - Low Value
15455.0,24.463672966652524,598,1,38.25,1,1,1,3,Hibernating
13222.0,24.463672966652524,577,1,88.5,1,1,1,3,Hibernating
17192.0,24.45124504977687,536,1,75.28,1,2,1,4,At Risk - Low Value
17401.0,24.44262746644552,541,1,114.85,1,2,1,4,At Risk - Low Value
14374.0,24.44262746644552,541,1,108.0,1,1,1,3,Hibernating
13794.0,24.44262746644552,547,1,126.03,1,1,1,3,Hibernating
17304.0,24.44262746644552,534,1,111.5,1,2,1,4,At Risk - Low Value
14874.0,24.44262746644552,535,1,116.18,1,1,1,3,Hibernating
18103.0,24.44262746644552,549,1,105.8,1,2,1,4,At Risk - Low Value
17216.0,24.442270218073293,554,1,63.6,1,2,1,4,At Risk - Low Value
14588.0,24.436413427658163,578,1,135.39,1,1,1,3,Hibernating
13053.0,24.427089634168713,622,1,127.65,1,1,1,3,Hibernating
17565.0,24.40707107671858,587,1,131.83,1,2,1,4,At Risk - Low Value
17784.0,24.403800931949046,550,1,112.86,1,2,1,4,At Risk - Low Value
16896.0,24.403800931949046,555,1,103.95,1,2,1,4,At Risk - Low Value
17199.0,24.40043270561046,582,1,135.04000000000002,1,2,1,4,At Risk - Low Value
16397.0,24.391108912121002,628,1,123.13,1,1,1,3,Hibernating
16068.0,24.38799469565665,594,1,115.73,1,1,1,3,Hibernating
15731.0,24.367820209901343,554,1,125.3,1,1,1,3,Hibernating
13219.0,24.36374577340465,618,1,76.23,1,1,1,3,Hibernating
16944.0,24.36374577340465,610,1,101.36,1,2,1,4,At Risk - Low Value
12861.0,24.36374577340465,620,1,68.25,1,1,1,3,Hibernating
15305.0,24.340457071184986,555,1,93.6,1,1,1,3,Hibernating
14786.0,24.340457071184986,550,1,90.96,1,1,1,3,Hibernating
17225.0,24.303201451094463,582,1,131.15,1,2,1,4,At Risk - Low Value
17240.0,24.303201451094463,596,1,130.6,1,2,1,4,At Risk - Low Value
14999.0,24.303201451094463,593,1,129.48000000000002,1,1,1,3,Hibernating
15340.0,24.221825120718606,562,1,105.5,1,1,1,3,Hibernating
12969.0,24.221825120718606,603,1,122.45,1,1,1,3,Hibernating
18000.0,24.221825120718606,564,1,124.25,1,2,1,4,At Risk - Low Value
16664.0,24.221825120718606,569,1,109.2,1,2,1,4,At Risk - Low Value
15470.0,24.194461982002252,576,1,63.419999999999995,1,1,1,3,Hibernating
14650.0,24.194461982002252,589,1,62.5,1,1,1,3,Hibernating
16028.0,24.194461982002252,596,1,82.2,1,1,1,3,Hibernating
13180.0,24.194461982002252,607,1,86.10000000000001,1,1,1,3,Hibernating
16831.0,24.194461982002252,565,1,91.8,1,2,1,4,At Risk - Low Value
15868.0,24.194461982002252,583,1,94.53,1,1,1,3,Hibernating
16564.0,24.194461982002252,569,1,87.8,1,1,1,3,Hibernating
14394.0,24.194461982002252,565,1,93.8,1,1,1,3,Hibernating
14743.0,24.194461982002252,593,1,50.48,1,1,1,3,Hibernating
